frame,archivo,id,x,y,z,largo,ancho,alto,volumen
0,pointcloud_1727346186_488981170.csv,0,-33.5538635,2.4435017500000002,1.9865243000000001,8.762383,2.4575101,1.7782836000000002,38.29292725836976
0,pointcloud_1727346186_488981170.csv,1,-17.250834,2.055469855,1.36228105,12.273972,2.15737459,0.5284181000000001,13.992276306374146
0,pointcloud_1727346186_488981170.csv,2,-33.2500175,1.415207825,1.8786050250000002,0.9607949999999974,0.8172768499999998,0.62424255,0.49017741779696283
0,pointcloud_1727346186_488981170.csv,3,-9.6582175,1.84407185,1.99186445,0.861917,1.7311562999999999,1.7689529000000002,2.639477697420938
0,pointcloud_1727346186_488981170.csv,4,-37.5887165,1.3953016,2.0075297500000002,0.4579430000000002,0.7291126000000001,0.5524359000000001,0.18445393381051506
0,pointcloud_1727346186_488981170.csv,5,-53.038478,2.2417116999999998,1.9285974499999998,1.220723999999997,2.5070326,1.6598043,5.079656554305165
0,pointcloud_1727346186_488981170.csv,6,-53.792051,2.1856835,2.2229690499999997,0.7030299999999983,1.8467478000000002,0.4573478999999998,0.593783516583056
1,pointcloud_1727346186_538003836.csv,1,-17.15702075,2.06328735,1.3211054500000001,12.2924045,2.1529181,0.45301250000000004,11.988767490430625
1,pointcloud_1727346186_538003836.csv,2,-33.1044335,1.41305255,1.85897445,0.9602469999999954,0.8186331,0.6098490000000001,0.47939618722244004
1,pointcloud_1727346186_538003836.csv,0,-33.417094,2.456909675,1.88823915,8.756771999999998,2.4593801500000003,1.5873713,34.1859953724054
1,pointcloud_1727346186_538003836.csv,4,-37.439853,1.38548455,1.9793625000000001,0.4385740000000027,0.7786753000000001,0.5961217999999999,0.20357961317028894
1,pointcloud_1727346186_538003836.csv,5,-52.936439500000006,2.218001835,1.880039,1.2376250000000013,2.47643373,1.5698514000000001,4.811431739703817
1,pointcloud_1727346186_538003836.csv,6,-53.9370185,2.02901715,2.15846725,0.39239700000000255,0.8104636999999999,0.33317090000000005,0.10595618387513954
1,pointcloud_1727346186_538003836.csv,3,-9.552435,1.8476485,1.8842077,0.749550000000001,1.6714198,1.5239791999999999,1.909260513196772
1,pointcloud_1727346186_538003836.csv,7,-8.179179999999999,2.65401825,2.2310855,0.4875600000000002,0.3091122999999998,0.5410341999999999,0.08153969331562816
2,pointcloud_1727346186_586942416.csv,1,-16.98626975,2.0685372,1.37541625,12.376874500000001,2.1327347999999997,0.5427960999999999,14.327966627133723
2,pointcloud_1727346186_586942416.csv,0,-33.29863225,2.47691845,1.8957236749999997,8.738107500000005,2.4103293,1.5836541499999999,33.3544747948756
2,pointcloud_1727346186_586942416.csv,4,-37.072055500000005,1.39770675,2.02950645,0.8442989999999995,0.7725976999999999,0.4682326999999997,0.3054298128761807
2,pointcloud_1727346186_586942416.csv,3,-9.2632835,1.81769955,1.9842054500000001,0.8969169999999984,1.6353904999999997,1.7497935000000002,2.5666138007346357
2,pointcloud_1727346186_586942416.csv,5,-52.8169475,2.2489941499999997,1.9882996,1.2894149999999982,2.4473605,1.7665058,5.574497591380758
2,pointcloud_1727346186_586942416.csv,2,-32.9650275,1.442367375,1.823143,1.0033090000000016,0.7601491499999999,0.7501746,0.572131523871839
2,pointcloud_1727346186_586942416.csv,6,-53.715517,2.3533246500000002,2.2490961,0.279674,1.5539403,0.6260617999999998,0.27208439193936385
3,pointcloud_1727346186_638212608.csv,0,-33.1816185,2.426585075,1.920485075,8.750642999999997,2.52910775,1.62062075,35.86647484291597
3,pointcloud_1727346186_638212608.csv,2,-32.7990925,1.45650115,1.8426641,0.9961449999999985,0.7907913,0.6309744000000002,0.4970455402931247
3,pointcloud_1727346186_638212608.csv,3,-9.261510000000001,1.8454396000000002,1.8962413999999999,0.7086279999999991,1.6586082,1.5575042,1.8305910859005883
3,pointcloud_1727346186_638212608.csv,5,-52.610904000000005,2.2453146999999998,1.9398296,1.1358279999999965,2.4760906,1.6468758,4.6316949653268304
3,pointcloud_1727346186_638212608.csv,1,-16.901559499999998,2.07263135,1.3729415,12.356784999999999,2.1274881,0.5257806,13.822200472443607
3,pointcloud_1727346186_638212608.csv,4,-36.972355,1.4150963,1.96348345,0.9678700000000049,0.7477966,0.5850833,0.42346567874884583
3,pointcloud_1727346186_638212608.csv,6,-53.6036765,1.9657776,2.1046233,0.2621469999999988,0.7537570000000002,0.2850418000000001,0.05632287331621125
4,pointcloud_1727346186_688448845.csv,0,-33.04112725,2.48717925,1.99330755,8.733937500000003,2.3705263,1.7718190999999999,36.68379322529066
4,pointcloud_1727346186_688448845.csv,2,-32.6438945,1.41577545,1.83532025,1.076469000000003,0.8121427000000001,0.7004618999999999,0.612376322519106
4,pointcloud_1727346186_688448845.csv,5,-52.5007265,2.26238645,1.99419165,1.1515069999999952,2.4634773,1.7628479000000001,5.0006906555810495
4,pointcloud_1727346186_688448845.csv,1,-16.797577,2.0771568,1.3305623500000001,12.326526000000001,2.132441,0.44729949999999996,11.757531009229076
4,pointcloud_1727346186_688448845.csv,4,-36.8641065,1.4232996500000001,2.00511405,0.796007000000003,0.7773659000000002,0.5130718999999999,0.3174830929615315
4,pointcloud_1727346186_688448845.csv,3,-9.1758795,1.8661948,1.9907450500000001,0.7908390000000001,1.6363884,1.7629623,2.2814843589094056
4,pointcloud_1727346186_688448845.csv,6,-53.264063,1.70763025,2.18037605,0.7198139999999995,1.3104231,0.3754483000000002,0.35414569884724284
5,pointcloud_1727346186_738318465.csv,0,-32.931469,2.485069325,1.9924352500000002,8.715034000000003,2.3742170499999995,1.7593169000000002,36.40269858960949
5,pointcloud_1727346186_738318465.csv,8,-19.632536,2.073860075,1.1511879,6.432559999999999,2.07488655,0.07703680000000013,1.0281972448331569
5,pointcloud_1727346186_738318465.csv,3,-9.116786000000001,1.8551296000000002,2.0036929,0.7862039999999997,1.6407082,1.7458302,2.2520011061855336
5,pointcloud_1727346186_738318465.csv,2,-32.50308375,1.4453025,1.80626295,1.027572499999998,0.7983566,0.7271433000000003,0.5965260308248713
5,pointcloud_1727346186_738318465.csv,5,-52.3216095,2.28962575,1.99131585,1.0724330000000037,2.4295699,1.7410269,4.536334269882834
5,pointcloud_1727346186_738318465.csv,9,-13.82190125,1.6957091499999999,1.270298,6.695247500000001,1.3165791,0.30819320000000006,2.71666848556045
5,pointcloud_1727346186_738318465.csv,4,-36.69561,1.4272502999999999,2.014035925,0.8421599999999998,0.7510092000000002,0.4490380500000002,0.28400305411452265
5,pointcloud_1727346186_738318465.csv,6,-53.1711765,1.9121164,2.16953205,0.6093529999999987,0.9223854000000002,0.4618411,0.2595816284529822
6,pointcloud_1727346186_789278730.csv,0,-32.789591,2.478240225,1.9980921999999999,8.708202,2.3883012500000005,1.765213,36.712564092540426
6,pointcloud_1727346186_789278730.csv,9,-12.495150500000001,1.7475353500000002,1.3824768,4.265172999999999,1.3881147000000003,0.5170154,3.0610151849002083
6,pointcloud_1727346186_789278730.csv,5,-52.3700025,2.2573067,1.9917533499999998,1.4318250000000035,2.4248801999999996,1.7453389,6.059823803363841
6,pointcloud_1727346186_789278730.csv,8,-19.4460115,2.06079985,1.15640685,6.385283000000001,2.0488157000000005,0.0812854999999999,1.0633987003377328
6,pointcloud_1727346186_789278730.csv,2,-32.33224525,1.4513505,1.78828185,1.0150935000000025,0.8018526000000001,0.7576092999999999,0.6166601522013028
6,pointcloud_1727346186_789278730.csv,1,-15.95401175,1.69279195,1.1720142500000001,2.434436500000002,1.3145536999999998,0.07918930000000013,0.25342140055907175
6,pointcloud_1727346186_789278730.csv,4,-36.579183,1.4493147,2.0131712,0.9459659999999985,0.7662504000000001,0.4609880000000002,0.3341456885717194
6,pointcloud_1727346186_789278730.csv,3,-8.9339575,1.8518096000000002,2.01219345,0.6934110000000011,1.5799572000000002,1.7207647,1.8852004619599536
6,pointcloud_1727346186_789278730.csv,6,-53.0152825,2.2142836,2.1877091,0.7175149999999988,1.827224,0.44506979999999996,0.5835134916520585
7,pointcloud_1727346186_838301348.csv,0,-32.670893,2.4897427,1.91229965,8.719402000000002,2.3781026,1.5781737,32.72442996954296
7,pointcloud_1727346186_838301348.csv,2,-32.174088499999996,1.440133775,1.7965417750000001,1.087972999999998,0.7721141500000002,0.7701113499999999,0.6469238364322333
7,pointcloud_1727346186_838301348.csv,1,-16.364067,2.071934925,1.34962105,12.189708,2.0790100500000004,0.4556861000000001,11.548236581250661
7,pointcloud_1727346186_838301348.csv,4,-36.465664,1.4375070499999998,1.99399615,0.9254379999999998,0.7584617,0.5104255000000002,0.35827239454764337
7,pointcloud_1727346186_838301348.csv,3,-8.8889125,1.8410982000000002,2.00334935,0.832535,1.6140836,1.7151832999999999,2.3048308842968734
7,pointcloud_1727346186_838301348.csv,5,-52.406904499999996,2.264224,1.97042725,1.7338370000000012,2.4364160000000004,1.6965898999999998,7.166986504101649
8,pointcloud_1727346186_887269654.csv,0,-32.561729,2.4875778,1.897165525,8.697357999999994,2.3591292,1.54667515,31.734976483933064
8,pointcloud_1727346186_887269654.csv,5,-51.934124,2.2785743,1.9747236,1.0689020000000014,2.4326474,1.6866728,4.385790633619352
8,pointcloud_1727346186_887269654.csv,9,-12.373550999999999,1.6889889,1.29012635,4.37298,1.2695470000000002,0.3259067,1.8093374127099429
8,pointcloud_1727346186_887269654.csv,2,-31.946815,1.4563679999999999,1.7955255749999999,1.2500299999999989,0.7841886,0.7611503499999999,0.7461246907578324
8,pointcloud_1727346186_887269654.csv,4,-36.28973325,1.441872,2.00375965,0.8641964999999985,0.7714129999999999,0.4986004999999998,0.33239322727294024
8,pointcloud_1727346186_887269654.csv,3,-8.7434255,1.90480055,2.0060079,0.7873649999999994,1.6629975000000001,1.7487016,2.2897254397112023
8,pointcloud_1727346186_887269654.csv,8,-19.286786999999997,2.0840588,1.1578274,6.178675999999999,1.9889636000000002,0.0680714,0.8365404390357026
8,pointcloud_1727346186_887269654.csv,6,-53.0245485,1.9898327500000001,2.1268902,0.21398299999999892,0.6867335000000001,0.24008079999999987,0.035279704190317875
8,pointcloud_1727346186_887269654.csv,1,-15.459449,1.7036987,1.17242815,2.001541999999999,1.2764026,0.05959989999999982,0.15226423992608648
9,pointcloud_1727346186_936946076.csv,0,-32.446889999999996,2.471020025,1.90909745,8.72956,2.3933871499999997,1.5688329,32.77796579152718
9,pointcloud_1727346186_936946076.csv,5,-52.122219,2.2854612000000003,1.88744975,1.7313919999999996,2.4377532,1.4691935000000003,6.201034391325679
9,pointcloud_1727346186_936946076.csv,2,-31.805491000000004,1.46161665,1.7790507583333333,1.2126580000000047,0.7820871,0.788908916666667,0.7482045130318873
9,pointcloud_1727346186_936946076.csv,8,-18.99808,2.07020355,1.15671495,6.471022000000001,2.0167703,0.06387330000000002,0.8335826521527857
9,pointcloud_1727346186_936946076.csv,4,-36.183045,1.4530159,1.9739268,0.882630000000006,0.7697074000000002,0.5200123999999999,0.35327918222908894
9,pointcloud_1727346186_936946076.csv,3,-8.680999,1.8587637,1.9344375500000002,0.8454879999999996,1.5965314,1.6005845000000003,2.160546010755138
9,pointcloud_1727346186_936946076.csv,9,-12.9048295,1.7665541,1.38156865,5.6922609999999985,1.4033541999999999,0.49944349999999993,3.9896837251336006
10,pointcloud_1727346186_987057480.csv,8,-19.060346,2.0422506,1.1555445500000001,6.079096,1.9135208,0.06621410000000005,0.7702339715678697
10,pointcloud_1727346186_987057480.csv,0,-32.325412,2.4859606,1.9629507,8.741632,2.3766220000000002,1.6829166000000002,34.96352626103511
10,pointcloud_1727346186_987057480.csv,4,-36.054689999999994,1.43429685,1.97070905,0.8559100000000015,0.7325879,0.5136818999999999,0.32209360705399803
10,pointcloud_1727346186_987057480.csv,5,-51.8336075,2.2990962,1.9958112,1.3856949999999983,2.4299142,1.738729,5.854509116356237
10,pointcloud_1727346186_987057480.csv,3,-8.661160500000001,1.86690925,2.0241938,0.6037769999999991,1.5615614999999998,1.7154504,1.6173865368491005
10,pointcloud_1727346186_987057480.csv,2,-31.64461875,1.4838494999999998,1.8008311,1.1799524999999988,0.8233699999999999,0.7465644000000002,0.7253153032433631
10,pointcloud_1727346186_987057480.csv,9,-11.995197999999998,1.7029994499999999,1.2961235,4.078058,1.2577211,0.3398066000000002,1.7428883017066863
10,pointcloud_1727346186_987057480.csv,1,-14.830781,1.70464005,1.17015625,1.7806500000000014,1.2468316999999998,0.0919023000000001,0.20403880903399307
10,pointcloud_1727346186_987057480.csv,6,-52.781515,2.0164922499999998,2.1146264,0.3511099999999985,0.7939922999999998,0.33128080000000004,0.09235400970705859
11,pointcloud_1727346187_138756258.csv,8,-18.1087295,2.0316625999999998,1.1528759,5.647173,1.9059002,0.05735400000000013,0.6172981282028213
11,pointcloud_1727346187_138756258.csv,0,-31.942545,2.4570365499999998,1.9131767499999999,8.718043999999999,2.4226809,1.5770544999999998,33.30902910152797
11,pointcloud_1727346187_138756258.csv,4,-35.6670815,1.449458,1.93996595,0.9090309999999988,0.7391612000000001,0.5518182999999999,0.3707779975832342
11,pointcloud_1727346187_138756258.csv,2,-31.23198,1.448372725,1.79163425,1.1482400000000013,0.7429682500000001,0.7594111000000001,0.6478580621258564
11,pointcloud_1727346187_138756258.csv,9,-11.63646,1.7541744000000001,1.30737285,3.9948180000000004,1.3409432000000001,0.3541379,1.8970544134815701
11,pointcloud_1727346187_138756258.csv,5,-51.2609845,2.2931045500000002,1.9555988499999999,0.9980350000000016,2.4289305,1.6281652999999998,3.9469293700116994
11,pointcloud_1727346187_138756258.csv,6,-52.166269,1.79394825,2.1540618,0.5895119999999991,1.2059395,0.41517840000000006,0.29515688708734344
11,pointcloud_1727346187_138756258.csv,3,-8.1501485,1.86178925,1.8605399,0.901249,1.5696654999999997,1.4472284000000002,2.047335350038315
11,pointcloud_1727346187_138756258.csv,1,-14.3569865,1.7024424,1.1832633000000001,1.045299,1.21625,0.03145319999999985,0.039987865683895306
12,pointcloud_1727346187_188181141.csv,4,-35.522909,1.46255745,1.93865465,0.9147299999999987,0.7515195000000001,0.5875811,0.4039252426138162
12,pointcloud_1727346187_188181141.csv,0,-31.8211685,2.47290945,1.9374534166666668,8.696087000000002,2.3639465,1.6139730333333335,33.17857990969226
12,pointcloud_1727346187_188181141.csv,6,-52.163382999999996,2.0030769,2.1007035,0.2756340000000037,0.6990482,0.26716760000000006,0.051478240977481556
12,pointcloud_1727346187_188181141.csv,8,-18.0301915,2.03497315,1.1553361500000001,4.545963,1.9164105000000002,0.04998629999999982,0.43547720783277993
12,pointcloud_1727346187_188181141.csv,5,-51.2184715,2.2957183,1.93107105,1.144492999999997,2.4364388000000003,1.5558677,4.338517090928033
12,pointcloud_1727346187_188181141.csv,2,-31.0669775,1.4535538,1.78552985,1.1671130000000005,0.7626068000000001,0.7686639,0.6841480052824525
12,pointcloud_1727346187_188181141.csv,9,-11.6237365,1.6975651,1.302979,4.126269000000001,1.2476378000000001,0.3338927999999999,1.718909910081165
12,pointcloud_1727346187_188181141.csv,3,-8.324867999999999,1.8772221,1.9354987499999998,0.4764379999999999,1.5145005999999999,1.5920944999999997,1.1488006818382608
12,pointcloud_1727346187_188181141.csv,1,-14.2983815,1.70244325,1.1751060500000001,1.0283049999999996,1.2140535000000001,0.046678499999999845,0.058274246206014214
13,pointcloud_1727346187_237884728.csv,9,-12.361195500000001,1.70856415,1.2421601,2.0185329999999997,1.2245581,0.20912979999999992,0.5169293265302631
13,pointcloud_1727346187_237884728.csv,3,-7.9585045,1.8492075000000001,2.0385437,0.7161270000000002,1.5163014000000001,1.6672516,1.8104091127300588
13,pointcloud_1727346187_237884728.csv,0,-31.682876999999998,2.448519375,1.9374449,8.662474,2.40390995,1.6029782,33.38010936766453
13,pointcloud_1727346187_237884728.csv,2,-30.9142675,1.46422945,1.7921621500000002,1.2038410000000006,0.7699125,0.7860923000000002,0.7285914043164157
13,pointcloud_1727346187_237884728.csv,4,-35.4320625,1.4326957500000002,1.9185212000000003,0.8775750000000002,0.6897743000000001,0.5622792000000001,0.3403637266710704
13,pointcloud_1727346187_237884728.csv,5,-51.1648765,2.28848385,2.00886655,1.316952999999998,2.3884290999999997,1.7387880999999998,5.469269061762419
13,pointcloud_1727346187_237884728.csv,10,-17.0398575,2.22977335,1.1900542,3.4734809999999996,1.5300932999999999,0.10757780000000006,0.5717491131715093
13,pointcloud_1727346187_237884728.csv,11,-10.2657445,1.69319585,1.30089185,1.7047749999999997,1.2125273000000003,0.3167762999999999,0.6548039270416556
13,pointcloud_1727346187_237884728.csv,6,-52.0517615,2.09643005,2.12427335,0.2639689999999959,0.7270178999999999,0.2630167000000001,0.05047558435600088
13,pointcloud_1727346187_237884728.csv,1,-14.0790545,1.8770612500000001,1.18222975,0.9020709999999994,0.8316229000000002,0.08954189999999995,0.06717280230537097
13,pointcloud_1727346187_237884728.csv,8,-18.160341,1.42195485,1.1553306499999998,1.6380419999999987,0.6825967000000002,0.036614499999999994,0.040939480299930296
14,pointcloud_1727346187_288974464.csv,0,-31.57465,2.452309025,1.91605565,8.713890000000003,2.3882362500000003,1.5681591000000001,32.63468926990268
14,pointcloud_1727346187_288974464.csv,2,-30.757702000000002,1.4564811999999998,1.74713255,1.1498680000000014,0.7504206000000002,0.8919596999999999,0.7696583197061051
14,pointcloud_1727346187_288974464.csv,6,-51.735873999999995,1.8729733999999998,2.1397536,0.5664439999999971,1.0240612,0.47254419999999997,0.27411028406199545
14,pointcloud_1727346187_288974464.csv,4,-35.309689,1.4348980999999998,1.9032595000000003,0.8766320000000007,0.7120241999999999,0.5657486000000003,0.3531307706917293
14,pointcloud_1727346187_288974464.csv,5,-50.875294,2.2924546,1.9987852,1.0073319999999981,2.4092995999999998,1.7278456,4.193420078973041
14,pointcloud_1727346187_288974464.csv,3,-7.68072235,1.84123205,2.00322245,1.2378752999999998,1.5149898999999998,1.6888485,3.1672134081451344
14,pointcloud_1727346187_288974464.csv,10,-17.38072725,2.03646945,1.1628957,3.680859500000002,1.9090337,0.061878199999999994,0.4348109849164889
14,pointcloud_1727346187_288974464.csv,9,-11.433547,1.7487048,1.29571725,4.175172,1.3244774000000001,0.32549850000000013,1.7999809760077845
14,pointcloud_1727346187_288974464.csv,1,-14.06587075,1.8149600000000001,1.18186925,0.809174500000001,0.9341674,0.029801900000000048,0.022527388495010545
15,pointcloud_1727346187_336883338.csv,0,-31.446993,2.45545945,2.003740575,8.669606000000002,2.3724291,1.73866315,35.76086810931641
15,pointcloud_1727346187_336883338.csv,2,-30.622608999999997,1.45731105,1.774802325,1.1349920000000004,0.7701289,0.80855385,0.7067489483230894
15,pointcloud_1727346187_336883338.csv,3,-7.683299,1.8612269000000001,2.0167071500000002,1.0387440000000003,1.5113666,1.7085233,2.682250003435469
15,pointcloud_1727346187_336883338.csv,4,-35.18923925,1.4498395,1.9265678,0.8732284999999962,0.7044345999999999,0.5254187999999997,0.3232021112168825
15,pointcloud_1727346187_336883338.csv,5,-51.082835,2.29460635,2.00307325,1.6371499999999983,2.4246213,1.7296581,6.865823795670856
15,pointcloud_1727346187_336883338.csv,10,-17.3232025,2.3781377,1.1582333999999999,4.043768999999999,1.2453505999999999,0.04589600000000016,0.23112813226328233
15,pointcloud_1727346187_336883338.csv,11,-10.3402005,1.6795602,1.3587029,2.1756969999999995,1.1745272,0.30083799999999994,0.7687660296634938
15,pointcloud_1727346187_336883338.csv,9,-12.219201,1.65330895,1.24598525,1.7121679999999984,1.1095921000000002,0.19923069999999998,0.37850009497348225
15,pointcloud_1727346187_336883338.csv,8,-17.9396675,1.4172517500000001,1.1530482499999999,1.1508390000000013,0.6556933,0.032319500000000057,0.024388211369944818
16,pointcloud_1727346187_386856659.csv,0,-31.31852525,2.4347237500000003,2.00949315,8.658313500000006,2.3882325,1.7364316999999998,35.906048769023805
16,pointcloud_1727346187_386856659.csv,2,-30.474584,1.45832695,1.7804625,1.1743299999999977,0.7634856999999999,0.7961478,0.71381350815563
16,pointcloud_1727346187_386856659.csv,4,-35.063494,1.45845735,1.8946735499999998,0.868701999999999,0.7601686999999999,0.5529236999999998,0.3651287332518085
16,pointcloud_1727346187_386856659.csv,3,-7.84599775,1.90065855,2.03398705,0.4437465000000005,1.6130188999999997,1.6785651,1.20146904488599
16,pointcloud_1727346187_386856659.csv,5,-50.81116,2.29926925,2.014185,1.3772999999999982,2.4441495,1.7161160000000002,5.7770078084409295
16,pointcloud_1727346187_386856659.csv,9,-11.982642,1.67355285,1.2429912,1.285665999999999,1.0372354999999998,0.20255319999999988,0.2701124735532065
16,pointcloud_1727346187_386856659.csv,6,-51.495881499999996,1.8726194,2.1862943,0.5481229999999968,1.1648526,0.36891700000000016,0.23554704906851634
16,pointcloud_1727346187_386856659.csv,11,-10.099651,1.68956855,1.3068032,2.06015,1.2135401,0.3283444,0.8208855066459079
16,pointcloud_1727346187_386856659.csv,8,-16.2650505,2.3722998,1.1612949000000001,1.0192530000000009,1.021384,0.031130799999999903,0.032408679061476604
16,pointcloud_1727346187_386856659.csv,10,-17.6212205,2.64137625,1.15085675,1.2499529999999979,0.5085864999999998,0.02012869999999989,0.012796000205488524
16,pointcloud_1727346187_386856659.csv,1,-13.6212775,2.03255735,1.1818545,1.0699369999999995,0.4989869,0.08228440000000004,0.043930369604791714
17,pointcloud_1727346187_39143223.csv,0,-32.1932715,2.4691229,2.0039244624999997,8.702162999999999,2.4129734000000003,1.752428325,36.79764390421997
17,pointcloud_1727346187_39143223.csv,2,-31.492922,1.4685399499999998,1.79215823,1.1591840000000069,0.7972102999999999,0.73282066,0.6772094095801545
17,pointcloud_1727346187_39143223.csv,9,-11.9205875,1.7086291,1.2931015499999998,4.348617000000001,1.2321992000000002,0.31105950000000004,1.6667695253876074
17,pointcloud_1727346187_39143223.csv,4,-35.910024500000006,1.4453144999999998,1.969147325,0.8731950000000026,0.7409817999999999,0.5237481499999999,0.33887636750324684
17,pointcloud_1727346187_39143223.csv,6,-51.669248499999995,2.31253165,2.0011351,1.2870289999999969,2.4331887000000005,1.7324824,5.425414890676717
17,pointcloud_1727346187_39143223.csv,10,-18.53006,2.0416331999999997,1.1578338000000001,5.927559999999998,1.9148256,0.06229639999999992,0.7070793174922109
17,pointcloud_1727346187_39143223.csv,5,-52.3706495,2.25105465,2.2580488,0.5614130000000017,1.7952063,0.5590729999999999,0.5634629275738423
17,pointcloud_1727346187_39143223.csv,3,-8.4668895,1.8376744,2.0390946999999997,0.526739000000001,1.5424562000000002,1.6814714,1.3661481560974051
17,pointcloud_1727346187_39143223.csv,1,-14.8228665,1.69694565,1.17125915,1.3168790000000001,1.2549729,0.04575210000000007,0.07561209174390487
17,pointcloud_1727346187_39143223.csv,12,-21.574205499999998,2.17801525,1.13619255,0.8337129999999995,0.7322730999999998,0.018855500000000136,0.01151138839774934
18,pointcloud_1727346187_436705808.csv,0,-31.219775999999996,2.4450455250000003,2.01211165,8.738837999999998,2.36557685,1.7337540999999999,35.840845892919894
18,pointcloud_1727346187_436705808.csv,2,-30.312362,1.4578905249999998,1.6636752749999997,1.1834279999999993,0.7648362499999999,1.0362653499999996,0.9379534403598819
18,pointcloud_1727346187_436705808.csv,11,-10.056759750000001,1.68432555,1.30252745,2.0672204999999995,1.2078631,0.31110670000000007,0.7768083427265875
18,pointcloud_1727346187_436705808.csv,5,-50.678125,2.2848259,1.9442322499999998,1.3764699999999976,2.4013278,1.5600705,5.15658788348617
18,pointcloud_1727346187_436705808.csv,9,-12.206257,1.6869542499999999,1.2457447,1.7086559999999995,1.0740322999999998,0.19244859999999986,0.3531723819167371
18,pointcloud_1727346187_436705808.csv,3,-7.796170500000001,1.85122775,2.02230165,0.4723949999999997,1.5475779000000003,1.6853361,1.2320953965644539
18,pointcloud_1727346187_436705808.csv,6,-51.393813,1.8298005,2.1806903,0.7024260000000027,1.506326,0.42176820000000004,0.44626557124730787
18,pointcloud_1727346187_436705808.csv,4,-34.9556195,1.4699179999999998,1.895356525,0.9033889999999971,0.7497396000000001,0.5412776500000003,0.3666108747116881
18,pointcloud_1727346187_436705808.csv,10,-17.2620975,2.637403,1.15721345,0.9361630000000005,0.5179309999999999,0.023714500000000083,0.011498398362108064
18,pointcloud_1727346187_436705808.csv,8,-15.9176815,2.4092417,1.1668593999999999,1.3136050000000026,0.9463182000000001,0.041468199999999955,0.051548635034558817
18,pointcloud_1727346187_436705808.csv,1,-13.6940655,1.7957762000000002,1.17958545,0.9409569999999992,0.9587876000000002,0.023429900000000004,0.02113793806667849
19,pointcloud_1727346187_490021833.csv,2,-30.139023,1.45820785,1.72593475,1.0946620000000031,0.7613387,0.8991857000000001,0.7493890450400673
19,pointcloud_1727346187_490021833.csv,0,-31.099632999999997,2.45620315,1.9521680000000003,8.685534,2.3558597,1.6064872000000003,32.871779672317054
19,pointcloud_1727346187_490021833.csv,5,-50.7397885,2.2920192,2.0020392,1.726982999999997,2.4119516,1.6756864,6.979903141943218
19,pointcloud_1727346187_490021833.csv,3,-7.544365,1.8588123,1.9324470000000002,0.8109819999999992,1.4885144000000001,1.4759550000000001,1.7817114543404882
19,pointcloud_1727346187_490021833.csv,4,-34.803591999999995,1.45349555,1.90364895,0.9315039999999968,0.7062724999999999,0.5557229000000001,0.3656076834279742
19,pointcloud_1727346187_490021833.csv,11,-10.8565905,1.64340225,1.2833424,3.727791,1.1106069,0.25822259999999986,1.0690700734167928
20,pointcloud_1727346187_537995054.csv,0,-30.9722375,2.4416047499999998,2.025889375,8.637764999999998,2.3546937,1.7179565499999998,34.94201789959683
20,pointcloud_1727346187_537995054.csv,4,-34.656704000000005,1.4513502,1.90437535,1.0236439999999973,0.7402047999999999,0.5473609000000002,0.41473874882169226
20,pointcloud_1727346187_537995054.csv,2,-29.96416425,1.4615437,1.7432511,1.0824974999999952,0.7617934000000002,0.8872675999999999,0.7316758665687244
20,pointcloud_1727346187_537995054.csv,5,-50.3664025,2.2972351,2.0264973499999996,1.2992849999999976,2.4254854000000003,1.7153663,5.40579986511246
20,pointcloud_1727346187_537995054.csv,11,-9.971634,1.67619755,1.3098950500000002,2.261531999999999,1.1759605000000002,0.22958849999999997,0.6105842564897183
20,pointcloud_1727346187_537995054.csv,3,-7.34260075,1.8303051999999997,2.0329478,0.7643985000000004,1.4967768,1.7051292,1.9508961910920806
20,pointcloud_1727346187_537995054.csv,6,-51.058605,1.8621121500000002,2.17554525,0.7109760000000023,1.5371793000000002,0.4199343,0.4589451844269947
20,pointcloud_1727346187_537995054.csv,9,-11.6252145,1.6021914499999999,1.26172305,1.3034870000000005,0.9252448999999998,0.17404850000000005,0.20991027078803617
21,pointcloud_1727346187_587999958.csv,0,-30.861718500000002,2.4116414500000003,2.026906975,8.617982999999999,2.3974755,1.6900063500000002,34.91790244214858
21,pointcloud_1727346187_587999958.csv,2,-29.8343435,1.4367769,1.7299077749999998,1.1070670000000007,0.7272529999999999,0.9098877499999998,0.7325668207527024
21,pointcloud_1727346187_587999958.csv,5,-50.426152,2.28322995,2.0388346,1.6864559999999997,2.3895657000000003,1.6971512000000002,6.839345228922882
21,pointcloud_1727346187_587999958.csv,3,-7.3872575000000005,2.0379126999999997,2.02660465,0.3848630000000002,1.9188302,1.6700993000000002,1.2333461996625459
21,pointcloud_1727346187_587999958.csv,4,-34.5745085,1.4403008499999999,1.9008669500000002,0.8945690000000042,0.7299100999999999,0.5487585000000001,0.3583145779675482
21,pointcloud_1727346187_587999958.csv,13,-32.7647505,1.195151075,2.8194705,1.9090629999999997,0.12917465000000017,0.05730360000000001,0.014131213589235525
21,pointcloud_1727346187_587999958.csv,9,-11.544442,1.6627208,1.2613789999999998,1.1886620000000008,1.1013872,0.1463466,0.1915936191282482
21,pointcloud_1727346187_587999958.csv,11,-9.777734500000001,1.6596761,1.3391673499999999,2.1212730000000004,1.1506176000000001,0.28933390000000014,0.7061986743858834
22,pointcloud_1727346187_637238665.csv,0,-30.749494999999996,2.4507037499999997,1.9773171833333332,8.608529999999998,2.2995940999999998,1.5734011666666665,31.14724585213762
22,pointcloud_1727346187_637238665.csv,4,-34.41556825,1.467361,1.88352255,0.9723484999999954,0.7849174000000001,0.5891161,0.4496212171457663
22,pointcloud_1727346187_637238665.csv,2,-29.647024000000002,1.4332719250000001,1.78066935,1.1502919999999968,0.7184068499999998,0.8350808999999999,0.6900921936227359
22,pointcloud_1727346187_637238665.csv,5,-50.386635,2.2855301,2.0333924,1.785415999999998,2.4049712000000003,1.674634,7.1906674926261855
22,pointcloud_1727346187_637238665.csv,3,-6.9005785,1.8311686,2.0407770000000003,1.2082689999999996,1.4310388,1.6840854000000003,2.9119180800224584
22,pointcloud_1727346187_637238665.csv,11,-9.6049845,1.50301755,1.3383391,1.9746670000000002,0.8408749,0.2298884000000001,0.38171771472896593
22,pointcloud_1727346187_637238665.csv,9,-11.551195,1.65376855,1.26989435,1.1330179999999999,1.0881938999999998,0.15432690000000004,0.1902763136902774
23,pointcloud_1727346187_688689047.csv,4,-34.28897675,1.44263435,1.8836338000000001,0.9515414999999976,0.7268562999999999,0.5575441999999999,0.385616488417327
23,pointcloud_1727346187_688689047.csv,0,-30.635266,2.438097275,1.94901275,8.600432000000001,2.3383065499999995,1.4980155000000002,30.125760536607956
23,pointcloud_1727346187_688689047.csv,2,-29.5376125,1.43394385,1.7322402000000001,1.1236849999999983,0.7289464999999999,0.90341,0.7399887753724258
23,pointcloud_1727346187_688689047.csv,6,-50.617897,1.8119614,2.16418425,0.7094500000000039,1.3871621999999997,0.4102835,0.4037691099940631
23,pointcloud_1727346187_688689047.csv,5,-49.978885,2.29125775,1.9282372,1.2702900000000028,2.4216197,1.4449868000000001,4.445009566887684
23,pointcloud_1727346187_688689047.csv,3,-7.02965355,1.8463193,1.9966626499999998,0.9268341000000007,1.5023529999999998,1.5829324999999999,2.204125852019479
23,pointcloud_1727346187_688689047.csv,11,-9.6235495,1.4933188,1.3289301500000001,2.115872999999999,0.8416906,0.22763770000000005,0.4054023507524702
23,pointcloud_1727346187_688689047.csv,9,-11.403556,1.5331689000000002,1.2772614500000001,0.8340059999999987,0.8394568,0.13450669999999998,0.09416975581849063
24,pointcloud_1727346187_738249499.csv,2,-29.3831975,1.4328054250000002,1.7352841666666667,1.0972210000000011,0.71542405,0.8777853333333336,0.6890424313208589
24,pointcloud_1727346187_738249499.csv,0,-30.516633,2.43297635,2.0438441,8.586684000000002,2.3373806999999998,1.6918214,33.955446719535864
24,pointcloud_1727346187_738249499.csv,4,-34.192772500000004,1.439498,1.8941715000000001,0.9301450000000031,0.7270752,0.5676780000000001,0.38391232167494027
24,pointcloud_1727346187_738249499.csv,5,-49.835222,2.29445535,2.04492355,1.2311520000000016,2.3470933,1.6958364999999997,4.9003376690989855
24,pointcloud_1727346187_738249499.csv,3,-6.94990265,1.83437325,2.04274465,0.8911492999999995,1.5207467000000001,1.6672115000000003,2.259425626836454
24,pointcloud_1727346187_738249499.csv,11,-9.516893,1.49209025,1.3697915,1.977646,0.8085289,0.316516,0.5061040023259347
24,pointcloud_1727346187_738249499.csv,6,-50.5383585,1.8452723,2.2007747,0.582683000000003,1.164792,0.4308672,0.29243150622222436
24,pointcloud_1727346187_738249499.csv,9,-11.25373375,1.5121105,1.2667579500000001,1.0684335000000011,0.8601508,0.14304729999999988,0.13146246131624564
25,pointcloud_1727346187_788803160.csv,0,-30.406147000000004,2.47082055,1.9477991000000001,8.555420000000002,2.2635109,1.5011718,29.070621878748742
25,pointcloud_1727346187_788803160.csv,2,-29.2434005,1.4425162,1.7745762000000003,1.1388710000000017,0.733185,0.8022880000000001,0.669912994478902
25,pointcloud_1727346187_788803160.csv,3,-6.9225845,2.0541529499999998,1.93866325,0.7812462,1.9261082999999999,1.4296031,2.1512164087885317
25,pointcloud_1727346187_788803160.csv,4,-34.006008,1.4564683,1.8881171,0.9817960000000028,0.7663622000000001,0.5704236,0.42919318667607304
25,pointcloud_1727346187_788803160.csv,5,-49.902384,2.2827356,1.9383821,1.6832619999999991,2.4014068,1.4807738,5.98557913510665
25,pointcloud_1727346187_788803160.csv,9,-11.1004115,1.6375687,1.2693286000000001,1.104223000000001,1.1120010000000002,0.13057800000000008,0.16033634494135918
25,pointcloud_1727346187_788803160.csv,11,-9.302226000000001,1.5003265,1.32227585,1.8017979999999998,0.8008491999999998,0.22464130000000004,0.3241503167476227
26,pointcloud_1727346187_838382809.csv,5,-49.6588875,2.2837722,2.04407905,1.4024550000000033,2.4134339999999996,1.6848634999999998,5.702812382094728
26,pointcloud_1727346187_838382809.csv,14,-29.92210925,1.1526035875,2.788157545,2.5679444999999994,0.034362075000000214,0.016275589999999784,0.0014361564585331078
26,pointcloud_1727346187_838382809.csv,0,-30.268749,2.43367065,2.0491067999999997,8.564442,2.3411177000000003,1.6917204,33.919614469999985
26,pointcloud_1727346187_838382809.csv,2,-29.096742,1.431796,1.7881567999999999,1.1184900000000013,0.7110618,0.7973134,0.6341157154892292
26,pointcloud_1727346187_838382809.csv,11,-9.253833,1.49111485,1.2974882,1.8799799999999998,0.8047437,0.14819440000000017,0.22420361320733112
26,pointcloud_1727346187_838382809.csv,4,-33.924315,1.458535825,1.8732915,0.9325299999999999,0.7647780499999999,0.58111,0.4144351435877827
26,pointcloud_1727346187_838382809.csv,3,-6.68219765,1.8313258000000001,2.0114536000000003,0.9022673000000001,1.4622984,1.5918236000000001,2.10022663508367
26,pointcloud_1727346187_838382809.csv,15,-27.38798025,1.55882235,2.73402045,0.29485850000000013,0.5903906999999999,0.07483530000000016,0.013027457457535516
26,pointcloud_1727346187_838382809.csv,6,-50.3371525,1.91614035,2.17007065,0.5749849999999981,1.0918927,0.4521006999999999,0.28383873136525084
26,pointcloud_1727346187_838382809.csv,9,-11.046655000000001,1.5089130499999999,1.2696447499999999,0.9742300000000004,0.8542460999999999,0.13519670000000006,0.11251504409981826
27,pointcloud_1727346187_88442925.csv,16,-32.063203,2.4652243,1.9438197499999998,8.706068000000002,2.4251246,1.6398301,34.622224319144436
27,pointcloud_1727346187_88442925.csv,6,-51.523198,2.28783095,2.00604555,1.3387359999999973,2.4168857,1.7503171000000002,5.6632768151793265
27,pointcloud_1727346187_88442925.csv,4,-35.798987499999996,1.4520257499999998,1.9546423,0.8830249999999964,0.7335741,0.5262937999999999,0.3409143189796375
27,pointcloud_1727346187_88442925.csv,0,-31.369369499999998,1.464921725,1.7882439999999997,1.172943,0.76851315,0.7769093999999999,0.7003233181632047
27,pointcloud_1727346187_88442925.csv,9,-12.362044000000001,1.7502724,1.29114295,5.177850000000001,1.3494618000000003,0.33323290000000005,2.3284018347972166
27,pointcloud_1727346187_88442925.csv,11,-8.393803,1.85157835,2.01021195,0.6033860000000004,1.5130089,1.7229767,1.5729543415258518
27,pointcloud_1727346187_88442925.csv,17,-18.220079499999997,2.04091155,1.15263675,4.439525,1.9285485,0.0560889,0.4802241471618442
27,pointcloud_1727346187_88442925.csv,18,-52.290679999999995,1.8662107,2.1926386,0.5159999999999982,1.0014396,0.36263880000000004,0.18739100108530307
28,pointcloud_1727346187_888219239.csv,14,-30.171651999999998,2.4525564749999997,1.96490075,8.566792,2.23396895,1.5353723,29.38387420797202
28,pointcloud_1727346187_888219239.csv,2,-28.946667499999997,1.4360713999999999,1.77825355,1.1750930000000004,0.7148122000000001,0.7772531000000003,0.6528699179520372
28,pointcloud_1727346187_888219239.csv,5,-49.50905,2.2778456,2.0472465,1.3569400000000016,2.36836,1.7002802,5.464228596301642
28,pointcloud_1727346187_888219239.csv,19,-50.1199645,1.8123453999999999,2.1476836,0.7924349999999976,1.4472440000000002,0.35414500000000015,0.4061500596814343
28,pointcloud_1727346187_888219239.csv,4,-33.8182585,1.47453115,1.8896608000000001,0.9384569999999997,0.7797651000000001,0.5841779999999999,0.4274874497381368
28,pointcloud_1727346187_888219239.csv,9,-11.16215525,1.50044465,1.2627592,1.2277105000000006,0.8449989,0.1312580000000001,0.13616888970209787
28,pointcloud_1727346187_888219239.csv,11,-9.244791,1.4828768,1.296721,1.8013199999999987,0.7901019999999999,0.16089719999999996,0.22899316438927877
28,pointcloud_1727346187_888219239.csv,3,-6.752473800000001,1.8603068499999997,2.0434729999999997,0.5066604000000003,1.5531542999999999,1.675919,1.3188171607718406
28,pointcloud_1727346187_888219239.csv,6,-52.278055,3.19703305,2.2587755,0.8120839999999987,0.11217910000000009,1.2203077999999998,0.11116863996488872
29,pointcloud_1727346187_938254615.csv,14,-30.0576245,2.4360600999999997,2.0432726375000003,8.558738999999996,2.2596241999999997,1.6922962750000006,32.72822095224187
29,pointcloud_1727346187_938254615.csv,3,-6.332185,1.8567075499999999,2.05368875,1.2300319999999996,1.4959869,1.6817995,3.094699035525309
29,pointcloud_1727346187_938254615.csv,11,-9.1889145,1.47752235,1.2787771,1.8126090000000001,0.7925066999999999,0.1625462000000002,0.2334983927799955
29,pointcloud_1727346187_938254615.csv,4,-33.625078,1.4779103999999998,1.8692107999999998,0.9896960000000021,0.7971345999999999,0.6038543999999995,0.47639337186259506
29,pointcloud_1727346187_938254615.csv,5,-49.3346365,2.2794125000000003,2.03803275,1.283026999999997,2.3951898000000003,1.6794867000000002,5.161219129590214
29,pointcloud_1727346187_938254615.csv,2,-28.810545,1.4333471,1.7738621,1.1937059999999988,0.712456,0.8083805999999998,0.6874977917828239
29,pointcloud_1727346187_938254615.csv,19,-50.036268,1.89651725,2.11857915,0.8112440000000021,1.3365145,0.47866490000000006,0.5189873291566388
29,pointcloud_1727346187_938254615.csv,9,-10.965516999999998,1.62994195,1.2686472,0.8344339999999999,1.0911492999999999,0.13894360000000017,0.12650704667144214
29,pointcloud_1727346187_938254615.csv,6,-52.286698,3.18697795,2.26245805,0.7967359999999957,0.1254002999999999,1.1589359,0.11579036754387421
30,pointcloud_1727346187_987583818.csv,14,-29.939144,2.4773413,2.045024975,8.587157999999999,2.1707985,1.70480175,31.779191871946264
30,pointcloud_1727346187_987583818.csv,5,-49.3097475,2.2692204,1.9579019500000001,1.4585689999999971,2.3550291999999997,1.5222931,5.229035065161641
30,pointcloud_1727346187_987583818.csv,4,-33.523790500000004,1.45671025,1.8595351999999998,0.9826930000000047,0.7529647000000002,0.6310244,0.46691586566892695
30,pointcloud_1727346187_987583818.csv,2,-28.633843249999998,1.4612089,1.7470044333333332,1.1865865000000007,0.7598822000000001,0.8090074666666665,0.7294544941684018
30,pointcloud_1727346187_987583818.csv,3,-6.2925091,1.833422,1.9121985000000001,1.1081427999999995,1.445244,1.4155140000000002,2.2669976668538085
30,pointcloud_1727346187_987583818.csv,9,-10.9387285,1.6297009,1.27336575,0.6441189999999999,1.0815234,0.1619077,0.11278972395545252
30,pointcloud_1727346187_987583818.csv,11,-9.096033,1.4886135,1.27965215,1.7460939999999994,0.7895757999999999,0.1414222999999999,0.1949751867837655
30,pointcloud_1727346187_987583818.csv,6,-52.034355500000004,3.20429885,1.9748046,0.4353410000000011,0.11605149999999975,1.1334138,0.05726230487137377
30,pointcloud_1727346187_987583818.csv,19,-49.878662500000004,1.728163,2.14887955,0.5787649999999971,1.2170595999999998,0.4606322999999999,0.3244654764663051
31,pointcloud_1727346188_138254684.csv,5,-48.862076,2.27413535,1.97243885,1.4456180000000032,2.3422789,1.5520163,5.255190108771825
31,pointcloud_1727346188_138254684.csv,14,-29.6206635,2.644210825,1.9427173,8.581617000000005,1.8572568500000004,1.4996885999999998,23.90243725965918
31,pointcloud_1727346188_138254684.csv,3,-6.23154355,1.83085335,1.92627455,0.7026157,1.4233153000000003,1.4406894999999997,1.440752423309987
31,pointcloud_1727346188_138254684.csv,2,-28.264222500000002,1.4281177,1.7421558,1.209225,0.7044489999999999,0.7823929999999999,0.6664715735389656
31,pointcloud_1727346188_138254684.csv,4,-33.173137499999996,1.4746299,1.8182754500000002,0.9689090000000036,0.8031918,0.7051545000000001,0.5487651683945719
31,pointcloud_1727346188_138254684.csv,6,-51.7876205,3.2028128000000002,2.00290275,0.6361089999999976,0.12587039999999972,1.2468829000000001,0.09983454007901917
31,pointcloud_1727346188_138254684.csv,9,-10.620736,1.5182606,1.27540445,0.7662899999999997,0.7844784,0.16163629999999984,0.09716571453447631
31,pointcloud_1727346188_138254684.csv,19,-49.4004135,1.8473551499999998,2.16042185,0.6811529999999948,1.4981712999999999,0.3800783000000001,0.38786377658083143
31,pointcloud_1727346188_138254684.csv,11,-9.067997,1.45699395,1.28971365,1.4068259999999988,0.7549478999999999,0.17997409999999991,0.19114695230511164
32,pointcloud_1727346188_191720937.csv,14,-29.523514,2.65680585,1.9751954,8.514419999999998,1.8031303,1.5391015999999997,23.6292245972999
32,pointcloud_1727346188_191720937.csv,4,-33.02918375,1.465040025,1.8130832875000003,0.9827975000000038,0.7912928500000003,0.7170479750000003,0.557634324342681
32,pointcloud_1727346188_191720937.csv,2,-28.032120499999998,1.430394025,1.7366986999999998,1.0847990000000003,0.7257144499999999,0.7268973999999995,0.5722531108201449
32,pointcloud_1727346188_191720937.csv,5,-48.773474,2.2691289,2.0558255,1.4766879999999958,2.3760154,1.686483,5.917250631232095
32,pointcloud_1727346188_191720937.csv,6,-51.7054695,3.2083391499999996,2.1275785000000003,0.7166330000000016,0.12429829999999997,1.4398828,0.12825937988031955
32,pointcloud_1727346188_191720937.csv,19,-49.409828,1.8306852500000002,2.13001795,0.41391000000000133,0.9967143,0.3970437000000002,0.16380038475315703
32,pointcloud_1727346188_191720937.csv,3,-6.14186385,1.81474195,2.0828805,0.6840457000000004,1.4458191,1.6392221999999999,1.6212011457359525
32,pointcloud_1727346188_191720937.csv,9,-10.529479,1.5358242999999998,1.27946305,0.6964159999999993,0.7431306,0.1190791,0.06162677321958075
32,pointcloud_1727346188_191720937.csv,11,-8.781971,1.45378315,1.2830069,0.8776860000000006,0.7511489,0.09819559999999994,0.06473769537169513
33,pointcloud_1727346188_239919982.csv,5,-48.68776,2.2560663,2.0140412,1.6387199999999993,2.3535404,1.5848088,6.112280634036393
33,pointcloud_1727346188_239919982.csv,3,-6.0564156,1.8081366,2.06465245,0.6436881999999997,1.4329292000000002,1.6701203,1.5404515210459666
33,pointcloud_1727346188_239919982.csv,14,-29.421064,2.6639315999999997,2.0599873,8.533672,1.7552108,1.6921933999999998,25.346338213889563
33,pointcloud_1727346188_239919982.csv,4,-32.912212499999995,1.4831865,1.825696225,1.0366289999999978,0.8256725999999999,0.7060799499999999,0.6043452406328961
33,pointcloud_1727346188_239919982.csv,2,-27.913070500000003,1.432137175,1.7445924499999999,1.0202980000000004,0.7264975499999999,0.7353015,0.5450378230585535
33,pointcloud_1727346188_239919982.csv,6,-51.03096,3.2002275,1.94352245,0.7804100000000034,0.15683939999999996,1.2356938999999998,0.15124774234137786
34,pointcloud_1727346188_291566191.csv,14,-29.330658,2.748393075,1.9558039,8.502123999999998,1.5785331500000002,1.4439802,19.379491599154232
34,pointcloud_1727346188_291566191.csv,2,-27.7995715,1.4170066000000001,1.6907223333333334,1.0647289999999998,0.7074458000000001,0.8206192666666665,0.6181216637564438
34,pointcloud_1727346188_291566191.csv,5,-48.4159315,2.2670178500000002,1.99053645,1.3041369999999972,2.3587957,1.5026488999999998,4.622437648686016
34,pointcloud_1727346188_291566191.csv,4,-32.762949000000006,1.46546245,1.81568885,1.0249820000000014,0.7924036999999999,0.7372527,0.5987962958660538
34,pointcloud_1727346188_291566191.csv,3,-5.916789,1.79299415,1.9599668499999998,0.7138879999999999,1.4329489,1.3814882999999998,1.4132142124117157
34,pointcloud_1727346188_291566191.csv,19,-48.987277500000005,1.8324671000000001,2.12680865,0.8009249999999994,1.5161004000000002,0.3726997000000001,0.452562802801835
34,pointcloud_1727346188_291566191.csv,6,-51.576065,3.20398215,1.9798023500000002,1.0810699999999969,0.13593430000000017,1.2364307,0.18169904751487273
35,pointcloud_1727346188_340149465.csv,14,-29.2513705,2.762382675,1.9622267500000001,8.491759000000002,1.54520215,1.4504573,19.032152637672652
35,pointcloud_1727346188_340149465.csv,5,-48.276036000000005,2.2403911499999998,1.99268485,1.3165720000000007,2.3564303,1.4629163000000003,4.538566382009134
35,pointcloud_1727346188_340149465.csv,2,-27.672248000000003,1.41835235,1.7095376249999998,1.0558259999999997,0.7134952999999999,0.7989532500000001,0.6018729659735792
35,pointcloud_1727346188_340149465.csv,3,-5.83021355,1.7948222500000002,2.07575275,0.7656479000000003,1.4442455000000003,1.6718111,1.8486611866049987
35,pointcloud_1727346188_340149465.csv,4,-32.670191,1.4680197000000001,1.8133906,1.027797999999997,0.8105306000000001,0.7349889999999999,0.6122912075907905
35,pointcloud_1727346188_340149465.csv,19,-48.897698500000004,1.8522300500000002,2.17032265,0.6505569999999992,1.5107469000000002,0.35468429999999995,0.348593296238519
35,pointcloud_1727346188_340149465.csv,6,-50.9146195,3.1849568,2.0687468,1.3624870000000016,0.16570759999999973,1.3485752,0.3044738251441183
36,pointcloud_1727346188_37776056.csv,14,-29.8334425,2.582108175,2.0459260500000003,8.544159,1.9841883500000002,1.6910019000000003,28.66792849657531
36,pointcloud_1727346188_37776056.csv,3,-6.164312300000001,1.8688035,2.04688745,1.1166533999999997,1.5928096000000003,1.6946011000000003,3.014045062866249
36,pointcloud_1727346188_37776056.csv,19,-49.057246500000005,2.2770709,2.0559788,1.2429270000000017,2.3691766000000003,1.6772269999999998,4.938953096653065
36,pointcloud_1727346188_37776056.csv,2,-28.512316499999997,1.42332935,1.7214115749999999,1.2180309999999999,0.6916433,0.8665149499999998,0.7299894369891587
36,pointcloud_1727346188_37776056.csv,5,-49.762747,1.8285708499999997,2.12395905,0.6062060000000002,1.4680539,0.33807469999999973,0.30086724063441206
36,pointcloud_1727346188_37776056.csv,4,-33.382627,1.4552037,1.8555900250000001,0.973234000000005,0.7652632000000001,0.64932755,0.48360627995064137
36,pointcloud_1727346188_37776056.csv,11,-9.0533155,1.47546875,1.3004131499999998,1.4207670000000014,0.8000105000000002,0.14031689999999997,0.15948819010486132
36,pointcloud_1727346188_37776056.csv,6,-51.878898500000005,3.2140632,2.1181657,0.24707099999999826,0.1069956000000003,1.3643593999999999,0.03606753640893985
36,pointcloud_1727346188_37776056.csv,9,-10.655409,1.5435866,1.2705574,0.99709,0.7475174,0.12209120000000007,0.09099971437439423
37,pointcloud_1727346188_389016465.csv,2,-27.553912,1.4114784,1.7440534,1.0074219999999983,0.6951749999999999,0.7733164000000001,0.5415802230449612
37,pointcloud_1727346188_389016465.csv,19,-48.2959405,2.24906565,2.07439325,1.6020730000000043,2.3648281000000004,1.6672411,6.3165550615313855
37,pointcloud_1727346188_389016465.csv,14,-29.15576,2.81633375,1.9357152,8.485996,1.4098749000000002,1.3890276,16.618593957999884
37,pointcloud_1727346188_389016465.csv,3,-5.53286925,1.8543024,2.0302503,1.1440584999999999,1.5764242,1.4725900000000003,2.655847733954624
37,pointcloud_1727346188_389016465.csv,4,-32.569682,1.473347975,1.8215797,1.0770160000000004,0.8171845499999999,0.7152913999999999,0.6295428644529093
37,pointcloud_1727346188_389016465.csv,6,-50.8457985,3.1967349,2.1415872499999997,1.4534829999999985,0.1519374,1.4042035,0.3101020934818272
38,pointcloud_1727346188_436900243.csv,14,-29.057888,2.8560292,2.0837114,8.520233999999999,1.3699936,1.6659301999999998,19.445846888046667
38,pointcloud_1727346188_436900243.csv,3,-5.9162149500000005,1.8255392499999998,1.9825396499999999,0.42640490000000053,1.4979031,1.3820161,0.8827119554859609
38,pointcloud_1727346188_436900243.csv,6,-51.1405605,3.2026517,2.1175003,0.9989089999999976,0.1422553999999998,1.5156966,0.2153807890271514
38,pointcloud_1727346188_436900243.csv,4,-32.4274475,1.4629876,1.82437945,0.9666390000000007,0.7969784000000002,0.7352962999999999,0.5664652133208224
38,pointcloud_1727346188_436900243.csv,2,-27.435165,1.40864455,1.7169726333333335,0.9595729999999989,0.6916172999999999,0.7783842666666667,0.5165803909808787
38,pointcloud_1727346188_436900243.csv,5,-48.6689925,2.01452445,2.15127995,0.5993250000000003,1.8836021,0.37205409999999994,0.4200080891724165
38,pointcloud_1727346188_436900243.csv,19,-48.054075,2.2394397,2.0750346,1.387515999999998,2.3370676,1.6408633999999997,5.320858411769105
39,pointcloud_1727346188_487489202.csv,14,-28.982838,2.9989681,1.97863365,8.443864000000005,1.0368762,1.3965497000000002,12.227130054538197
39,pointcloud_1727346188_487489202.csv,3,-5.517765000000001,1.7907381,2.010654,0.9324149999999998,1.4605704,1.3112688,1.7857615769785453
39,pointcloud_1727346188_487489202.csv,2,-27.3190415,1.4023333999999998,1.71523525,0.9339429999999993,0.6818788,0.8215075000000001,0.523165494496541
39,pointcloud_1727346188_487489202.csv,19,-47.9678665,2.2446201,1.9922693,1.6035870000000045,2.3499217999999997,1.4081264,5.306248415323084
39,pointcloud_1727346188_487489202.csv,6,-50.4808805,3.18116895,2.04158045,1.326385000000002,0.16388490000000022,1.2900911,0.28043287309608395
39,pointcloud_1727346188_487489202.csv,4,-32.2776065,1.4667816125,1.8253013999999999,0.9641289999999962,0.7980332249999997,0.7250037,0.557822903815674
40,pointcloud_1727346188_537067568.csv,14,-28.890977,2.97730755,1.9671922333333334,8.385579999999994,1.0871019,1.3806554666666668,12.586027552822372
40,pointcloud_1727346188_537067568.csv,4,-32.15883525,1.4556526666666667,1.8179878333333335,1.008398500000002,0.7931627333333333,0.7198112666666667,0.5757224061249848
40,pointcloud_1727346188_537067568.csv,2,-27.230577500000003,1.387200775,1.723754525,0.9328150000000015,0.65602435,0.76339365,0.46715825099974645
40,pointcloud_1727346188_537067568.csv,19,-47.872716999999994,2.2290686,2.1038213,1.5580399999999983,2.3359654,1.6191578,5.892969391454619
40,pointcloud_1727346188_537067568.csv,3,-5.54100425,1.7878785499999998,2.054878,0.6645395000000001,1.4509125,1.4664625999999998,1.4139466199301276
40,pointcloud_1727346188_537067568.csv,6,-50.744093500000005,3.19039275,1.95933125,0.8459530000000015,0.15560390000000002,1.1010155,0.14493061852497022
40,pointcloud_1727346188_537067568.csv,5,-48.3858185,1.7107661,2.1226766,0.5994110000000035,1.1990642,0.3650842000000001,0.2623977962401985
41,pointcloud_1727346188_587781913.csv,3,-5.362829250000001,1.80866835,2.09927895,0.8717575000000002,1.4016966999999998,1.6248655,1.9854875169164836
41,pointcloud_1727346188_587781913.csv,2,-27.1485025,1.39707585,1.7035646500000001,0.9310150000000021,0.6836357,0.8511876999999999,0.5417597690160365
41,pointcloud_1727346188_587781913.csv,19,-47.713346,2.2337943,2.0978706,1.6054120000000012,2.3440282000000003,1.6245522,6.113402745942827
41,pointcloud_1727346188_587781913.csv,4,-32.075858625,1.4541633,1.77521825,0.9770612500000055,0.7905706000000001,0.7982706999999998,0.6166129455198693
41,pointcloud_1727346188_587781913.csv,14,-28.7961665,3.0287732,1.9975378999999998,8.452513000000003,0.9889123999999998,1.4416347999999999,12.050329638210215
41,pointcloud_1727346188_587781913.csv,6,-50.630991,3.1671989,2.13633395,1.114772000000002,0.18879979999999996,1.5550127,0.32728154910678775
42,pointcloud_1727346188_637522489.csv,14,-28.736618999999997,3.00939695,2.0954604,8.438321999999996,1.0028340999999998,1.6041108,13.574365841466792
42,pointcloud_1727346188_637522489.csv,19,-47.615193000000005,2.22551275,2.10784745,1.6153339999999972,2.3232999000000003,1.6292549,6.11443938293212
42,pointcloud_1727346188_637522489.csv,20,-30.11108975,1.199981975,2.81921125,2.6291275000000027,0.17157924999999996,0.05996369999999995,0.02704984841105936
42,pointcloud_1727346188_637522489.csv,4,-31.976152,1.4549988,1.7328066166666667,1.031255999999999,0.8018833999999999,0.870626233333333,0.7199618105874493
42,pointcloud_1727346188_637522489.csv,2,-26.9465055,1.382853825,1.7217604,1.1466309999999993,0.6555558500000003,0.7911789999999999,0.5947139527726192
42,pointcloud_1727346188_637522489.csv,3,-5.456278,1.8094524,2.12874655,0.8422660000000004,1.442044,1.5698060999999999,1.9066623638151936
42,pointcloud_1727346188_637522489.csv,6,-50.6078915,3.1770115,2.12876945,1.2109769999999997,0.17246899999999998,1.4807949000000002,0.3092728881034501
42,pointcloud_1727346188_637522489.csv,5,-49.0220695,3.1021451,2.3864708,0.7481269999999967,0.12694139999999976,1.0317010000000002,0.0979788784797104
43,pointcloud_1727346188_688067017.csv,14,-28.6810165,3.1143176500000003,2.08417735,8.361737000000002,0.8146247,1.6079023000000001,10.952511911235803
43,pointcloud_1727346188_688067017.csv,3,-5.2146673,1.85943985,2.1020564999999998,0.7085400000000002,1.5731955000000002,1.5894135999999999,1.7716747402909367
43,pointcloud_1727346188_688067017.csv,2,-26.853784,1.4102480499999999,1.6994152000000002,1.1156560000000013,0.7229857,0.7987566000000001,0.644279736709717
43,pointcloud_1727346188_688067017.csv,19,-47.463265,2.2142902,2.10617205,1.6476300000000066,2.2960616,1.6281470999999998,6.159378125807224
43,pointcloud_1727346188_688067017.csv,4,-31.902398499999997,1.458471225,1.74941015,1.0082229999999974,0.8057271500000001,0.8593320999999998,0.6980807038136608
43,pointcloud_1727346188_688067017.csv,5,-48.875221,3.1169145,2.19553975,0.78125,0.12920240000000005,1.2802863000000002,0.12923129894306257
43,pointcloud_1727346188_688067017.csv,6,-50.36322,3.1607865,2.16629715,0.8194879999999998,0.2079690000000003,1.4600463000000001,0.2488329166341444
44,pointcloud_1727346188_738712306.csv,4,-31.756175333333335,1.4549661999999999,1.77594955,0.9291106666666664,0.8120716000000001,0.7975933,0.6017876428206923
44,pointcloud_1727346188_738712306.csv,14,-28.60625025,3.0993903,1.97092295,8.328827499999996,0.8103328000000003,1.3424377,9.060275960745882
44,pointcloud_1727346188_738712306.csv,3,-5.329587,1.8022106,2.00497245,0.3457088000000006,1.4880117999999998,1.3936176999999998,0.7169031083295841
44,pointcloud_1727346188_738712306.csv,19,-47.323356000000004,2.2141183,1.99625685,1.6055919999999944,2.3271933999999996,1.3922290999999998,5.202096200289426
44,pointcloud_1727346188_738712306.csv,2,-26.776537750000003,1.4124183499999998,1.7234389499999998,1.096722500000002,0.7324295000000001,0.7948574999999998,0.6384867040419276
44,pointcloud_1727346188_738712306.csv,5,-47.848091,1.80878865,2.1529627,0.5458680000000058,1.4422123,0.4585066000000002,0.36096277972127233
44,pointcloud_1727346188_738712306.csv,6,-50.187619999999995,3.1666344,1.98065755,1.2513999999999967,0.1743547999999997,1.2434883,0.2713137237264372
45,pointcloud_1727346188_789649486.csv,2,-26.707828,1.3932392500000002,1.7351534000000002,1.1401080000000015,0.6955791,0.8243728000000001,0.6537567279098193
45,pointcloud_1727346188_789649486.csv,4,-31.662414,1.4531288333333334,1.7664893,0.9843119999999992,0.8054113333333335,0.8197283999999998,0.6498610351029641
45,pointcloud_1727346188_789649486.csv,14,-28.5061605,3.12827565,1.97799885,8.358673,0.7395597,1.3531687000000003,8.364933962213634
45,pointcloud_1727346188_789649486.csv,19,-47.268246500000004,2.2014613499999998,1.9617171,1.6951469999999986,2.3045583,1.3149366,5.1368854152430625
45,pointcloud_1727346188_789649486.csv,3,-5.10012525,1.7489764500000002,1.98643235,0.6082515000000006,1.3985005000000001,1.3448739,1.144003570440496
45,pointcloud_1727346188_789649486.csv,6,-50.069779999999994,3.17500865,1.9765570000000001,0.7695119999999989,0.15363430000000022,1.1616712,0.1373367624641418
45,pointcloud_1727346188_789649486.csv,21,-48.863892,3.126304,2.0635271,0.344924000000006,0.08169799999999983,1.0820208000000002,0.03049091436576427
45,pointcloud_1727346188_789649486.csv,5,-47.68071,1.73617915,2.1491406,0.646332000000001,1.2747431,0.3703322,0.3051193871952826
46,pointcloud_1727346188_838958503.csv,21,-48.9509815,3.0832696000000004,2.1462419,2.847502999999996,0.33896360000000003,1.5553232000000001,1.5011977471674947
46,pointcloud_1727346188_838958503.csv,14,-28.435761499999998,2.78938,2.1167777,8.358152999999998,1.415368,1.6081806,19.02455504397936
46,pointcloud_1727346188_838958503.csv,2,-26.61389725,1.3925543999999999,1.7302224499999999,1.1224784999999997,0.7014681999999999,0.7961641000000002,0.6268860560010835
46,pointcloud_1727346188_838958503.csv,19,-47.0815075,2.2089201,2.11803215,1.696905000000001,2.315099,1.6096377000000002,6.323466643776202
46,pointcloud_1727346188_838958503.csv,3,-5.1413974499999995,1.78807975,2.1354556000000002,0.3470000999999998,1.4966954999999997,1.5709924000000002,0.8159003828278525
46,pointcloud_1727346188_838958503.csv,4,-31.569890166666667,1.468768675,1.752215275,0.9849756666666671,0.8344186499999999,0.8484948500000002,0.6973627003616885
47,pointcloud_1727346188_87771616.csv,14,-29.738674000000003,2.3445858,2.0652454749999998,8.515232000000001,2.454859,1.66865515,34.88105650076302
47,pointcloud_1727346188_87771616.csv,21,-49.126513,2.2703066,2.071589,1.6212739999999997,2.3940881999999997,1.6657609999999998,6.4656062666074705
47,pointcloud_1727346188_87771616.csv,4,-33.2874295,1.4643533,1.8186715875,0.979965,0.7847507,0.7121741750000001,0.5476820379347268
47,pointcloud_1727346188_87771616.csv,2,-28.388301666666663,1.4182136,1.7838680833333331,1.216356666666666,0.6917762000000001,0.8074298333333336,0.6794090821118131
47,pointcloud_1727346188_87771616.csv,3,-6.231753299999999,1.8659702500000002,2.060421,0.9015522000000002,1.5848195000000003,1.6549588,2.3646010073428942
47,pointcloud_1727346188_87771616.csv,22,-8.698083,1.4732340499999999,1.3141937000000001,1.3396059999999999,0.7703789000000001,0.10198020000000008,0.10524399438167195
47,pointcloud_1727346188_87771616.csv,6,-51.6553935,3.19507475,2.0764544,0.7377970000000005,0.1430893000000002,1.4682191999999998,0.15500115813913792
48,pointcloud_1727346188_888393973.csv,2,-28.366938,2.910057,2.1269410750000004,8.327136000000003,1.168246,1.5959785500000003,15.525908075561496
48,pointcloud_1727346188_888393973.csv,23,-26.527759,1.38681995,1.721956825,1.1545580000000015,0.6923349000000001,0.76230445,0.6093410469811323
48,pointcloud_1727346188_888393973.csv,21,-48.3539665,3.0941082,2.0653196,0.7915670000000006,0.12292159999999974,1.3998128,0.13620274031838187
48,pointcloud_1727346188_888393973.csv,3,-4.8356504000000005,2.01857305,2.12232445,0.9836216000000002,1.8845629,1.5812445,2.9311478301343374
48,pointcloud_1727346188_888393973.csv,4,-31.472414,1.4706511500000001,1.7651827500000001,0.9919860000000007,0.8577771000000001,0.8444981000000003,0.7185858606482862
48,pointcloud_1727346188_888393973.csv,19,-46.9653055,2.1962279000000002,2.1316669,1.607642999999996,2.2965334,1.5969204,5.895839450442332
48,pointcloud_1727346188_888393973.csv,14,-29.36688075,2.644831,2.9093051500000002,1.4487825,0.19257630000000026,0.03066590000000069,0.008555822081979633
48,pointcloud_1727346188_888393973.csv,6,-50.3759745,3.13715755,2.0751171,1.9194450000000032,0.22992349999999995,1.4349689999999997,0.6332884292856271
48,pointcloud_1727346188_888393973.csv,5,-47.4629535,1.7707440500000002,2.11110185,0.5548670000000016,1.0045705,0.36373849999999996,0.20274893825332302
48,pointcloud_1727346188_888393973.csv,24,-27.270474999999998,2.4274838,2.9153552,0.7858660000000022,0.061063199999999984,0.024398800000000165,0.0011708372376500135
49,pointcloud_1727346188_938518461.csv,2,-28.2807715,3.085701575,2.004943275,8.286327,0.8177263500000005,1.35435505,9.177039301076153
49,pointcloud_1727346188_938518461.csv,3,-4.7446813500000005,1.76998165,2.1126182,0.9374598999999995,1.4211507,1.5022978,2.001468983786595
49,pointcloud_1727346188_938518461.csv,23,-26.424908000000002,1.38390865,1.77993725,1.1653839999999995,0.6972897,0.7076902999999999,0.5750763985018752
49,pointcloud_1727346188_938518461.csv,19,-46.7940725,2.20080555,2.1242535499999997,1.5677749999999975,2.3215873,1.5934863,5.799854360118366
49,pointcloud_1727346188_938518461.csv,6,-49.63837100000001,3.1507414999999996,2.1435291999999997,0.6952420000000004,0.19285299999999994,1.5552096,0.20852173400176732
49,pointcloud_1727346188_938518461.csv,4,-31.359631,1.4722309,1.7730522,1.0482379999999978,0.8713183999999998,0.8378361999999999,0.7652369031730346
49,pointcloud_1727346188_938518461.csv,21,-48.2718765,3.10312605,1.8950633999999997,0.8259529999999984,0.11195189999999977,1.1332778,0.10479080701430081
50,pointcloud_1727346188_989879558.csv,4,-31.24827325,1.4533497499999999,1.7585928499999999,1.0247664999999984,0.8230259000000002,0.8416418999999999,0.7098486654461396
50,pointcloud_1727346188_989879558.csv,2,-28.212336500000003,2.6562861,2.1270847,8.278539000000002,1.6633852000000002,1.6167288,22.263001055333614
50,pointcloud_1727346188_989879558.csv,19,-47.2143125,2.1978767,2.13221885,2.696505000000002,2.2804742,1.6041727,9.864555358455567
50,pointcloud_1727346188_989879558.csv,23,-26.3755005,1.35521185,1.712509875,1.130666999999999,0.6535799,0.7771963500000001,0.5743335106278817
50,pointcloud_1727346188_989879558.csv,3,-4.89699085,1.7540555,2.1384403499999998,0.37841970000000025,1.4174403999999998,1.5877585,0.851653607496097
50,pointcloud_1727346188_989879558.csv,6,-49.851119999999995,3.1543836,2.1372904999999998,1.404907999999999,0.1838788,1.5871343999999998,0.41000886900562145
50,pointcloud_1727346188_989879558.csv,5,-47.21799,1.6419824,2.1151793,0.6727199999999982,1.1793988,0.4082883999999998,0.3239381236286432
51,pointcloud_1727346189_139790444.csv,2,-28.024828,3.0569869,2.009866725,8.232410000000002,0.8213822,1.34365945,9.085764786077204
51,pointcloud_1727346189_139790444.csv,23,-26.1412665,1.3877788,1.7663617,1.104655000000001,0.7516322,0.7243366,0.6014125270036567
51,pointcloud_1727346189_139790444.csv,19,-46.3364335,2.16786265,1.999228,1.786726999999999,2.2787847,1.3018159999999999,5.3004299600095965
51,pointcloud_1727346189_139790444.csv,4,-30.982973,1.4207080250000002,1.761716725,1.0518460000000012,0.81013545,0.8401825500000002,0.7159512530772643
51,pointcloud_1727346189_139790444.csv,3,-4.4802084,1.77712155,2.05493285,0.7072200000000004,1.5252685,1.3643699,1.4717463412832128
51,pointcloud_1727346189_139790444.csv,5,-46.769383000000005,1.7022958,2.108346,0.5429540000000017,1.2487773999999998,0.3895835999999999,0.2641488557872441
51,pointcloud_1727346189_139790444.csv,21,-48.899446499999996,3.1180056,1.98594355,3.138973,0.23801399999999973,1.2909065000000002,0.9644614441569164
52,pointcloud_1727346189_190375083.csv,2,-27.930830750000002,2.9619656,2.1390435500000002,8.269155500000004,0.9909371999999999,1.6060471,13.160293306310438
52,pointcloud_1727346189_190375083.csv,23,-26.08110025,1.37524975,1.7272802,1.0863104999999997,0.7345841,0.7659016000000003,0.6111790765938736
52,pointcloud_1727346189_190375083.csv,6,-49.793932,3.13652465,2.04220175,2.337527999999999,0.20066870000000003,1.3461527,0.6314381036857148
52,pointcloud_1727346189_190375083.csv,4,-30.8655185,1.437767075,1.763407,1.1198729999999983,0.83686795,0.8473496,0.7941240312027762
52,pointcloud_1727346189_190375083.csv,19,-46.1526465,2.1479056,2.12178825,1.6561929999999947,2.2749027999999996,1.5711551,5.919606651038678
52,pointcloud_1727346189_190375083.csv,24,-26.5720165,2.2865432500000002,2.9303448000000003,1.4838390000000032,0.3246939000000002,0.026493599999999784,0.012764443526655537
52,pointcloud_1727346189_190375083.csv,3,-4.5671005000000005,1.7924660000000001,2.1537604,0.37945899999999977,1.4779656,1.5725508,0.8819294957191629
52,pointcloud_1727346189_190375083.csv,21,-47.521908,3.0521468,2.0466702,0.8047719999999998,0.14900279999999988,1.3490548,0.16176958780461684
52,pointcloud_1727346189_190375083.csv,14,-28.972319499999998,2.6489717749999997,2.9236858,1.453863000000002,0.19020314999999988,0.03868720000000003,0.010698145196463995
53,pointcloud_1727346189_239127355.csv,3,-4.39027985,1.78153395,2.0715401499999997,0.7620202999999997,1.4655633000000001,1.4694295,1.6410426806201868
53,pointcloud_1727346189_239127355.csv,2,-27.875108499999996,3.12529025,2.0249622,8.269366999999999,0.6908495000000001,1.3847528000000002,7.910937733386348
53,pointcloud_1727346189_239127355.csv,19,-45.9951115,2.13632645,2.13923165,1.5631529999999998,2.2578657,1.6129178999999998,5.692615569255092
53,pointcloud_1727346189_239127355.csv,4,-30.742517749999998,1.43585435,1.76637815,1.122895500000002,0.8351347,0.8439489,0.7914291130704084
53,pointcloud_1727346189_239127355.csv,23,-25.998141500000003,1.35620255,1.7317809999999998,1.1262870000000014,0.7052228999999999,0.7938965999999998,0.6305788782896626
53,pointcloud_1727346189_239127355.csv,21,-48.3924655,3.113214,2.142261,2.821583000000004,0.23518559999999988,1.538596,1.0210056754895032
54,pointcloud_1727346189_289341827.csv,21,-48.460512,3.09096955,2.095763,4.292996000000002,0.3046017000000001,1.5132479999999997,1.9788046181379768
54,pointcloud_1727346189_289341827.csv,19,-45.8611925,2.1437582,2.1265912,1.5768389999999997,2.2717435999999998,1.6358548,5.859916379350711
54,pointcloud_1727346189_289341827.csv,2,-27.762497,3.1030972500000003,2.12482215,8.361252,0.7319144999999998,1.6410733000000002,10.042911683373104
54,pointcloud_1727346189_289341827.csv,3,-4.4241868,1.76110625,2.13203355,0.3684884000000004,1.4744877,1.6113839,0.8755158141819899
54,pointcloud_1727346189_289341827.csv,23,-25.867838,1.35372365,1.7555155999999998,1.2233319999999992,0.6992185,0.6918887999999999,0.5918253274491596
54,pointcloud_1727346189_289341827.csv,4,-30.714979500000002,1.443828275,1.7446807875,1.0651209999999978,0.8404425499999999,0.8694197750000001,0.7782811163304166
55,pointcloud_1727346189_339210634.csv,19,-45.733962500000004,2.1347979,2.03154925,1.6721049999999948,2.2562195999999997,1.4229540999999999,5.3682879696733075
55,pointcloud_1727346189_339210634.csv,23,-25.804786333333332,1.36534615,1.7798624,1.187850666666666,0.7147603,0.6802264,0.5775315992782113
55,pointcloud_1727346189_339210634.csv,2,-27.765833999999998,3.11496685,2.129770125,8.200492,0.7060089,1.62454005,9.405470110741833
55,pointcloud_1727346189_339210634.csv,3,-4.345116600000001,1.7480834,2.09897685,0.3213558000000001,1.4802852,1.4616723,0.6953149327821194
55,pointcloud_1727346189_339210634.csv,4,-30.59645025,1.442449775,1.74924935,1.1133974999999978,0.8392548500000001,0.8634427,0.8068217989653249
55,pointcloud_1727346189_339210634.csv,24,-26.67057825,1.3689076500000001,2.76823475,4.0161245,0.6018901000000001,0.08715910000000004,0.21068669214510585
55,pointcloud_1727346189_339210634.csv,21,-47.1421365,3.0431143,1.9619729499999998,0.7104329999999948,0.10592440000000014,1.1823173,0.0889719652311197
55,pointcloud_1727346189_339210634.csv,6,-49.4131945,3.1134002499999998,2.1312825,2.430301,0.22217449999999994,1.5722049999999999,0.8489135197089662
56,pointcloud_1727346189_38107742.csv,23,-26.27010425,1.3687076999999999,1.71520615,1.138254499999995,0.6949829999999999,0.7861490999999998,0.6218970245266696
56,pointcloud_1727346189_38107742.csv,2,-28.144872499999998,3.1235526,2.1304180500000003,8.292894999999998,0.7502865999999999,1.6192555,10.07508543507402
56,pointcloud_1727346189_38107742.csv,4,-31.1692045,1.4587046625,1.7563476000000002,1.0457730000000005,0.8458620749999999,0.8403148,0.7433254302933194
56,pointcloud_1727346189_38107742.csv,19,-46.485687999999996,2.1685056499999997,2.06852795,1.5994439999999983,2.2905603,1.4822173,5.430285285259634
56,pointcloud_1727346189_38107742.csv,3,-4.565958,1.7915831500000001,2.12559965,0.8069534000000003,1.4950477,1.6056237000000002,1.937078741383326
56,pointcloud_1727346189_38107742.csv,6,-49.94133,3.1441046,2.0159793,1.9260560000000027,0.21028599999999997,1.3080874,0.5298049754932188
56,pointcloud_1727346189_38107742.csv,21,-47.897233,3.08074065,2.0150986,0.8548140000000046,0.14189730000000012,1.2835636,0.15569087191871575
57,pointcloud_1727346189_388943465.csv,3,-4.05668925,1.7827492999999999,2.03931065,0.8594340999999996,1.5446628,1.3939309,1.8504932886206047
57,pointcloud_1727346189_388943465.csv,2,-27.7482535,3.133118975,1.9816152750000002,8.109093000000001,0.6896870499999999,1.35207315,7.5617887611451255
57,pointcloud_1727346189_388943465.csv,4,-30.5011655,1.443024525,1.7454653,1.1220630000000007,0.8481011500000002,0.8704041999999999,0.8282965869695679
57,pointcloud_1727346189_388943465.csv,23,-25.76228175,1.35325225,1.7340843499999998,1.1501524999999972,0.6902735,0.7602486999999998,0.6035764895508463
57,pointcloud_1727346189_388943465.csv,21,-47.5301495,2.1266726,2.0167141,5.456005000000005,2.2379147999999995,1.4123592000000003,17.245010824486446
58,pointcloud_1727346189_438874640.csv,2,-27.666846,3.117499,2.1311307,8.156660000000002,0.6861436000000003,1.6313323999999998,9.129980255104002
58,pointcloud_1727346189_438874640.csv,4,-30.4491315,1.44133805,1.7525370000000002,1.101815000000002,0.8448077,0.8597484000000002,0.8002725497750642
58,pointcloud_1727346189_438874640.csv,21,-45.89225,1.6671774,2.0884778500000003,0.7402960000000007,1.1353792,0.43904830000000006,0.36902741958242097
58,pointcloud_1727346189_438874640.csv,19,-45.936950499999995,2.1277635,2.0622914,2.6660690000000002,2.260673,1.4883838,8.970653189098721
58,pointcloud_1727346189_438874640.csv,6,-49.3056415,3.1022032499999996,2.0168451999999997,2.759322999999995,0.21665350000000005,1.3102188,0.7832710534668986
58,pointcloud_1727346189_438874640.csv,23,-25.674815000000002,1.3443961,1.733061325,1.1853540000000002,0.692326,0.7417450499999998,0.6087141088330196
58,pointcloud_1727346189_438874640.csv,3,-3.96001245,1.76937295,2.1113422,0.7632103000000003,1.5449353000000001,1.5723882,1.8540194898327431
59,pointcloud_1727346189_488069298.csv,19,-45.854535999999996,2.12242355,2.12911365,2.6204719999999995,2.2420009,1.6369619,9.617315812097205
59,pointcloud_1727346189_488069298.csv,2,-27.548077499999998,2.9915384,2.12481905,8.238207,0.9363082,1.6441083000000003,12.681830633734437
59,pointcloud_1727346189_488069298.csv,4,-30.31956525,1.4267275750000001,1.74898485,1.0038855000000027,0.8599358500000001,0.854581,0.7377402336693444
59,pointcloud_1727346189_488069298.csv,23,-25.649829500000003,1.3726264,1.7377126,1.0610350000000004,0.7530757999999999,0.7736916000000003,0.6182103669760222
59,pointcloud_1727346189_488069298.csv,21,-45.84854,1.66697565,2.10863215,0.649240000000006,1.1200793000000002,0.39092170000000004,0.28427837154792024
59,pointcloud_1727346189_488069298.csv,3,-4.06711965,1.76467397,2.1247919,0.5247993000000002,1.5400748599999998,1.639565,1.3251459617592942
59,pointcloud_1727346189_488069298.csv,6,-48.4794005,3.0920066999999998,2.1312720499999998,1.4355310000000046,0.24819419999999992,1.5465379000000001,0.5510167123566327
59,pointcloud_1727346189_488069298.csv,25,-5.686450000000001,1.64764475,1.45802115,0.5413459999999999,1.0340619000000002,0.31006430000000007,0.17356942892146834
60,pointcloud_1727346189_538828061.csv,19,-45.689205,2.11676735,2.0182526,2.6232979999999984,2.2264413000000003,1.391355,8.126374461834027
60,pointcloud_1727346189_538828061.csv,4,-30.253958,1.4435042,1.7532611,1.008896,0.8542491999999999,0.858077,0.7395324619000535
60,pointcloud_1727346189_538828061.csv,2,-27.464852999999998,3.1062115500000003,1.9915227999999998,8.284496,0.7117654999999998,1.3358297999999997,7.8768786282930705
60,pointcloud_1727346189_538828061.csv,23,-25.536112000000003,1.3558159,1.7631037,1.1621360000000003,0.732223,0.709311,0.6035830233868421
60,pointcloud_1727346189_538828061.csv,3,-3.9807958,1.759250175,2.0491943,0.40072039999999953,1.5384464500000004,1.3129157999999999,0.8093953610730182
60,pointcloud_1727346189_538828061.csv,25,-5.47438135,1.63792025,1.46308135,0.2631667000000002,1.0210025,0.26872830000000003,0.07220564384651965
60,pointcloud_1727346189_538828061.csv,6,-48.9767335,3.09457085,1.9784362500000001,2.675252999999998,0.21957829999999978,1.3132243000000001,0.7714240751179506
61,pointcloud_1727346189_587911009.csv,2,-27.5020925,3.1055801,2.1341355,8.081164999999999,0.7177677999999998,1.6306309999999997,9.458312090698625
61,pointcloud_1727346189_587911009.csv,4,-30.1487725,1.4386058,1.75094055,1.030034999999998,0.858789,0.8590054999999999,0.7598614282262853
61,pointcloud_1727346189_587911009.csv,19,-47.302214,2.10854505,2.1328549,6.119572000000005,2.1889429,1.6305083999999999,21.841301917262392
61,pointcloud_1727346189_587911009.csv,23,-25.493314499999997,1.35862255,1.7338084999999999,1.1207910000000005,0.7484913,0.7900189999999998,0.6627487661123969
61,pointcloud_1727346189_587911009.csv,3,-3.9668513,1.76925265,2.06709575,0.34438140000000006,1.5016367000000002,1.4045829,0.7263600300765957
61,pointcloud_1727346189_587911009.csv,21,-45.515561500000004,1.6290366499999998,2.1338977999999997,0.6388829999999999,1.2037835,0.4440794000000001,0.34153117003976013
62,pointcloud_1727346189_637630713.csv,2,-27.41275925,3.10540885,2.1393373,8.139494499999998,0.6857877000000001,1.6287246000000002,9.09148405764598
62,pointcloud_1727346189_637630713.csv,4,-30.0646395,1.41213463,1.7553048,1.0458010000000009,0.8622741399999998,0.8551205999999998,0.7711196731118911
62,pointcloud_1727346189_637630713.csv,23,-25.456428000000002,1.33778515,1.7350832999999999,1.014756000000002,0.7177226999999999,0.7857565999999998,0.5722770736172105
62,pointcloud_1727346189_637630713.csv,19,-47.062825000000004,2.09921515,2.04968285,5.9023500000000055,2.2379143,1.4498047000000003,19.15040282086485
62,pointcloud_1727346189_637630713.csv,3,-3.6808224,1.75501475,2.1351717,0.7390403999999995,1.5033776999999997,1.5662074000000001,1.7401454708768098
62,pointcloud_1727346189_637630713.csv,21,-45.43585,1.590273,2.0918465,0.5859400000000008,1.0912960000000003,0.4244355999999998,0.2713985442146817
63,pointcloud_1727346189_688773134.csv,2,-27.3328285,3.1085862,2.13080575,8.182029,0.6961953999999997,1.6464581,9.378704378645345
63,pointcloud_1727346189_688773134.csv,19,-45.268938,2.09218978,2.0430388,2.6125439999999998,2.22755144,1.4676466000000001,8.541081148907463
63,pointcloud_1727346189_688773134.csv,23,-25.2839595,1.30277635,1.7684555,1.1482530000000004,0.6427393000000001,0.6993435999999997,0.5161346894709837
63,pointcloud_1727346189_688773134.csv,21,-45.2918395,1.82478965,2.15604115,0.5908510000000007,1.6845963,0.4371843000000002,0.43514938565199635
63,pointcloud_1727346189_688773134.csv,4,-30.004684,1.430758725,1.7568696,1.0867879999999985,0.8430838500000002,0.8718467999999999,0.7988326045209608
63,pointcloud_1727346189_688773134.csv,3,-3.81337645,1.7424683499999998,1.99239255,0.3093777000000002,1.5088652999999999,1.3409814999999998,0.6259826033104211
63,pointcloud_1727346189_688773134.csv,6,-48.633219999999994,3.07228935,2.01624205,2.8072000000000017,0.2337931000000002,1.3544331,0.888919848151489
63,pointcloud_1727346189_688773134.csv,25,-5.305941600000001,1.5425391,1.4327595,0.3693868,0.87572,0.24477340000000014,0.07917915464755486
64,pointcloud_1727346189_738937317.csv,23,-25.243105999999997,1.29407605,1.68992425,1.1467959999999984,0.6543853,0.7171907000000002,0.5382132108426048
64,pointcloud_1727346189_738937317.csv,2,-27.208855,3.1175772,2.1329745,8.320549999999997,0.6529920000000002,1.6444508999999998,8.934717104317246
64,pointcloud_1727346189_738937317.csv,19,-46.770756000000006,2.07799423,2.0193941,5.793371999999998,2.22270514,1.4187378,18.26902666967442
64,pointcloud_1727346189_738937317.csv,4,-29.917813,1.41188545,1.7442837,1.0968039999999988,0.8744277,0.8661317999999998,0.8306860481856293
64,pointcloud_1727346189_738937317.csv,21,-45.171911,1.5992252850000002,2.10802105,0.5522119999999973,1.22629023,0.4423126999999998,0.29952185551686916
64,pointcloud_1727346189_738937317.csv,3,-3.75569725,1.7283301,2.05286215,0.39432529999999977,1.5073518000000001,1.4769039000000002,0.8778524056578111
65,pointcloud_1727346189_789510272.csv,3,-3.65338225,1.71725653,2.1587,0.4036884999999999,1.5065841399999997,1.5917091999999997,0.9680627191747029
65,pointcloud_1727346189_789510272.csv,2,-27.143462,3.1039516000000003,2.00789295,8.313783999999998,0.6826956000000002,1.3012379,7.385544935707259
65,pointcloud_1727346189_789510272.csv,21,-45.0121575,2.06996995,2.0867145000000002,2.653205,2.2057081,1.4585518,8.535730658913478
65,pointcloud_1727346189_789510272.csv,4,-29.827932,1.4131462150000003,1.7596724000000001,1.1113959999999992,0.8391231700000004,0.8013292000000001,0.7473181171568264
65,pointcloud_1727346189_789510272.csv,6,-48.773858000000004,3.0441483,2.0661282499999998,3.6598959999999963,0.27190899999999996,1.4098863,1.4030605631244297
65,pointcloud_1727346189_789510272.csv,23,-25.1029015,1.2831485,1.715106,0.9859690000000008,0.6313014,0.6505966000000001,0.40495969639455015
66,pointcloud_1727346189_838626576.csv,2,-27.159758500000002,3.0924312,2.1495967499999997,8.153482999999998,0.697273,1.6269684999999998,9.249647094962707
66,pointcloud_1727346189_838626576.csv,19,-47.098152,2.06309745,2.06957745,7.011436000000003,2.2168831,1.4600969000000001,22.69506577213434
66,pointcloud_1727346189_838626576.csv,23,-25.021349,1.29687097,1.7419411999999999,0.986305999999999,0.69110446,0.6395888000000001,0.43596961377231025
66,pointcloud_1727346189_838626576.csv,4,-29.770021999999997,1.42488775,1.7666666500000001,1.0637480000000004,0.9168541,0.8145003000000002,0.7943835395938735
66,pointcloud_1727346189_838626576.csv,3,-3.6139067999999996,1.70643735,2.1408148000000002,0.45933160000000006,1.5063257,1.6005612,1.1074330862035702
67,pointcloud_1727346189_889547761.csv,4,-29.663601333333332,1.4133693699999998,1.7481660833333335,1.0613366666666657,0.8480638599999998,0.8189353666666668,0.7371083851170871
67,pointcloud_1727346189_889547761.csv,2,-27.0595895,3.1016819,2.014307825,8.239425,0.7193237999999997,1.3583886499999995,8.050917548562508
67,pointcloud_1727346189_889547761.csv,21,-44.7396335,2.06749795,2.0692153,2.6683609999999973,2.2181697,1.467185,8.684088312511093
67,pointcloud_1727346189_889547761.csv,3,-3.2519293,1.77030735,2.1363049,0.9113521999999996,1.5396953,1.5885706000000002,2.22908973058888
67,pointcloud_1727346189_889547761.csv,23,-25.0250165,1.2978505,1.7444408999999998,1.1482930000000025,0.6845048,0.6292249999999999,0.4945784449385456
67,pointcloud_1727346189_889547761.csv,6,-48.933023,3.0352240999999998,2.07359985,4.521045999999998,0.26631579999999966,1.4178457,1.7071230617303266
67,pointcloud_1727346189_889547761.csv,25,-5.0585003,1.55806205,1.47933915,0.48788059999999955,1.1618719,0.29149249999999993,0.1652339110404354
68,pointcloud_1727346189_88979507.csv,2,-28.068753,3.0701828,1.993765225,8.328024,0.7860326000000004,1.3278968499999997,8.692543388823843
68,pointcloud_1727346189_88979507.csv,4,-31.0769135,1.432253,1.7547488625,1.0480269999999976,0.8369806,0.8494073249999998,0.7450816455552102
68,pointcloud_1727346189_88979507.csv,21,-46.3964005,2.1723236000000004,2.04053615,1.582695000000001,2.3113844,1.4080757000000002,5.151045805396413
68,pointcloud_1727346189_88979507.csv,23,-26.212927,1.35656895,1.737609375,1.1138119999999994,0.6833950999999998,0.7765102500000001,0.5910591514436584
68,pointcloud_1727346189_88979507.csv,25,-4.3011313,1.7861188,2.0068202,1.1385174000000005,1.5280424,1.354518,2.356458838978983
68,pointcloud_1727346189_88979507.csv,19,-46.965780499999994,1.7565676000000001,2.08487705,0.490749000000001,1.0632594000000002,0.4311619,0.22497747138784144
68,pointcloud_1727346189_88979507.csv,26,-47.8214265,3.07920365,2.04855275,0.7519070000000028,0.11591130000000005,1.2442479,0.10844182580925564
68,pointcloud_1727346189_88979507.csv,6,-49.892061,3.1469920499999997,1.98929955,2.097278000000003,0.19110610000000028,1.2554927,0.5032047625412082
69,pointcloud_1727346189_940977607.csv,21,-44.617206499999995,2.0512948,2.0783286,2.6821669999999997,2.2131920000000003,1.4178638,8.41665297203224
69,pointcloud_1727346189_940977607.csv,26,-48.672070000000005,3.02080385,2.0808193499999996,4.178339999999999,0.2782982999999999,1.3514732999999999,1.5715268303625993
69,pointcloud_1727346189_940977607.csv,4,-29.585203999999997,1.38421213,1.7668603250000001,1.1112879999999983,0.87590574,0.78544535,0.7645395736832433
69,pointcloud_1727346189_940977607.csv,2,-27.0122335,3.0917331,2.0215559,8.217013000000001,0.6889750000000001,1.3185396000000003,7.464670035148146
69,pointcloud_1727346189_940977607.csv,3,-3.1453457499999997,1.72814287,2.1758661,0.8868905000000002,1.56311586,1.5646820000000001,2.1691383819722527
69,pointcloud_1727346189_940977607.csv,23,-24.829936,1.2880885800000001,1.74654365,0.9229979999999998,0.6810298400000001,0.6486097,0.40770903963189203
70,pointcloud_1727346189_989856354.csv,2,-26.972255,3.10670505,2.02537155,8.156213999999999,0.6439607,1.3064003,6.861581835682577
70,pointcloud_1727346189_989856354.csv,4,-29.511111,1.4026925499999998,1.7737293,1.1788919999999976,0.8579692999999999,0.7964047999999999,0.8055261388691133
70,pointcloud_1727346189_989856354.csv,21,-44.501008,2.050435765,2.05735185,2.577624,2.1946496699999996,1.3596673,7.691612981139738
70,pointcloud_1727346189_989856354.csv,26,-48.368635499999996,3.01313955,2.0495951,3.8821450000000013,0.29420490000000044,1.325808,1.5142664120352758
70,pointcloud_1727346189_989856354.csv,3,-3.32453825,1.7437656,2.17504505,0.31197929999999996,1.5331177999999999,1.5839758999999998,0.7576172855549438
70,pointcloud_1727346189_989856354.csv,23,-24.769229,1.29132615,1.75027035,0.915067999999998,0.6916649,0.6891565000000002,0.4361812191606096
71,pointcloud_1727346190_138423294.csv,2,-26.7970235,3.0810789,2.17237615,8.153527,0.6645382,1.5982313,8.659744849422914
71,pointcloud_1727346190_138423294.csv,19,-46.429106000000004,2.03453085,2.17655495,7.205401999999999,2.2239699,1.6058431000000002,25.732988788336833
71,pointcloud_1727346190_138423294.csv,4,-29.287592250000003,1.3817724249999999,1.7651746,1.1401014999999965,0.8121345499999999,0.7707943999999998,0.7136907278920938
71,pointcloud_1727346190_138423294.csv,27,-25.3695375,1.0861473,2.78634,1.3378749999999968,0.12498239999999994,0.017344999999999722,0.002900271818597945
71,pointcloud_1727346190_138423294.csv,3,-3.0969601,1.70500335,2.1171229,0.3872070000000001,1.5482361,1.4580073999999998,0.874057729635128
71,pointcloud_1727346190_138423294.csv,23,-24.579602,1.2734027,1.7968954999999998,0.8362599999999993,0.7005386,0.6455629999999999,0.37819172786184474
72,pointcloud_1727346190_188086359.csv,23,-24.50875825,1.2628184500000001,1.8117826,0.796737499999999,0.6838453,0.6548524,0.35679318338349175
72,pointcloud_1727346190_188086359.csv,19,-45.7681885,2.02628575,2.1738409499999998,6.140136999999996,2.2157409,1.6246060999999998,22.10268911820621
72,pointcloud_1727346190_188086359.csv,2,-26.690248500000003,2.7755318,2.1710998999999997,8.250347000000001,1.3053670000000004,1.6288665999999998,17.5424546483395
72,pointcloud_1727346190_188086359.csv,4,-29.183495,1.3781953,1.7601495000000003,1.1550900000000013,0.7621136000000001,0.7566748000000001,0.6661082405091864
72,pointcloud_1727346190_188086359.csv,3,-3.00260355,1.6711151,2.0976741,0.3583831000000002,1.4979538,1.4479928000000002,0.777342375515579
73,pointcloud_1727346190_237965528.csv,21,-43.850504,2.0210301999999998,2.17218945,2.6561920000000043,2.2095814,1.6358456999999997,9.600896910737942
73,pointcloud_1727346190_237965528.csv,28,-27.838317500000002,2.31847285,2.9617411000000002,2.0433270000000014,0.7596548999999997,0.05654780000000015,0.08777481656063855
73,pointcloud_1727346190_237965528.csv,4,-29.097687,1.36364255,1.75443055,1.14349,0.7921693,0.8025308999999998,0.7269627228518335
73,pointcloud_1727346190_237965528.csv,26,-47.724474,2.98878495,2.1758313,3.8893620000000055,0.27871250000000014,1.6128140000000002,1.7483126431955334
73,pointcloud_1727346190_237965528.csv,2,-26.676926,2.9591125333333332,2.1717503000000002,8.126231999999998,0.8876921333333332,1.63829,11.817955998171948
73,pointcloud_1727346190_237965528.csv,23,-24.372214,1.2665664,1.8254542,0.7692279999999982,0.67257,0.6361121999999999,0.3290988016662019
73,pointcloud_1727346190_237965528.csv,3,-2.91426275,1.69164407,2.1807637,0.3625069000000001,1.5205366599999999,1.6188402,0.8923128625488863
74,pointcloud_1727346190_288118989.csv,26,-48.368902500000004,2.97224735,2.19531205,5.377924999999998,0.3055139000000002,1.5652447,2.571745315275697
74,pointcloud_1727346190_288118989.csv,2,-26.605227499999998,3.012547775,2.13150215,8.122553,0.8451890500000001,1.5372619,10.553445683870198
74,pointcloud_1727346190_288118989.csv,21,-43.7338015,2.02276195,2.17682315,2.667383000000001,2.2240265,1.6334849000000002,9.69037225705025
74,pointcloud_1727346190_288118989.csv,3,-2.8397845999999998,1.697597375,2.1930315499999997,0.4197884000000003,1.4801728499999998,1.5708154999999997,0.9760409646916787
74,pointcloud_1727346190_288118989.csv,23,-24.3050145,1.2597562999999998,1.8363113500000001,0.7971290000000018,0.6866597999999999,0.6134967000000002,0.33580136948841144
74,pointcloud_1727346190_288118989.csv,4,-28.99968425,1.360441325,1.7599472,1.0800225000000019,0.8594057499999999,0.7501031999999999,0.6962289478948444
74,pointcloud_1727346190_288118989.csv,29,-30.648047249999998,1.5680527249999998,2.5973189000000003,0.10832449999999838,0.41974515,0.41817899999999986,0.01901404859783757
75,pointcloud_1727346190_338941036.csv,19,-46.4217455,2.02035723,2.0559914,8.351623000000004,2.21466894,1.4235567999999998,26.3302205380449
75,pointcloud_1727346190_338941036.csv,3,-2.7653141,1.67992175,2.04775145,0.3712005999999999,1.4865677000000002,1.3049297000000002,0.7200795503637097
75,pointcloud_1727346190_338941036.csv,2,-26.509896,3.01347415,2.1683445,8.232568,0.8011176999999998,1.6520482,10.895680706287315
75,pointcloud_1727346190_338941036.csv,4,-28.943267,1.3690712,1.7405716249999998,1.1379459999999995,0.8052758,0.7674810499999998,0.7032892231723525
75,pointcloud_1727346190_338941036.csv,23,-24.2162625,1.252655015,1.8526642,0.8302610000000001,0.69135997,0.6572652000000001,0.3772762848194337
75,pointcloud_1727346190_338941036.csv,21,-43.570765,1.47681605,2.144496,0.5882500000000022,1.0755664999999999,0.37392519999999996,0.23658321950662767
76,pointcloud_1727346190_38409547.csv,2,-26.8749245,2.7428507499999997,2.1556655833333336,8.250307,1.3392731000000002,1.6257317666666666,17.963383719763815
76,pointcloud_1727346190_38409547.csv,3,-3.0521811999999997,1.72506775,2.1505914,0.7122383999999999,1.5490462999999999,1.5900277999999999,1.7542621820674713
76,pointcloud_1727346190_38409547.csv,21,-44.4017945,2.03881775,2.1567736,2.624741,2.1894791000000002,1.6304436,9.369858654116841
76,pointcloud_1727346190_38409547.csv,4,-29.43949375,1.3982332425,1.73559025,1.1606544999999997,0.8020233149999999,0.7905258999999998,0.7358784015999809
76,pointcloud_1727346190_38409547.csv,23,-24.717381,1.2677953,1.7948976,0.8319779999999994,0.6510558,0.6369114,0.34499204177174836
76,pointcloud_1727346190_38409547.csv,26,-48.3187865,3.00015055,2.16523435,4.061172999999997,0.3032735,1.5484518999999999,1.9071448208094939
76,pointcloud_1727346190_38409547.csv,30,-4.893196,1.4499244500000001,1.4621336500000002,0.7073860000000005,1.0244207,0.22033649999999994,0.15966923786366824
77,pointcloud_1727346190_392743404.csv,2,-26.533019,3.06322135,2.18016005,8.048032,0.7211273,1.6426725,9.533505431371553
77,pointcloud_1727346190_392743404.csv,4,-28.869875,1.3708420000000001,1.7569966,1.1140940000000015,0.7925682000000001,0.7946682,0.7016884256885803
77,pointcloud_1727346190_392743404.csv,21,-43.4703465,2.01286338,2.1806295,2.614322999999999,2.21811244,1.6342892,9.477018141090209
77,pointcloud_1727346190_392743404.csv,23,-24.177842,1.23598343,1.83702825,0.876768000000002,0.69177114,0.6623968999999998,0.4017588217544687
77,pointcloud_1727346190_392743404.csv,3,-2.63859275,1.70542345,2.07852125,0.34061249999999976,1.5761473,1.3858871,0.7440210735158381
77,pointcloud_1727346190_392743404.csv,26,-47.60804,2.9693126999999997,2.1832423,4.4311679999999996,0.2780923999999998,1.6187219999999998,1.9947092667996482
77,pointcloud_1727346190_392743404.csv,29,-30.564205,1.4060757499999998,2.392247175,0.07854000000000028,0.2016715,0.6610716500000002,0.010470898706594097
78,pointcloud_1727346190_438193688.csv,23,-24.1072685,1.27032087,1.84573915,0.8533270000000002,0.6871270600000001,0.6003061000000001,0.3519859235578344
78,pointcloud_1727346190_438193688.csv,2,-26.428140499999998,2.8784911,2.18174125,8.124309,1.0923053999999999,1.6461734999999997,14.608516648694017
78,pointcloud_1727346190_438193688.csv,31,-27.310426,2.21089495,2.9835018125,1.4764460000000028,0.9428589,0.042669575000000126,0.05939947269609272
78,pointcloud_1727346190_438193688.csv,19,-46.3951975,2.0079887,2.18478585,8.699285000000003,2.212761,1.6330529,31.435351489720883
78,pointcloud_1727346190_438193688.csv,4,-28.7922495,1.38786783,1.76393055,1.1091729999999984,0.82400494,0.7399993,0.6763327433979959
78,pointcloud_1727346190_438193688.csv,3,-2.4374675999999997,1.75069475,2.1787448,0.5083579999999999,1.6876421,1.6315842,1.3997790980987783
79,pointcloud_1727346190_488422984.csv,2,-26.309676,2.91233475,2.181671525,8.248159999999999,1.0081305,1.64655665,13.691483528532235
79,pointcloud_1727346190_488422984.csv,19,-46.09331400000001,2.01081372,2.1806977,8.366588,2.23021556,1.6464486000000003,30.721569704474614
79,pointcloud_1727346190_488422984.csv,31,-27.32869225,2.117281183333333,2.98063275,1.3581184999999962,1.1356329666666662,0.04508969999999968,0.06954293283126325
79,pointcloud_1727346190_488422984.csv,4,-28.7216395,1.3747610000000001,1.751388775,1.0834270000000004,0.8103216000000001,0.7629828499999998,0.6698411845922546
79,pointcloud_1727346190_488422984.csv,3,-2.26254275,1.68968335,2.1743123,0.7134285000000002,1.5729796999999999,1.6330094,1.8325771074834185
79,pointcloud_1727346190_488422984.csv,23,-24.0063365,1.2443794,1.8832307,0.7681949999999986,0.6954934,0.6167525999999999,0.32951521931455335
79,pointcloud_1727346190_488422984.csv,29,-30.28451475,1.4291681999999999,2.5061457,0.3914644999999979,0.2836852000000001,0.9897114,0.10991010832076153
80,pointcloud_1727346190_539596063.csv,2,-26.338524,2.962900775,2.18084745,8.061954,0.9016144500000003,1.6565919000000002,12.041392498489849
80,pointcloud_1727346190_539596063.csv,4,-28.639544,1.37789093,1.75160645,1.098752000000001,0.80912754,0.7900380999999999,0.7023679692979216
80,pointcloud_1727346190_539596063.csv,21,-43.069602,2.0064651000000002,2.1808784,2.6354360000000057,2.2358334,1.6556267999999998,9.755608456267518
80,pointcloud_1727346190_539596063.csv,3,-2.09391025,1.67873085,2.1866996,0.7460326999999998,1.5595686999999998,1.5838999999999999,1.8428506200600296
80,pointcloud_1727346190_539596063.csv,31,-27.188225000000003,2.2936889,2.99308005,1.508782,0.7785445999999998,0.03051069999999978,0.03583951819829618
80,pointcloud_1727346190_539596063.csv,23,-23.971406,1.2552201099999998,1.882391475,0.7514280000000007,0.6770108799999999,0.5977754500000001,0.3041032748755344
80,pointcloud_1727346190_539596063.csv,26,-47.646267,2.95924595,2.1859069,5.370018000000002,0.27572870000000016,1.6447878000000002,2.4353847973147844
80,pointcloud_1727346190_539596063.csv,29,-30.368843499999997,1.42479035,2.2437846500000003,0.06684100000000015,0.21521809999999997,0.9107126999999999,0.013100960119717876
81,pointcloud_1727346190_590479596.csv,2,-26.25498,2.3409027,2.180841,8.201526000000001,2.1567689999999997,1.6608572,29.378565905773723
81,pointcloud_1727346190_590479596.csv,3,-1.9658556,1.670760885,2.1652789,0.9285602000000002,1.55813983,1.5902376,2.3007981111625027
81,pointcloud_1727346190_590479596.csv,19,-46.2077065,2.00524285,2.05689975,9.180107,2.2299967,1.4119905,28.905716461414425
81,pointcloud_1727346190_590479596.csv,23,-23.872075000000002,1.25476383,1.8792217,0.776250000000001,0.7146663399999998,0.5702471999999998,0.3163501920715665
81,pointcloud_1727346190_590479596.csv,4,-28.5211815,1.360360675,1.74146725,1.118355000000001,0.8000651499999999,0.7751040999999999,0.6935297113311064
81,pointcloud_1727346190_590479596.csv,31,-27.117064,2.183679725,2.997340225,1.5190219999999997,0.9715088499999998,0.02779005000000012,0.041010980548385194
82,pointcloud_1727346190_638877290.csv,21,-42.831303000000005,2.0063523,2.19804215,2.676566000000001,2.2259934,1.6381813,9.760314083297137
82,pointcloud_1727346190_638877290.csv,2,-26.112818,2.78445085,2.197231,8.213256000000001,1.2639067000000002,1.6413119999999999,17.03811402657776
82,pointcloud_1727346190_638877290.csv,26,-47.561755000000005,2.94011025,2.1914377,5.611449999999998,0.29810349999999985,1.6272230000000003,2.7220070568303947
82,pointcloud_1727346190_638877290.csv,23,-23.844103,1.24149817,1.8883259,0.9354280000000017,0.6951564600000002,0.5835661999999999,0.37947490255304794
82,pointcloud_1727346190_638877290.csv,4,-28.449855,1.37261965,1.77272105,1.118389999999998,0.8050151,0.7451214999999998,0.6708484130600828
82,pointcloud_1727346190_638877290.csv,29,-30.03681783333333,1.8202721249999998,2.28839984,0.47202633333333566,1.06463775,1.4230120800000001,0.7151162977222565
82,pointcloud_1727346190_638877290.csv,31,-27.321481499999997,2.114064275,2.9871933000000004,2.0979729999999996,1.1500941500000001,0.061612599999999684,0.14866297692570335
82,pointcloud_1727346190_638877290.csv,3,-2.1447363,1.63098145,2.22394135,0.3634700000000002,1.5125560999999998,1.5720587000000001,0.864268771055069
83,pointcloud_1727346190_689309151.csv,2,-26.1480395,2.3382336,2.1858058,8.162030999999999,2.1717731999999996,1.6644592,29.504337241146544
83,pointcloud_1727346190_689309151.csv,4,-28.372712999999997,1.37102688,1.75281025,1.078126000000001,0.77235104,0.7923970999999999,0.6598225178709263
83,pointcloud_1727346190_689309151.csv,19,-45.8837355,1.9925773000000002,2.18895915,9.017180999999994,2.2296204,1.6672782999999998,33.52044800147406
83,pointcloud_1727346190_689309151.csv,3,-1.97908305,1.6763795,2.0865786,0.5587483,1.564921,1.346682,1.1775346312440658
83,pointcloud_1727346190_689309151.csv,31,-27.035471,2.2940895,2.99943255,1.399910000000002,0.7603149999999999,0.04239650000000017,0.045125671733959455
83,pointcloud_1727346190_689309151.csv,23,-23.7742665,1.2409251000000001,1.867961775,0.9150929999999988,0.6816106000000001,0.6029803499999999,0.3761012081040423
84,pointcloud_1727346190_737735769.csv,2,-26.024275,2.34092975,2.1931722999999996,8.239364000000002,2.1503349,1.6581923999999997,29.37884470087365
84,pointcloud_1727346190_737735769.csv,19,-45.614905,1.98631168,2.1981084,8.766189999999995,2.2336230400000003,1.6566652000000002,32.43810757092535
84,pointcloud_1727346190_737735769.csv,31,-26.94046475,2.0954319,2.988892025,1.4961555000000004,1.1765792,0.07717994999999966,0.1358633731396064
84,pointcloud_1727346190_737735769.csv,23,-23.6337395,1.23058738,1.8934221999999998,0.7170670000000001,0.6757586400000001,0.5614395999999997,0.2720535422491052
84,pointcloud_1727346190_737735769.csv,4,-28.278941500000002,1.376263365,1.7531643,1.0439410000000002,0.80428407,0.7803402000000002,0.6551932311940709
84,pointcloud_1727346190_737735769.csv,3,-1.91381835,1.64274038,2.1998191,0.3661078999999998,1.5266044400000003,1.6026068000000002,0.8957000586464655
85,pointcloud_1727346190_786475153.csv,2,-25.95019675,2.32000795,2.19621755,8.296549499999998,2.1642969,1.6598100999999998,29.803876081797828
85,pointcloud_1727346190_786475153.csv,31,-26.846365,2.10179805,3.0001780333333334,1.5216299999999983,1.1538518999999998,0.060464533333333126,0.10615973773747601
85,pointcloud_1727346190_786475153.csv,23,-23.515906,1.2163985,1.87235635,0.6998500000000014,0.6881404,0.5854223000000001,0.28193648707329094
85,pointcloud_1727346190_786475153.csv,4,-28.204054,1.3613975,1.7555268,1.0417179999999995,0.7646911,0.7654175999999997,0.6097259067530266
85,pointcloud_1727346190_786475153.csv,19,-45.58394,1.9941157,2.077498,8.890120000000003,2.2481472,1.40866,28.15389908394946
85,pointcloud_1727346190_786475153.csv,3,-1.88968845,1.6710105,2.1766636,0.43245310000000003,1.6060944,1.6164268,1.1227062099333134
85,pointcloud_1727346190_786475153.csv,21,-42.413618,1.45854245,2.1089959499999997,0.550303999999997,1.0065281000000001,0.5003071000000001,0.2771183213677821
86,pointcloud_1727346190_836832559.csv,26,-47.1550845,2.9367598,2.20394825,5.820094999999995,0.27246360000000003,1.6263966999999997,2.579081395197387
86,pointcloud_1727346190_836832559.csv,2,-25.922059,2.337454975,2.2058694250000004,8.193601999999998,2.15046205,1.6604380500000002,29.256968509523674
86,pointcloud_1727346190_836832559.csv,31,-26.84271375,2.2738768499999997,3.00480545,1.373020499999999,0.7955292999999999,0.06598110000000013,0.07206970640363894
86,pointcloud_1727346190_836832559.csv,21,-42.3191565,1.9888793,2.2035508,2.6374270000000024,2.256108,1.6535767999999997,9.839311359418648
86,pointcloud_1727346190_836832559.csv,4,-28.116543,1.348751,1.75769565,1.0382260000000016,0.7474268000000001,0.7559842999999999,0.586642257096133
86,pointcloud_1727346190_836832559.csv,23,-23.444053,1.21626985,1.8694117,0.7247539999999972,0.7011407,0.6057609999999998,0.3078201943620793
86,pointcloud_1727346190_836832559.csv,3,-1.7374954,1.7007161499999999,2.2083416,0.47499080000000005,1.5203244999999999,1.6548462000000002,1.195030883946514
87,pointcloud_1727346190_88602737.csv,2,-26.837283,3.0629976,2.0246043499999997,8.180486000000002,0.6983861999999998,1.3425474999999998,7.670159852878376
87,pointcloud_1727346190_88602737.csv,26,-48.08031,3.0060786000000004,2.0289087500000003,3.7969399999999993,0.28752120000000003,1.2870521,1.405075736588557
87,pointcloud_1727346190_88602737.csv,19,-44.2207565,2.0311768,2.0279903,2.626296999999994,2.1841726,1.3234024,7.5914145891636915
87,pointcloud_1727346190_88602737.csv,3,-2.9115305,1.7184879849999999,2.0246942,0.7966747999999999,1.54647923,1.3435560000000002,1.6553161198014776
87,pointcloud_1727346190_88602737.csv,4,-29.364747,1.385371325,1.7707922,1.1510640000000016,0.8726961500000001,0.7789616000000001,0.7824896114993516
87,pointcloud_1727346190_88602737.csv,23,-24.621621,1.28761005,1.7873757000000001,0.8933320000000009,0.6941704999999999,0.6580062000000002,0.40804591126101936
87,pointcloud_1727346190_88602737.csv,21,-44.26184,1.5679375000000002,2.0849735999999996,0.4255600000000044,0.9819204000000001,0.41181519999999994,0.17208358906949542
88,pointcloud_1727346190_887074813.csv,2,-25.9276485,2.33884275,2.2093682,8.019652999999998,2.1010577,1.6634225999999999,28.02826108735269
88,pointcloud_1727346190_887074813.csv,4,-28.032801,1.33721613,1.7566588,1.0182460000000013,0.7888965400000001,0.7565008,0.6076900921849753
88,pointcloud_1727346190_887074813.csv,19,-45.274952,1.9932150849999999,2.20772005,8.795952,2.24273443,1.6586240999999997,32.719651737916294
88,pointcloud_1727346190_887074813.csv,23,-23.3855095,1.2176855500000001,1.8923943,0.6421670000000006,0.6969721000000001,0.5897060000000001,0.26393617838914635
88,pointcloud_1727346190_887074813.csv,3,-1.5992775,1.67547438,2.2190513999999997,0.42976000000000014,1.54349084,1.6249428,1.077874320510742
88,pointcloud_1727346190_887074813.csv,32,-50.45182,3.0444820999999997,2.09228585,0.8928399999999996,0.028614800000000162,0.9061255000000001,0.02315009118596514
89,pointcloud_1727346190_939779876.csv,4,-27.949707,1.329171085,1.7471543666666667,0.9879919999999984,0.78330163,0.7185367333333335,0.5560725198537005
89,pointcloud_1727346190_939779876.csv,19,-45.2122515,1.9877367,2.10824895,9.012446999999995,2.2586994,1.4299427,29.108497920732873
89,pointcloud_1727346190_939779876.csv,2,-25.83627,2.3212836,2.2142558,8.112032,2.1611231999999996,1.6529044,28.97723324311498
89,pointcloud_1727346190_939779876.csv,31,-26.670595,2.2018402,3.0215717375,1.4565999999999981,0.8804618,0.04590392500000018,0.05887089593327433
89,pointcloud_1727346190_939779876.csv,23,-23.286296,1.2410426,1.9161796500000001,0.7304859999999991,0.7368522000000001,0.5513553000000002,0.2967726229640339
89,pointcloud_1727346190_939779876.csv,3,-1.29975985,1.65962575,2.2018402,0.7528170999999999,1.5541004999999999,1.5929255999999998,1.8636487718737447
90,pointcloud_1727346190_989428470.csv,2,-25.7012385,2.3210688,2.205316175,8.217343,2.1034622,1.6706573500000002,28.87709575238832
90,pointcloud_1727346190_989428470.csv,4,-27.788778,1.3340879,1.75501065,1.0398759999999996,0.754675,0.7697238999999998,0.6040550090701547
90,pointcloud_1727346190_989428470.csv,31,-26.61546,2.2481602499999997,3.02091095,1.3758360000000032,0.7977206999999997,0.055961099999999764,0.06141914596415356
90,pointcloud_1727346190_989428470.csv,3,-1.1945133000000001,1.64017477,2.1909883,0.7218093999999999,1.5647280599999998,1.6133236,1.8221448212334033
90,pointcloud_1727346190_989428470.csv,33,-41.897455,1.9873743,2.1126211,2.6362900000000025,2.2780394,1.4849571999999998,8.918018108889052
90,pointcloud_1727346190_989428470.csv,34,-25.569250750000002,1.072491345,2.7893891,4.0039835,0.1625794100000001,0.03773880000000007,0.024566648323179167
90,pointcloud_1727346190_989428470.csv,23,-23.133620999999998,1.2427936,1.89168525,0.8823660000000011,0.6302854,0.5746846999999999,0.31960653247142246
90,pointcloud_1727346190_989428470.csv,26,-47.1856425,2.9351261500000003,2.0629363499999998,6.684959000000006,0.2635529000000001,1.3508873,2.3800477275475345
91,pointcloud_1727346191_138035605.csv,2,-25.476612,2.302323,2.2065717,8.243071999999998,2.1423465999999998,1.6585744,29.289623264949586
91,pointcloud_1727346191_138035605.csv,19,-45.3683605,1.9852489150000001,2.2172244,10.313784999999996,2.2899367699999997,1.6803956,39.687441303124565
91,pointcloud_1727346191_138035605.csv,31,-26.398963333333334,2.1608913,3.0301567250000003,1.3805226666666677,0.9287289999999997,0.053659649999999726,0.06879872409315836
91,pointcloud_1727346191_138035605.csv,3,-1.086637485,1.6301501,2.11405155,0.36795423000000005,1.4932404,1.4460225,0.7945085623073815
91,pointcloud_1727346191_138035605.csv,4,-27.4445515,1.33452195,1.76137255,1.019404999999999,0.8547481000000001,0.7677764999999999,0.6689901426664056
91,pointcloud_1727346191_138035605.csv,23,-22.9150085,1.2226585,1.88972975,0.9470829999999992,0.6784408,0.5971809000000001,0.3837124651077275
91,pointcloud_1727346191_138035605.csv,34,-24.473035000000003,1.03701627,2.784261,2.461549999999999,0.10462545999999995,0.021831000000000156,0.005622373228006388
92,pointcloud_1727346191_188954562.csv,31,-26.306244749999998,2.0947425,3.0252126,1.4085174999999985,1.0628066000000003,0.07392719999999997,0.11066766517853519
92,pointcloud_1727346191_188954562.csv,2,-25.4897855,2.2948257749999996,2.2125845,8.060057,2.15655085,1.6505373999999997,28.6895136230564
92,pointcloud_1727346191_188954562.csv,19,-44.770619999999994,1.9864967999999998,2.22395895,9.366154000000002,2.2927038,1.6725635,35.91632229773832
92,pointcloud_1727346191_188954562.csv,4,-27.330917749999998,1.35339845,1.7567379500000002,0.9719634999999975,0.8188589000000001,0.7454981,0.5933426552947568
92,pointcloud_1727346191_188954562.csv,23,-22.735276,1.2135053,1.8625090499999999,0.7406019999999991,0.7101908,0.6176009,0.32483875908157794
92,pointcloud_1727346191_188954562.csv,3,-0.97914695,1.66347455,2.22861385,0.3652762999999999,1.5865349000000002,1.5709171,0.9103835300976167
92,pointcloud_1727346191_188954562.csv,32,-50.900428500000004,3.0472468,2.1544651999999997,0.8120730000000052,0.022190399999999944,0.9821405999999999,0.017698394298207173
92,pointcloud_1727346191_188954562.csv,35,-49.98876,3.03421655,2.04879095,1.075649999999996,0.021591899999999775,0.9191464999999999,0.021347478239404624
93,pointcloud_1727346191_237840249.csv,2,-25.380322,2.22371015,2.2060333333333335,8.131436,2.2650382999999996,1.658743666666667,30.55076403194868
93,pointcloud_1727346191_237840249.csv,3,-0.8792267,1.64691215,2.23881675,0.4129448,1.5612417,1.6459513,1.0611557347912874
93,pointcloud_1727346191_237840249.csv,19,-45.434489,1.9929511500000001,2.0826449,11.029302000000001,2.3047657,1.4125242,35.906304347122784
93,pointcloud_1727346191_237840249.csv,31,-26.21520775,2.08446685,3.025396833333333,1.4495815000000007,1.0964741,0.07667633333333335,0.12187155488801728
93,pointcloud_1727346191_237840249.csv,23,-22.713,1.2238661,1.86086915,0.439233999999999,0.6614677999999999,0.6316046999999998,0.18350589119933386
93,pointcloud_1727346191_237840249.csv,4,-27.233027,1.3365869375,1.7608359500000001,1.0179100000000005,0.751750475,0.7604061000000002,0.5818736413033021
94,pointcloud_1727346191_287791795.csv,19,-45.482251500000004,1.9953062000000001,2.22025395,11.334202999999995,2.3032536,1.6937017,44.21500401998576
94,pointcloud_1727346191_287791795.csv,31,-26.131141,2.0983305000000003,3.0266595,1.452855999999997,1.0827756000000002,0.08130840000000061,0.12790762848736414
94,pointcloud_1727346191_287791795.csv,2,-25.253855,2.26341745,2.2026533749999997,8.235721999999999,2.1917251,1.66122815,29.98589676207294
94,pointcloud_1727346191_287791795.csv,4,-27.121237,1.3310425000000001,1.7715378,1.024204000000001,0.8035512,0.7555304000000003,0.6218017860871858
94,pointcloud_1727346191_287791795.csv,23,-22.70386,1.23648455,1.8963797,0.5149799999999978,0.6159487,0.5811351999999999,0.18433681855716347
94,pointcloud_1727346191_287791795.csv,3,-0.59204006,1.631905465,2.2207445999999997,0.6078662800000001,1.5675590699999997,1.679986,1.6008020448145404
95,pointcloud_1727346191_337640000.csv,2,-25.252419,2.2981656,2.2020825,8.069561999999998,2.1426168,1.6546494,28.608853560111925
95,pointcloud_1727346191_337640000.csv,31,-26.39180066666667,1.8491075750000001,2.9308255,2.1659873333333337,1.61313835,0.27703239999999996,0.9679615203512923
95,pointcloud_1727346191_337640000.csv,19,-45.103226500000005,1.9977189,2.2215385,10.866773000000002,2.3098118,1.687191,42.34883238739935
95,pointcloud_1727346191_337640000.csv,3,-0.55703737,1.6434183,2.2115626500000003,0.37360765999999995,1.5264677999999998,1.6612081,0.9473870837926545
95,pointcloud_1727346191_337640000.csv,23,-22.439979,1.2206841750000001,1.9373027999999999,0.6532820000000008,0.5610091500000001,0.4540734000000002,0.166416620399734
95,pointcloud_1727346191_337640000.csv,4,-27.05123,1.3310055075,1.7669959,0.9778400000000005,0.7667313849999999,0.7346830000000002,0.5508216860929241
96,pointcloud_1727346191_38869584.csv,31,-26.5178285,2.0891247,3.0165728,1.4841809999999995,1.1127582000000003,0.07179760000000002,0.1185762190198683
96,pointcloud_1727346191_38869584.csv,2,-25.7131325,2.2970191499999997,2.2085676,8.077745,2.1490457,1.6550846000000001,28.731347035292618
96,pointcloud_1727346191_38869584.csv,36,-47.318422,2.9239886,2.1143479,7.19894,0.27119159999999987,1.4580907999999997,2.846619087084797
96,pointcloud_1727346191_38869584.csv,37,-41.8325885,1.98983562,2.1076431500000004,2.6673569999999955,2.28129076,1.4525795000000001,8.838970773731983
96,pointcloud_1727346191_38869584.csv,23,-23.0518845,1.213282825,1.8667268,0.9929369999999977,0.6747612500000001,0.6212844000000002,0.4162576971068367
96,pointcloud_1727346191_38869584.csv,4,-27.708833,1.38686884,1.76314495,1.0593400000000024,0.81622672,0.7651906000000004,0.6616309388806192
96,pointcloud_1727346191_38869584.csv,3,-1.0815754,1.5479338,2.23272415,0.7690619999999999,1.4146418,1.6309643,1.7744031282814037
97,pointcloud_1727346191_389985405.csv,4,-26.927902,1.3238017833333333,1.77408935,0.9637899999999959,0.7454305666666667,0.7618092999999999,0.5473131504690405
97,pointcloud_1727346191_389985405.csv,31,-25.98455575,2.0710646,3.030970925,1.4111314999999998,1.126517,0.08014894999999989,0.12740987031563245
97,pointcloud_1727346191_389985405.csv,19,-45.24442,2.00108455,2.2272765999999997,11.37446,2.3412533,1.6850733999999998,44.87433371617341
97,pointcloud_1727346191_389985405.csv,2,-25.1429215,2.2693507,2.2026301999999998,8.122047000000002,2.1491446000000005,1.648165,28.76946743706117
97,pointcloud_1727346191_389985405.csv,3,-0.44561005,1.62590743,2.2042966,0.3724289,1.5305209400000002,1.6200562,0.9234486073550212
97,pointcloud_1727346191_389985405.csv,23,-22.320661,1.229545225,1.918515325,0.6008279999999999,0.63905595,0.40418845000000014,0.15519329193633058
98,pointcloud_1727346191_438580851.csv,19,-45.1945185,2.00623518,2.23010685,11.426536999999996,2.33939564,1.6843519,45.02473207741409
98,pointcloud_1727346191_438580851.csv,4,-26.854070999999998,1.30703345,1.759374975,0.9420779999999986,0.7869685000000001,0.7400873499999998,0.548690185843635
98,pointcloud_1727346191_438580851.csv,31,-25.89600875,2.0760831,3.0259447,1.4671775000000018,1.1213968,0.09522640000000004,0.1566748678234999
98,pointcloud_1727346191_438580851.csv,2,-25.013527500000002,2.2817195,2.2077179,8.211704999999998,2.1779590000000004,1.6405392,29.340644629427803
98,pointcloud_1727346191_438580851.csv,23,-22.252194,1.2214166,1.9088935999999999,0.5960979999999978,0.663964,0.5137558,0.2033381814756416
98,pointcloud_1727346191_438580851.csv,3,-0.3614931,1.58248173,2.24211335,0.41256139999999997,1.4900915399999999,1.6628537,1.0222463823136858
99,pointcloud_1727346191_488552233.csv,2,-24.9989405,2.27037835,2.199934525,8.069448999999999,2.1353216999999995,1.66238305,28.644305487891067
99,pointcloud_1727346191_488552233.csv,19,-44.711987500000006,2.010234,2.2222512,10.826315000000001,2.3338754,1.707294,43.13865889616861
99,pointcloud_1727346191_488552233.csv,31,-25.82085766666667,2.1096155,3.0448132,1.3912433333333318,0.9778618000000001,0.06413560000000018,0.08725287361806473
99,pointcloud_1727346191_488552233.csv,4,-26.756452,1.32584192,1.76144055,0.9190970000000007,0.8131127600000001,0.7561259,0.5650751895574025
99,pointcloud_1727346191_488552233.csv,23,-22.2003135,1.24615095,1.9391675,0.47293100000000265,0.6050229,0.473668,0.13553255983057355
99,pointcloud_1727346191_488552233.csv,3,-0.16410064700000002,1.56656288,1.9254777,0.439640046,1.44501064,1.0775026,0.6845207481585115
100,pointcloud_1727346191_539307489.csv,19,-44.830494,2.015187725,2.1384063,11.340736,2.3349413500000002,1.5024634000000001,39.78516085601961
100,pointcloud_1727346191_539307489.csv,31,-25.703572,2.0630265333333333,3.035055425,1.4773759999999996,1.1049438666666667,0.08991955000000029,0.1467862515045541
100,pointcloud_1727346191_539307489.csv,2,-24.8928365,2.27209845,2.205292325,8.096532999999997,2.2110097,1.65204925,29.574181124474613
100,pointcloud_1727346191_539307489.csv,23,-22.0487675,1.2037178499999999,1.9497377500000002,0.6118889999999979,0.6937062999999999,0.4326453000000001,0.1836454931150375
100,pointcloud_1727346191_539307489.csv,37,-40.506127,1.5606010000000001,1.9461111999999998,0.532905999999997,0.9600272000000001,0.4806345999999999,0.24589470648098502
100,pointcloud_1727346191_539307489.csv,4,-26.6697245,1.346144425,1.752522,0.9058250000000001,0.80433085,0.7354136,0.5358098411934933
100,pointcloud_1727346191_539307489.csv,3,-0.037885665,1.576283685,2.9161315,0.36434937,1.39383123,0.2834310000000002,0.143938032841583
101,pointcloud_1727346191_589816812.csv,19,-44.8022955,2.00397067,2.2325325,11.446663000000001,2.35189066,1.6949195999999997,45.6294386848818
101,pointcloud_1727346191_589816812.csv,31,-25.6146325,2.0726257500000003,3.040265183333333,1.471857,1.0771215,0.08554823333333283,0.13562550170071272
101,pointcloud_1727346191_589816812.csv,2,-24.767543500000002,2.22416355,2.2108697999999998,8.173935000000004,2.2441325,1.6517916,30.29946278077212
101,pointcloud_1727346191_589816812.csv,3,0.1248655325,1.6367374,2.2267876,0.163484575,1.5614172,1.6254196,0.414917004723428
101,pointcloud_1727346191_589816812.csv,4,-26.579853666666665,1.33370315,1.7747777999999998,0.8921466666666653,0.8144819000000001,0.7463447999999999,0.5423219794056455
101,pointcloud_1727346191_589816812.csv,23,-21.967798000000002,1.193966975,1.96819805,0.592136,0.66323875,0.4117465,0.16170419024213084
101,pointcloud_1727346191_589816812.csv,37,-40.394392499999995,1.482895,1.9613659,0.47576500000000266,0.9532191999999999,0.4148946000000002,0.18815815828725582
102,pointcloud_1727346191_638859247.csv,2,-24.72202075,2.26085505,2.20940945,8.089411499999997,2.1801759,1.6531862999999998,29.156155665980666
102,pointcloud_1727346191_638859247.csv,19,-44.48886,2.0059098,2.2352741,11.146840000000005,2.3638956,1.7040133999999998,44.90069520450123
102,pointcloud_1727346191_638859247.csv,31,-24.76912425,1.7737038,2.93215015,4.7175765,1.6718416,0.3130392999999998,2.468953682232494
102,pointcloud_1727346191_638859247.csv,23,-22.083775000000003,1.2027328000000002,1.97293615,0.9601900000000008,0.6657214,0.4368542999999998,0.2792455823630158
102,pointcloud_1727346191_638859247.csv,3,0.197992325,1.6103743000000001,2.2349081,0.31889724999999997,1.5537598000000001,1.6986865999999998,0.8416817603389932
102,pointcloud_1727346191_638859247.csv,4,-26.493806,1.32342425,1.773571125,0.8855380000000004,0.8066032999999999,0.7445637499999997,0.5318254117190439
103,pointcloud_1727346191_689354425.csv,2,-24.644003750000003,2.2276423,2.2036177,8.0631315,2.2549824000000003,1.6647294,30.26847556097748
103,pointcloud_1727346191_689354425.csv,31,-24.254389500000002,1.7912358750000001,2.9404441,5.228505000000002,1.6876543500000003,0.33980299999999986,2.998390820350068
103,pointcloud_1727346191_689354425.csv,19,-44.44562475,2.002675285,2.24218085,11.223802500000005,2.3739180299999996,1.7379799,46.30740926222088
103,pointcloud_1727346191_689354425.csv,23,-22.095232,1.22209668,1.9794561499999999,0.7599680000000006,0.61019944,0.40860889999999994,0.1894850420353496
103,pointcloud_1727346191_689354425.csv,4,-26.3901845,1.30442315,1.75717905,0.9432789999999969,0.8228575000000001,0.7321229,0.5682622272496566
103,pointcloud_1727346191_689354425.csv,3,0.32502079,1.60777,2.2312171,0.42347908,1.5396824,1.7021078,1.109813921297872
104,pointcloud_1727346191_739254169.csv,19,-44.380308,2.01040245,2.2706449,11.397648000000004,2.3699045,1.7867016,48.26119954456308
104,pointcloud_1727346191_739254169.csv,2,-24.519419749999997,2.23848445,2.2074711000000002,8.137387499999999,2.2045890999999997,1.6584172000000001,29.751334210852107
104,pointcloud_1727346191_739254169.csv,23,-21.721843999999997,1.213865875,1.95912525,0.5438420000000015,0.64903425,0.47142169999999983,0.16639870016925487
104,pointcloud_1727346191_739254169.csv,31,-25.36412025,2.05678515,3.05828965,1.4200665000000008,1.1047317000000003,0.14598730000000026,0.22902377821959696
104,pointcloud_1727346191_739254169.csv,4,-26.2920735,1.30284967,1.75919295,0.9108370000000008,0.91158846,0.7359953000000001,0.6111031521818501
104,pointcloud_1727346191_739254169.csv,3,0.5892763,1.5939989250000002,2.31268475,0.6013546000000001,1.54380515,1.6796744999999997,1.5593666859624868
105,pointcloud_1727346191_787557806.csv,4,-26.2054745,1.338801735,1.7833189,0.9261549999999978,0.8217103299999999,0.7397072000000002,0.5629402067889864
105,pointcloud_1727346191_787557806.csv,19,-44.501892999999995,2.00934757,2.29861095,11.985514000000002,2.37484386,1.8078275000000001,51.457503599526795
105,pointcloud_1727346191_787557806.csv,31,-25.260473,2.04569525,3.0521815,1.4216580000000008,1.0981697000000004,0.11775260000000021,0.18383791898646898
105,pointcloud_1727346191_787557806.csv,2,-24.481516499999998,2.23119675,2.2114152999999996,8.023771,2.2277414999999996,1.6468997,29.438147097114022
105,pointcloud_1727346191_787557806.csv,3,0.6346778750000001,1.5985969500000001,2.32808425,0.63088605,1.4987929,1.7271409,1.6331283590048227
105,pointcloud_1727346191_787557806.csv,23,-21.603440999999997,1.19922628,1.95511675,0.5910299999999999,0.64862184,0.44955349999999994,0.17233856675047846
106,pointcloud_1727346191_839117377.csv,19,-44.4532575,2.0070071350000003,2.30579635,12.082785000000001,2.39387133,1.8610233000000003,53.829415208918135
106,pointcloud_1727346191_839117377.csv,2,-24.3618335,2.24893345,2.20332285,8.075972999999998,2.2188409,1.6520891,29.60427888745598
106,pointcloud_1727346191_839117377.csv,31,-25.4452425,2.092995275,3.0115466250000003,2.069704999999999,1.1041157499999998,0.19516555000000002,0.44599112207719793
106,pointcloud_1727346191_839117377.csv,4,-26.1051675,1.3241361500000002,1.7812120999999999,0.9193050000000014,0.8163183,0.7589849999999998,0.5695768738567375
106,pointcloud_1727346191_839117377.csv,23,-21.506706,1.1953810649999999,1.9520149,0.6121599999999994,0.6584346699999999,0.4123888000000002,0.1662204680384442
106,pointcloud_1727346191_839117377.csv,3,0.800352075,1.5526892,2.28639745,0.7411994500000001,1.455591,1.8181504999999998,1.9615721179290773
107,pointcloud_1727346191_887474786.csv,31,-25.04591225,2.06933225,3.0484411500000004,1.448304499999999,1.0650123,0.11176830000000004,0.17239836747416942
107,pointcloud_1727346191_887474786.csv,2,-24.232187,2.2162895,2.20648885,8.140774,2.2245016,1.6541208999999997,29.95474795776921
107,pointcloud_1727346191_887474786.csv,4,-25.999667000000002,1.292021585,1.7477856,0.9176919999999988,0.7893654300000001,0.7365074000000003,0.5335217920662549
107,pointcloud_1727346191_887474786.csv,19,-44.0293085,2.01006315,2.3239875000000003,11.446663000000001,2.3964567,1.8852682,51.71560688062661
107,pointcloud_1727346191_887474786.csv,3,0.832079865,1.5706168500000002,2.3473151,0.6003970699999999,1.4851863,1.8276830000000002,1.6297476779689026
107,pointcloud_1727346191_887474786.csv,23,-21.4413585,1.1918114499999999,1.9225664,0.5611570000000015,0.6488783,0.48166279999999984,0.17538431115228947
108,pointcloud_1727346191_90701429.csv,19,-45.6423205,1.9922733300000002,2.21298885,10.584888999999997,2.27505254,1.6812543,40.48658507883866
108,pointcloud_1727346191_90701429.csv,4,-27.584429,1.3617972,1.76106965,1.1095919999999992,0.8025357999999999,0.7536832999999998,0.671145409429789
108,pointcloud_1727346191_90701429.csv,38,-1.2027788,1.5940665,2.22669265,0.416605,1.5022824,1.6386137000000003,1.025540081729849
108,pointcloud_1727346191_90701429.csv,31,-25.6171475,2.29720215,2.2036779,8.114177000000002,2.1248231000000004,1.6632162000000001,28.67582772458372
108,pointcloud_1727346191_90701429.csv,23,-22.974573499999998,1.210090455,1.8568401999999997,0.9431869999999982,0.69394219,0.6166125999999996,0.4035835847222649
108,pointcloud_1727346191_90701429.csv,39,-26.72669875,2.1076190500000003,2.98093225,2.094427500000002,1.1066289,0.1478805000000003,0.34275062046424964
109,pointcloud_1727346191_938286482.csv,19,-44.530519999999996,2.02454648,2.33889105,12.716519999999996,2.40924664,1.9220323,58.88575156717971
109,pointcloud_1727346191_938286482.csv,40,-24.086513500000002,1.789659715,2.94222495,5.328140999999999,1.6681937700000002,0.33685790000000004,2.99411819896662
109,pointcloud_1727346191_938286482.csv,2,-24.208333500000002,2.2211548,2.20751285,7.993596999999998,2.2269018000000003,1.6666957,29.668776067367062
109,pointcloud_1727346191_938286482.csv,31,-25.918091,1.2995708750000001,1.7646160000000002,0.8973459999999989,0.80439435,0.7182980000000001,0.518481899995295
109,pointcloud_1727346191_938286482.csv,23,-21.439708000000003,1.33023225,1.96655785,0.35187600000000074,0.3625852999999999,0.39422669999999993,0.050297439153223954
109,pointcloud_1727346191_938286482.csv,3,1.0435934,1.55734375,2.35125595,0.5762195999999999,1.4644350999999998,1.8906241000000001,1.5953770704427748
110,pointcloud_1727346191_987875694.csv,2,-24.078854,2.2197342,2.2044139,8.052909999999997,2.2627129999999998,1.6691008,30.413393617275055
110,pointcloud_1727346191_987875694.csv,19,-44.284178,2.02754295,2.35265755,12.461948,2.3996813,1.9573140999999998,58.53289796791997
110,pointcloud_1727346191_987875694.csv,31,-25.8243335,1.34954095,1.7757372500000002,0.9317090000000015,0.8075667000000001,0.7240275000000003,0.5447707171149467
110,pointcloud_1727346191_987875694.csv,40,-24.886955,2.03869175,3.0447707,1.417121999999999,1.1518468999999998,0.14110179999999994,0.23032153806158442
110,pointcloud_1727346191_987875694.csv,3,1.19183065,1.59954105,2.3404007,0.5897923,1.5254309,1.9345321999999998,1.7404742433037523
110,pointcloud_1727346191_987875694.csv,23,-21.3314315,1.31566535,2.0015554,0.399401000000001,0.36760729999999997,0.4286108000000002,0.06292980486063182
111,pointcloud_1727346192_139779663.csv,40,-24.5931895,2.019711,3.0458965,1.4260669999999998,1.1288324,0.1273346000000002,0.20498204648588544
111,pointcloud_1727346192_139779663.csv,19,-44.468525,2.04209115,2.4006202,13.617835999999997,2.4207373,2.0516056000000003,67.63159620931039
111,pointcloud_1727346192_139779663.csv,2,-23.766109,2.18396235,2.0600021,8.082549999999998,2.2505007,1.3711018000000001,24.940046177403485
111,pointcloud_1727346192_139779663.csv,3,1.6992445,1.57939823,2.43327835,0.4507121999999999,1.47251954,1.9511819000000001,1.2949653231340184
111,pointcloud_1727346192_139779663.csv,31,-25.462666499999997,1.31346035,1.80893375,0.981736999999999,0.8319211000000001,0.6603699000000001,0.5393424060529208
111,pointcloud_1727346192_139779663.csv,23,-20.901621499999997,1.17481815,1.9960840000000002,0.6269129999999983,0.6597430999999999,0.33587980000000006,0.1389203978494692
112,pointcloud_1727346192_191091101.csv,19,-44.179739,2.04176725,2.41671345,13.301198,2.4362443000000003,2.0648541,66.91153064423285
112,pointcloud_1727346192_191091101.csv,2,-23.633344,2.1799592,2.07550195,8.143823999999999,2.2313082,1.3884039000000001,25.229216624428012
112,pointcloud_1727346192_191091101.csv,40,-24.4557045,2.03093945,3.03904745,1.4624769999999998,1.1229603000000004,0.1462091000000001,0.24011973284180246
112,pointcloud_1727346192_191091101.csv,31,-25.294277,1.29009328,1.805072075,1.0974380000000004,0.79672404,0.6875414500000003,0.6011554674686195
112,pointcloud_1727346192_191091101.csv,41,-38.81699,1.63599085,1.8849019999999999,0.5688999999999993,1.0130167,0.4004945999999998,0.23080712080423124
112,pointcloud_1727346192_191091101.csv,23,-20.858984,1.177407275,1.99656965,0.588788000000001,0.6469464500000001,0.3277101,0.12482946544262691
112,pointcloud_1727346192_191091101.csv,3,1.83441735,1.56348057,2.4178963,0.4654389000000001,1.47358886,1.9460602,1.3347357039943717
113,pointcloud_1727346192_239553068.csv,40,-24.334000250000003,2.05179885,3.04425075,1.4827665000000003,1.0881518999999997,0.1349414999999996,0.21772476157295406
113,pointcloud_1727346192_239553068.csv,3,2.04414465,1.52087165,2.4419122,0.4634037000000002,1.3505620999999999,2.0443468000000005,1.27946563598367
113,pointcloud_1727346192_239553068.csv,31,-25.18619925,1.3021554000000002,1.8216357,1.1089565000000015,0.7637856000000001,0.6609516000000002,0.5598293137428741
113,pointcloud_1727346192_239553068.csv,19,-44.1398665,2.062173,2.42589615,13.390687,2.4092534,2.0861387000000002,67.30208504803697
113,pointcloud_1727346192_239553068.csv,2,-23.596287500000003,2.1987696750000003,2.2097144,8.011061000000002,2.23075265,1.6521826,29.5256522459702
113,pointcloud_1727346192_239553068.csv,23,-20.534159000000002,1.177276375,1.99858475,1.000437999999999,0.62317705,0.37742430000000016,0.23530518041921494
114,pointcloud_1727346192_289087306.csv,19,-44.070082,2.0550268999999997,2.43227055,13.58025,2.44113,2.1053056999999997,69.79331701995463
114,pointcloud_1727346192_289087306.csv,31,-25.064673499999998,1.3088569725,1.84038425,1.1107309999999977,0.808285255,0.6403671,0.5749135711131197
114,pointcloud_1727346192_289087306.csv,2,-23.46114625,2.18342685,2.11169375,8.080000499999997,2.2312693,1.4645048999999999,26.403056604254523
114,pointcloud_1727346192_289087306.csv,23,-20.735447,1.3048229999999998,1.999057125,0.38506399999999985,0.37063,0.29896375,0.04266699136088088
114,pointcloud_1727346192_289087306.csv,40,-24.23383725,2.0678096,3.0667507499999997,1.3791045000000004,0.9105406,0.08631949999999966,0.10839404088389802
114,pointcloud_1727346192_289087306.csv,42,-25.004493,1.09201935,2.8059671,1.8379380000000012,0.1531129,0.0387092,0.010893234056205988
114,pointcloud_1727346192_289087306.csv,3,2.07077025,1.5605787000000002,2.4265881,0.7557944999999999,1.3967516000000002,2.0825578,2.1984670883918005
115,pointcloud_1727346192_338070648.csv,19,-43.8006575,2.06331075,2.4451077,13.293705000000003,2.4551819,2.1189522,69.15934488539739
115,pointcloud_1727346192_338070648.csv,40,-24.144593166666667,2.0349823000000002,3.0341299333333334,1.5162483333333299,1.1157214000000002,0.15163453333333354,0.25652176453325576
115,pointcloud_1727346192_338070648.csv,31,-24.9585335,1.286475195,1.83326675,1.1189530000000012,0.8555031099999999,0.6341257,0.6070280956542593
115,pointcloud_1727346192_338070648.csv,2,-23.336678,2.15583495,2.2122133,8.112358,2.2623600999999995,1.652925,30.336256587130205
115,pointcloud_1727346192_338070648.csv,23,-20.630701000000002,1.3073038000000001,1.9970324,0.3431740000000012,0.33438900000000005,0.3307851999999998,0.03795879606149076
115,pointcloud_1727346192_338070648.csv,3,2.2914352,1.588501475,2.3950715,0.4135704000000002,1.49182705,1.9013737999999998,1.173101069574071
116,pointcloud_1727346192_389163164.csv,19,-43.729541999999995,2.07497165,2.45513445,13.333908000000001,2.4611821,2.1414270999999996,70.27558937369511
116,pointcloud_1727346192_389163164.csv,2,-23.289295,2.16840425,2.21025255,7.998919999999998,2.2683489000000003,1.6515555000000002,29.96638680528175
116,pointcloud_1727346192_389163164.csv,40,-24.0696705,2.0455171,3.0482705,1.4123330000000003,1.0895846000000002,0.12883900000000015,0.19826470514427613
116,pointcloud_1727346192_389163164.csv,31,-24.7584285,1.2921694499999998,1.8580500500000001,1.3195570000000032,0.8055030999999999,0.5749039,0.6110695257357324
116,pointcloud_1727346192_389163164.csv,3,2.5047321499999997,1.5829617,2.46044635,0.5712202999999998,1.4620712,2.0543557,1.7157254635443207
116,pointcloud_1727346192_389163164.csv,23,-20.523847,1.3291614,2.0026125500000003,0.3733659999999972,0.3915595999999999,0.3138274999999999,0.04588002442199169
117,pointcloud_1727346192_39109430.csv,2,-23.9230185,2.19532265,2.2058822,8.170991,2.2561786999999995,1.6529981999999999,30.47337862011904
117,pointcloud_1727346192_39109430.csv,31,-25.725656,1.3074526499999999,1.8326678250000001,0.8579040000000013,0.7782300999999999,0.63428595,0.42347893133875164
117,pointcloud_1727346192_39109430.csv,19,-44.41514,2.03140953,2.3758006,13.009349999999998,2.4156089400000003,1.984353,62.35928949482432
117,pointcloud_1727346192_39109430.csv,40,-24.757569,2.048664275,3.044751425,1.4665660000000003,1.10798395,0.14674034999999996,0.23844303018626414
117,pointcloud_1727346192_39109430.csv,23,-21.13825225,1.212043175,1.98740695,0.5667374999999986,0.6430304499999999,0.3721185,0.13561094760451148
117,pointcloud_1727346192_39109430.csv,3,1.38219835,1.58469162,2.3921499500000003,0.5533943000000001,1.52795716,1.9336967,1.6350619631070755
118,pointcloud_1727346192_438569653.csv,19,-43.895751000000004,2.07468917,2.46317985,13.996202000000004,2.4645500599999997,2.1483331000000003,74.10533341343086
118,pointcloud_1727346192_438569653.csv,2,-23.173623,2.1599766000000002,2.1052996333333334,8.02564,2.2649472,1.4313662666666664,26.018876228506908
118,pointcloud_1727346192_438569653.csv,40,-23.9312115,2.03652915,3.05870605,1.391970999999998,1.0305797,0.10346369999999983,0.14842251155831213
118,pointcloud_1727346192_438569653.csv,42,-24.679245,1.300902,1.8400018,1.2456939999999967,0.7891203999999999,0.5766072,0.566806346540053
118,pointcloud_1727346192_438569653.csv,43,-38.220526,1.66361215,1.8552041,0.39261199999999974,0.8548713000000001,0.3498391999999999,0.11741748604934153
118,pointcloud_1727346192_438569653.csv,3,2.6396351,1.57120895,2.4395876,0.5100325999999997,1.4502315000000001,2.0709992,1.5318463326823553
118,pointcloud_1727346192_438569653.csv,23,-20.424305,1.332047975,2.0211734999999997,0.34544400000000053,0.3764858499999999,0.3125534000000001,0.040649063039956024
119,pointcloud_1727346192_489378223.csv,2,-23.0351885,2.1553166,2.211112825,8.087727000000001,2.2724796000000005,1.64392545,30.214025782818215
119,pointcloud_1727346192_489378223.csv,19,-44.2277835,2.08108365,2.47472285,14.867278999999996,2.4739473,2.1606788999999997,79.4716383683291
119,pointcloud_1727346192_489378223.csv,40,-24.3071135,1.79801462,2.94880245,2.639355000000002,1.6266221600000002,0.32133769999999995,1.3795777241811984
119,pointcloud_1727346192_489378223.csv,42,-24.438697,1.252306765,1.7968538,1.4864099999999993,0.7787276699999999,0.6488414000000002,0.7510394979177701
119,pointcloud_1727346192_489378223.csv,3,2.8436584,1.467610475,2.4386807,0.4011191999999997,1.2331664500000001,2.0368606,1.0075264554020995
119,pointcloud_1727346192_489378223.csv,23,-20.2963065,1.3232734000000002,2.04404095,0.36538300000000135,0.390058,0.2969908999999997,0.04232731004044197
119,pointcloud_1727346192_489378223.csv,44,-24.0013,3.1477502499999996,2.34531715,0.8483640000000001,0.06184650000000014,0.4085182999999999,0.02143427874616855
120,pointcloud_1727346192_538665104.csv,19,-44.212782000000004,2.08438445,2.4906966500000003,14.987963999999998,2.4837957,2.1850447,81.34274761758815
120,pointcloud_1727346192_538665104.csv,2,-23.0635455,2.1494980000000004,2.1331149666666667,7.812393,2.296637,1.4696401333333335,26.368622498042672
120,pointcloud_1727346192_538665104.csv,42,-24.352971500000002,1.2764528,1.8121497500000001,1.4381170000000019,0.8755746000000001,0.6353011000000004,0.7999576240246059
120,pointcloud_1727346192_538665104.csv,23,-19.9004775,1.2871603999999999,2.01016855,0.9520349999999986,0.3916388000000002,0.3087272999999999,0.11511016084850181
120,pointcloud_1727346192_538665104.csv,31,-24.9865895,1.07563435,2.8095476,0.6755710000000015,0.10385589999999989,0.01662119999999989,0.0011661772031591744
120,pointcloud_1727346192_538665104.csv,3,3.0743408,1.551388285,2.43494515,0.6073952,1.41522983,2.0114537,1.7290532553862774
120,pointcloud_1727346192_538665104.csv,40,-23.4526255,1.9661016,3.0887849000000003,0.7677150000000026,0.6537404000000002,0.0444808000000001,0.02232430463060236
121,pointcloud_1727346192_590437885.csv,40,-23.57213025,2.03048025,3.0263474,1.5325124999999993,1.1264107,0.14814419999999995,0.2557322183153057
121,pointcloud_1727346192_590437885.csv,2,-22.866607000000002,2.1281143499999997,2.1892295,7.977270000000001,2.3195688999999997,1.5898046000000001,29.417469916382025
121,pointcloud_1727346192_590437885.csv,19,-44.145272500000004,2.0975938849999998,2.5002648499999998,15.164414999999998,2.48583623,2.2065749,83.1796039589422
121,pointcloud_1727346192_590437885.csv,42,-24.2149305,1.286151625,1.82151295,1.4886489999999988,0.8351883500000001,0.6347681000000001,0.7892086399910169
121,pointcloud_1727346192_590437885.csv,3,3.2155247,1.456854825,2.49787545,0.6633529999999999,1.18419695,2.1809697000000003,1.7132402453531153
121,pointcloud_1727346192_590437885.csv,23,-20.084063,1.33119845,2.05456115,0.3384660000000004,0.3358945,0.23317330000000003,0.026509208486817183
122,pointcloud_1727346192_639525189.csv,19,-43.6599675,2.09907067,2.51321935,14.427395000000004,2.49508786,2.2407158999999996,80.66043527448052
122,pointcloud_1727346192_639525189.csv,2,-23.145193,2.1378038999999998,2.2132287,7.212855999999999,2.2643006,1.6368817999999998,26.733674962690035
122,pointcloud_1727346192_639525189.csv,42,-24.048061500000003,1.2638235833333336,1.7889068,1.580293000000001,0.7920977666666669,0.6896757999999998,0.8632993073920392
122,pointcloud_1727346192_639525189.csv,40,-23.425217500000002,2.0563673,3.00519325,1.6359010000000005,1.098479,0.20172789999999985,0.3625056202173429
122,pointcloud_1727346192_639525189.csv,45,-19.152336,3.0064253499999998,1.57174085,0.9807060000000014,0.5525179000000002,0.3521657,0.19082366791993907
122,pointcloud_1727346192_639525189.csv,3,3.3358517,1.5327414,2.4788079,0.47751620000000017,1.3548286,2.0750101999999995,1.3424332537174575
122,pointcloud_1727346192_639525189.csv,23,-19.7232695,1.1863557249999999,2.0089567,0.8811850000000021,0.64893655,0.2878938000000002,0.1646272196168497
122,pointcloud_1727346192_639525189.csv,46,-39.785929499999995,1.323018775,3.60035185,0.05901099999999104,0.8173422500000002,0.06483270000000019,0.0031270226841562674
122,pointcloud_1727346192_639525189.csv,47,-21.4177025,2.1022593,2.9189314499999996,0.9170289999999994,0.3652198000000002,0.05953790000000003,0.019940263664373133
123,pointcloud_1727346192_689297574.csv,19,-43.5948165,2.10878425,2.5291736,14.517032999999998,2.4982634999999997,2.2695955999999997,82.31227170997072
123,pointcloud_1727346192_689297574.csv,2,-22.6535145,2.1312865,2.0730386000000003,7.944571000000003,2.3321206,1.3579874000000003,25.16038001031177
123,pointcloud_1727346192_689297574.csv,40,-23.41813425,2.015352,3.0619091999999997,1.3914194999999978,1.0607299999999997,0.101715,0.15012324412019276
123,pointcloud_1727346192_689297574.csv,42,-23.9350855,1.26457165,1.815346,1.5821910000000017,0.7975310999999999,0.6757454,0.8526869872345167
123,pointcloud_1727346192_689297574.csv,48,-9.702585,2.05036165,1.70711325,0.09728999999999921,1.0655785000000002,0.45148469999999996,0.04680547856462347
123,pointcloud_1727346192_689297574.csv,49,-37.625462999999996,1.7670351499999999,1.8505318000000002,0.47711399999999315,0.7847468999999998,0.28442520000000004,0.10649270073386916
123,pointcloud_1727346192_689297574.csv,3,3.353714,1.56992935,2.31708335,0.4346199999999998,1.4298267,1.7707519,1.1004006204062777
123,pointcloud_1727346192_689297574.csv,23,-19.8762435,1.3144344000000001,2.0789754499999997,0.372520999999999,0.40362379999999987,0.1575264999999999,0.02368542329802081
123,pointcloud_1727346192_689297574.csv,46,-39.6619125,1.4655234799999999,3.6120126499999996,0.09059500000000043,1.19816064,0.08791590000000005,0.009543039126666944
124,pointcloud_1727346192_739280490.csv,40,-23.965784,2.09261323,2.2499831,5.099820000000001,2.29844954,1.6996512000000001,19.92276566462891
124,pointcloud_1727346192_739280490.csv,19,-43.986204,2.111442675,2.54747605,15.554752,2.50845025,2.2854560999999998,89.17466098241188
124,pointcloud_1727346192_739280490.csv,42,-23.835911,1.2847903999999999,1.800138,1.5517620000000036,0.8508914,0.6469192000000001,0.8541797818184774
124,pointcloud_1727346192_739280490.csv,45,-19.9095135,3.0282454000000003,2.12827015,2.4625890000000012,0.5699587999999998,1.4602937000000002,2.0496306659099632
124,pointcloud_1727346192_739280490.csv,23,-19.756998,1.2922269499999999,2.0753183,0.3301659999999984,0.4019201000000001,0.14273539999999985,0.018941037785264188
124,pointcloud_1727346192_739280490.csv,3,3.6761684,1.5476474850000002,2.4725711,0.49855040000000006,1.26486303,2.1449628,1.3526091864439551
125,pointcloud_1727346192_788615523.csv,19,-43.6919305,2.11155305,2.5620583999999997,15.148868999999998,2.5137879,2.3019952,87.66237955720825
125,pointcloud_1727346192_788615523.csv,40,-23.856535,2.116667,2.14948965,5.097857999999999,2.3026266,1.4810481,17.38522896558273
125,pointcloud_1727346192_788615523.csv,2,-23.1082125,2.010831,3.05754305,1.285971,0.9820229999999999,0.08408689999999996,0.10618940227830398
125,pointcloud_1727346192_788615523.csv,23,-19.537689,1.19375632,2.0276878,0.5675740000000005,0.62625356,0.25639579999999973,0.09113466616946612
125,pointcloud_1727346192_788615523.csv,3,3.9617977,1.4834046,2.5630851,0.6896819999999999,1.1922367999999999,2.2994242,1.8907343398431697
125,pointcloud_1727346192_788615523.csv,42,-23.726866,1.27479755,1.8253963,1.5646859999999982,0.7877233,0.6243778000000002,0.7695703759636938
125,pointcloud_1727346192_788615523.csv,45,-19.574298,3.0468352000000003,2.00392225,2.346418,0.5089244000000002,1.1731848999999999,1.4009580125124923
126,pointcloud_1727346192_839250668.csv,19,-43.658711,2.112812765,2.5751426,15.364618,2.53243687,2.3203120000000004,90.28316616730075
126,pointcloud_1727346192_839250668.csv,40,-24.0439395,2.09233428,2.21813825,4.488600999999999,2.32020284,1.6167995,16.838101461726037
126,pointcloud_1727346192_839250668.csv,2,-23.03599475,2.03133795,3.010838,1.4690695000000034,1.1084441,0.18639660000000013,0.3035247601473604
126,pointcloud_1727346192_839250668.csv,50,-18.969385000000003,3.0424759000000003,1.9084492000000002,1.3440660000000015,0.5233598000000002,0.9580040000000001,0.6738888619234872
126,pointcloud_1727346192_839250668.csv,42,-23.60108,1.27370225,1.83512495,1.5554539999999974,0.8321607,0.6066513,0.7852419745135694
126,pointcloud_1727346192_839250668.csv,3,4.06368065,1.547153925,2.4677327499999997,0.47212989999999966,1.3676981499999998,2.0689245,1.3359690810389526
126,pointcloud_1727346192_839250668.csv,45,-19.8444925,2.83204805,2.18875005,1.0566050000000011,0.5506671000000001,1.3607907,0.7917592102250531
126,pointcloud_1727346192_839250668.csv,23,-19.060195999999998,1.207577475,1.92861515,1.2541660000000014,0.6573772499999999,0.4463396999999998,0.36798931659970435
127,pointcloud_1727346192_88325920.csv,19,-44.346525,2.0306002,2.3890855,13.16581,2.4166410000000003,2.0178056,64.20059390896992
127,pointcloud_1727346192_88325920.csv,2,-24.621013499999997,2.03171535,3.0230422,1.611141,1.2019533,0.16485780000000005,0.31924980727345265
127,pointcloud_1727346192_88325920.csv,40,-23.914520500000002,2.1933157000000003,2.2063526,7.991874999999997,2.2706946,1.6575602,30.079922981932416
127,pointcloud_1727346192_88325920.csv,23,-20.735376000000002,1.201819775,1.8762283499999999,1.2176399999999994,0.6533062499999999,0.5890627000000002,0.4685945606425049
127,pointcloud_1727346192_88325920.csv,51,-25.611275,1.32255496,1.789331925,0.8742680000000007,0.78407838,0.7207107500000001,0.49404335404394245
127,pointcloud_1727346192_88325920.csv,52,1.54708195,1.5799220749999998,2.3843045,0.5160541000000001,1.5065052499999998,1.9387674000000001,1.5072718588732112
128,pointcloud_1727346192_888598837.csv,19,-43.365947500000004,2.12531495,2.5821445,15.009665000000005,2.5146870999999997,2.3456978,88.53745086919793
128,pointcloud_1727346192_888598837.csv,42,-23.448648,1.250129,1.8070678500000001,1.5572559999999989,0.7749533999999999,0.6602717000000002,0.7968164368204828
128,pointcloud_1727346192_888598837.csv,53,-22.541242,2.09601655,2.22112795,7.26079,2.3134935,1.6228695000000002,27.26062182093458
128,pointcloud_1727346192_888598837.csv,40,-22.935439833333334,2.016323575,3.04676125,1.4409096666666663,1.07766155,0.11106149999999992,0.1724577348677926
128,pointcloud_1727346192_888598837.csv,50,-18.6520405,3.08917345,1.55894255,0.9324690000000011,0.42378349999999987,0.2422298999999999,0.09572077273177154
128,pointcloud_1727346192_888598837.csv,54,-37.1256035,2.00196865,1.8160863,0.39250700000000194,0.39250949999999984,0.21758180000000005,0.0335212453048516
128,pointcloud_1727346192_888598837.csv,23,-19.1257695,1.19617795,2.01220605,0.9389749999999992,0.6721225000000001,0.31905749999999977,0.20135917420346736
128,pointcloud_1727346192_888598837.csv,3,4.27778245,1.56530655,2.4444711,0.5088463000000001,1.2878497000000002,2.0622144000000002,1.3514052980836389
129,pointcloud_1727346192_938485673.csv,19,-43.535885,2.12808205,2.5849808,15.608350000000002,2.5470143,2.3550344,93.62366404070711
129,pointcloud_1727346192_938485673.csv,53,-22.1668015,2.1175683000000003,2.13561915,7.769177000000003,2.3836194,1.4602385000000002,27.041807812584448
129,pointcloud_1727346192_938485673.csv,2,-23.7831555,1.04914295,2.8067608,1.4402729999999977,0.18944329999999987,0.04139999999999988,0.011295992898865202
129,pointcloud_1727346192_938485673.csv,40,-22.732002,2.01039185,3.0673721,1.2164000000000001,0.8940051,0.06882620000000017,0.07484627654688755
129,pointcloud_1727346192_938485673.csv,42,-23.3508465,1.26218855,1.814746075,1.509081000000002,0.7658912999999999,0.6426117499999997,0.7427255254722248
129,pointcloud_1727346192_938485673.csv,3,4.53250125,1.5428668499999998,2.5019545499999998,0.48994049999999945,1.2915442999999998,2.1068601,1.3331786393580825
130,pointcloud_1727346192_989729906.csv,42,-23.1730455,1.21840775,1.82552815,1.386220999999999,0.6944958999999999,0.5858802999999999,0.5640414952237459
130,pointcloud_1727346192_989729906.csv,19,-43.6697025,2.1303818,2.5953790999999997,16.102169000000004,2.5436878,2.3713994,97.12988915988643
130,pointcloud_1727346192_989729906.csv,2,-23.754606,2.0612484,2.1085684000000002,4.359482,2.3177526,1.4005904,14.151846556331465
130,pointcloud_1727346192_989729906.csv,50,-18.7684785,3.08105015,1.77041865,1.6359250000000003,0.47247269999999997,0.7232571000000001,0.5590270392411819
130,pointcloud_1727346192_989729906.csv,40,-22.6677815,2.0024167999999998,3.0256933999999998,1.5219609999999975,1.0840109999999998,0.15300279999999988,0.25242745673526595
130,pointcloud_1727346192_989729906.csv,54,-36.8582385,1.94414065,1.7482931499999999,0.39125699999999597,0.4092134999999999,0.1960187,0.03138409270140878
130,pointcloud_1727346192_989729906.csv,45,-19.9182245,2.4207194000000003,2.5863726,2.2493969999999983,1.3243962000000002,0.7501301999999996,2.2347075072061973
130,pointcloud_1727346192_989729906.csv,3,4.6212482999999995,1.5159711999999999,2.3312247,0.4612425999999994,1.290638,1.8172584,1.0818088858604777
131,pointcloud_1727346193_137964320.csv,55,-36.163798,2.1486923225,2.63416885,1.906164000000004,2.551426555,2.3932938999999998,11.63963517681548
131,pointcloud_1727346193_137964320.csv,53,-22.0380355,1.9197644200000001,2.2703738,7.069701000000002,2.0550091600000004,1.6663628000000001,24.209419189580032
131,pointcloud_1727346193_137964320.csv,42,-22.566841500000002,1.235103,1.817899,0.8959310000000009,0.7261970000000001,0.6065163999999998,0.3946131584802781
131,pointcloud_1727346193_137964320.csv,56,-38.547281,1.9162846999999998,2.65027215,0.17239800000000116,2.0796082,2.3591208999999997,0.8457927197432387
131,pointcloud_1727346193_137964320.csv,3,5.17360315,1.539898835,2.3095319,0.43108769999999996,1.31568233,1.7314982,0.982061573147
131,pointcloud_1727346193_137964320.csv,54,-36.5843755,1.99647385,1.753832475,0.2935370000000006,0.3178941000000002,0.17231394999999994,0.016079248864223968
132,pointcloud_1727346193_188289776.csv,55,-36.0689755,2.1555516,2.643966,1.878185000000002,2.5565408,2.4061408,11.553461810616708
132,pointcloud_1727346193_188289776.csv,53,-21.821849999999998,2.04592835,2.2737164500000002,7.238707999999999,2.3209049,1.6525697000000001,27.76375409709617
132,pointcloud_1727346193_188289776.csv,56,-38.443466,1.8875323000000002,3.2379897,0.12045200000000023,1.9987914,1.2247262,0.29486314694231563
132,pointcloud_1727346193_188289776.csv,42,-22.442355499999998,1.227371315,1.81822205,0.9173709999999993,0.7010323700000001,0.5923384999999999,0.3809368972895598
132,pointcloud_1727346193_188289776.csv,54,-36.4944435,2.3298968,1.9604472999999998,0.4379130000000018,0.9564216000000001,0.5524701999999999,0.23139079117906972
132,pointcloud_1727346193_188289776.csv,3,5.35461615,1.5349963,2.38834665,0.32907110000000017,1.2905078,1.7921391,0.7610655992108514
133,pointcloud_1727346193_238984711.csv,55,-35.94604175,2.15518215,2.6525556999999997,1.8054764999999975,2.5617357,2.4176926,11.182199646028254
133,pointcloud_1727346193_238984711.csv,53,-21.8125365,2.02622235,2.27385545,7.005412999999997,2.3156903,1.6605276999999998,26.93768964947566
133,pointcloud_1727346193_238984711.csv,56,-38.3241865,1.8512956150000002,3.5422776000000002,0.12601899999999944,1.94740277,0.6317372000000003,0.15503446811088759
133,pointcloud_1727346193_238984711.csv,42,-22.306860999999998,1.213865765,1.8612544,0.9003660000000018,0.67533447,0.4965251999999998,0.30191125183857886
133,pointcloud_1727346193_238984711.csv,3,5.5934219,1.5516095,2.35350135,0.4190787999999994,1.2172745999999999,1.7956046999999997,0.9159989696729527
133,pointcloud_1727346193_238984711.csv,54,-36.322882500000006,2.3651266,2.02885745,0.4175550000000001,1.0745525999999999,0.6835102999999998,0.30668068969891765
134,pointcloud_1727346193_289057044.csv,55,-35.8048615,2.1679293,2.6634698,1.908017000000001,2.5906073999999997,2.4339579999999996,12.0308668807215
134,pointcloud_1727346193_289057044.csv,53,-21.661644000000003,1.93594872,2.2768254,7.053844000000002,2.1344649600000003,1.6615744,25.016967987449462
134,pointcloud_1727346193_289057044.csv,56,-38.210319,1.88821385,3.2429874,0.11007800000000145,2.0209117,1.2479052,0.2776063927938914
134,pointcloud_1727346193_289057044.csv,42,-22.17517075,1.2404845999999998,1.80483055,0.9173575000000014,0.7432567999999999,0.6100262999999999,0.41593557412951804
134,pointcloud_1727346193_289057044.csv,3,5.77576625,1.5237527,2.3818693,0.41900650000000006,1.2164350000000002,1.6963309999999998,0.864610024190315
134,pointcloud_1727346193_289057044.csv,54,-38.187791,2.95601095,1.88344455,0.06834200000000124,0.04480150000000016,0.8042283000000001,0.0024624056012970516
135,pointcloud_1727346193_339035773.csv,55,-35.703545,2.18555103,2.6683897500000002,1.8442500000000024,2.5706555399999997,2.4440345,11.58700009838844
135,pointcloud_1727346193_339035773.csv,54,-39.9075565,2.95014845,2.33384415,3.773662999999999,0.25881549999999987,1.7511557,1.710323085246591
135,pointcloud_1727346193_339035773.csv,53,-21.5390385,1.9745655,2.27931355,7.042890999999997,2.1685242,1.6584453000000001,25.32890365369749
135,pointcloud_1727346193_339035773.csv,56,-38.138771,1.9573428499999999,3.59444475,0.1899879999999996,2.1510963,0.5871095,0.23994136874864322
135,pointcloud_1727346193_339035773.csv,42,-22.064453999999998,1.24003905,1.8671037999999998,0.8956780000000002,0.6798805000000002,0.5547413999999999,0.3378119980897697
135,pointcloud_1727346193_339035773.csv,57,-37.252077,3.0856306,3.5945136,0.2975659999999962,0.10634720000000009,0.5382351999999999,0.01703262024950465
135,pointcloud_1727346193_339035773.csv,58,-36.0116015,2.31958795,1.8006107999999998,0.3412229999999994,0.9218454999999999,0.22555400000000003,0.07094911299288613
135,pointcloud_1727346193_339035773.csv,3,5.951147150000001,1.5052403500000002,2.35676195,0.35009770000000007,1.2033999000000002,1.7138939,0.7220764179800807
135,pointcloud_1727346193_339035773.csv,59,-44.093303500000005,3.05829155,1.69886275,4.161032999999996,0.03304170000000006,0.49843930000000003,0.0685292251343685
136,pointcloud_1727346193_388960195.csv,55,-35.5453115,2.18965115,2.68805825,1.9674029999999973,2.5803906999999997,2.4263364999999997,12.31770584787624
136,pointcloud_1727346193_388960195.csv,53,-21.331876,2.01178465,2.28184295,7.181623999999999,2.2485559,1.6228785,26.20670131984999
136,pointcloud_1727346193_388960195.csv,56,-37.9439335,1.93668365,2.7014098,0.16293699999999944,2.0945473000000003,2.4016848,0.8196451954943995
136,pointcloud_1727346193_388960195.csv,42,-21.93617125,1.23777522,1.884230275,0.9180895000000007,0.6915991600000001,0.49585605,0.31484376275239867
136,pointcloud_1727346193_388960195.csv,3,6.1884575,1.5109099,2.33149315,0.5081138000000003,1.1440942,1.6903901000000001,0.982674563921831
137,pointcloud_1727346193_39852572.csv,3,4.77181055,1.478926775,2.6078596000000003,0.5806502999999994,1.18992925,1.8236180000000002,1.2599974470876558
137,pointcloud_1727346193_39852572.csv,59,-43.6180965,2.1359798999999997,2.6126816,16.210947000000004,2.5428338,2.3729481999999997,97.81706313456
137,pointcloud_1727346193_39852572.csv,60,-23.9174045,2.05993008,2.1254713499999998,3.7921369999999968,2.3504166399999997,1.3990379000000002,12.469767372999817
137,pointcloud_1727346193_39852572.csv,53,-22.587017,2.0188569,3.0248587000000002,1.4630319999999983,1.1008842,0.1532053999999996,0.2467570315310108
137,pointcloud_1727346193_39852572.csv,61,-19.7497425,2.27385105,2.49743435,2.3669009999999986,1.6151988999999998,0.9386277000000001,3.588388613404309
137,pointcloud_1727346193_39852572.csv,62,-18.474168499999998,3.0771442,1.5786859500000001,1.0070650000000008,0.4471143999999998,0.29366349999999986,0.13222882243830505
137,pointcloud_1727346193_39852572.csv,42,-22.832007,1.23881785,1.84292075,0.9041080000000008,0.7340677000000001,0.6056471000000001,0.40195373551779867
138,pointcloud_1727346193_440327506.csv,55,-35.417084,2.198598875,2.6912446,2.0172580000000053,2.5914807499999997,2.4501048,12.808376784636405
138,pointcloud_1727346193_440327506.csv,53,-21.319606,1.9356556,2.2818813000000002,7.096451999999999,2.0826143999999998,1.6215134,23.964627261662276
138,pointcloud_1727346193_440327506.csv,56,-38.0838935,1.9625934500000002,2.6991911,0.629127000000004,2.1413663,2.4369688,3.2830633027380904
138,pointcloud_1727346193_440327506.csv,3,6.32007025,1.53463705,2.2858276,0.46470650000000013,1.2582719,1.5012149999999997,0.8778011395098224
138,pointcloud_1727346193_440327506.csv,42,-22.1569615,1.2739617650000001,1.95629425,0.18741299999999939,0.65020367,0.34098950000000006,0.04155182806383272
138,pointcloud_1727346193_440327506.csv,63,-21.440119000000003,1.139226235,1.74451085,0.17629200000000012,0.47397692999999996,0.3356680999999999,0.028047869543677
139,pointcloud_1727346193_490479711.csv,3,6.64452925,1.519786825,2.3092761,0.4079744999999999,1.23850535,1.6400880000000002,0.8287013700151433
139,pointcloud_1727346193_490479711.csv,55,-35.34611675,2.2067474975,2.70549775,1.9074595000000016,2.5958368050000002,2.4402255,12.082663273699412
139,pointcloud_1727346193_490479711.csv,53,-21.17967775,2.05573572,2.2947142,6.992129499999997,2.31910636,1.6075768000000001,26.067648729165327
139,pointcloud_1727346193_490479711.csv,56,-37.7379075,1.89181847,3.3362241,0.17411099999999635,2.01784886,1.1789866,0.41421298827826025
139,pointcloud_1727346193_490479711.csv,63,-21.627648,1.24698925,1.82828305,0.9556600000000017,0.7051229,0.6105571000000001,0.41142863402740787
139,pointcloud_1727346193_490479711.csv,58,-35.7254735,2.5237631,1.9836521,0.3161130000000014,0.7039306000000001,0.5361871999999999,0.11931324102027678
140,pointcloud_1727346193_539247938.csv,55,-35.263977999999994,2.21361945,2.7219939,2.0270360000000025,2.6094007,2.4342508,12.875602417698211
140,pointcloud_1727346193_539247938.csv,53,-21.0218485,2.05141975,2.2957318,7.022739000000001,2.3380799000000003,1.6068395999999998,26.383864188571913
140,pointcloud_1727346193_539247938.csv,56,-37.573661,1.9065163,3.2587416,0.1337219999999988,2.0575356,1.3544536000000003,0.37266135052629773
140,pointcloud_1727346193_539247938.csv,60,-23.522336,1.330890525,1.6478131,0.12837400000000088,0.7792875499999999,0.2958588,0.029597791258631347
140,pointcloud_1727346193_539247938.csv,3,6.86051375,1.50087955,2.34012985,0.3071134999999998,1.2391181,1.5397511,0.5859521219014339
140,pointcloud_1727346193_539247938.csv,63,-21.515155749999998,1.2412566,1.8577680499999998,0.9325875000000003,0.7086408000000001,0.5605572999999999,0.37045525176056876
141,pointcloud_1727346193_589680718.csv,53,-20.8862765,1.93156755,2.30287025,7.030251,2.0592473,1.5910377,23.033493179462234
141,pointcloud_1727346193_589680718.csv,55,-35.1683115,2.23726405,2.72988965,2.0399770000000004,2.5836899,2.4409203,12.86528044529665
141,pointcloud_1727346193_589680718.csv,56,-37.451040000000006,1.9325062,3.25855755,0.1228139999999982,2.0634382,1.3823161000000002,0.35030530072623234
141,pointcloud_1727346193_589680718.csv,63,-21.3984295,1.26847017,1.903223275,0.8987510000000007,0.7612564599999999,0.4906602499999999,0.3356999321420065
141,pointcloud_1727346193_589680718.csv,58,-35.6040675,2.79917095,2.0878768,0.2541750000000036,0.2555923,0.29776959999999986,0.019344653534220047
141,pointcloud_1727346193_589680718.csv,3,7.0156175,1.5145627,2.0507398,0.26994700000000016,1.1581962,1.0323820000000001,0.32277587337587277
142,pointcloud_1727346193_637174396.csv,53,-20.7794995,2.0461001249999997,2.30918335,6.966819000000001,2.29072615,1.5742297,25.123249008285676
142,pointcloud_1727346193_637174396.csv,55,-35.018983500000004,2.258497175,2.74617965,2.0095870000000033,2.5611437500000003,2.4269467,12.491109229678397
142,pointcloud_1727346193_637174396.csv,56,-37.328003,1.9054332500000002,3.5447188374999996,0.10881799999999942,2.0040094,0.8297575250000002,0.18094712767833185
142,pointcloud_1727346193_637174396.csv,3,7.2425117,1.487038235,2.12330505,0.2662773999999999,1.16132613,1.0623688999999998,0.3285215431557797
142,pointcloud_1727346193_637174396.csv,63,-21.231063,1.2502803949999999,1.83222555,0.922346000000001,0.6987343099999999,0.6061769000000001,0.39066573390149717
143,pointcloud_1727346193_688454785.csv,55,-34.90559716666667,2.25713203,2.7598190000000002,2.0062043333333364,2.58955474,2.4226122,12.58589661530889
143,pointcloud_1727346193_688454785.csv,63,-21.1081915,1.2503202,1.88211945,0.9033030000000011,0.6806412000000001,0.48444710000000013,0.29785030349952063
143,pointcloud_1727346193_688454785.csv,53,-20.6401945,1.9099219,2.31997035,7.055933,2.0333037999999997,1.5540385,22.295565616698333
143,pointcloud_1727346193_688454785.csv,56,-37.2101665,1.930504275,3.53239465,0.09007300000000384,2.08029785,0.8743300999999999,0.1638308097428197
143,pointcloud_1727346193_688454785.csv,3,7.50502395,1.5151616300000001,2.0306709,0.26314930000000025,1.04886794,0.9453959999999999,0.2609376761824775
144,pointcloud_1727346193_738768610.csv,53,-20.4090405,2.05269575,2.32093285,7.118746999999999,2.2663731,1.5443954999999998,24.916870367712217
144,pointcloud_1727346193_738768610.csv,56,-37.083861,1.8896305,3.5923755,0.10201800000000105,1.9658550000000001,0.7605930000000001,0.15253890018546787
144,pointcloud_1727346193_738768610.csv,55,-35.126752499999995,2.2564232399999997,2.76217725,2.739155000000004,2.6001234199999996,2.4302992999999997,17.30893444844077
144,pointcloud_1727346193_738768610.csv,63,-20.963213,1.25403975,1.8774967,0.9075020000000009,0.6836457,0.5310439999999998,0.32946492309494546
144,pointcloud_1727346193_738768610.csv,3,7.7416057,1.38941885,2.05766105,0.23763259999999953,0.8283266999999999,0.8443230999999998,0.16619438687341745
145,pointcloud_1727346193_788996578.csv,55,-34.65395225,2.2535776,2.77070095,2.0540645000000026,2.6276744,2.4277525,13.10358218226601
145,pointcloud_1727346193_788996578.csv,53,-20.237401499999997,1.95952178,2.3254092,7.205392999999997,2.0845332400000003,1.5356831999999998,23.0657792490433
145,pointcloud_1727346193_788996578.csv,56,-36.9642125,1.89213085,3.5778537,0.09114499999999737,1.9515471,0.8002843999999998,0.14234959564106198
145,pointcloud_1727346193_788996578.csv,64,-20.428137999999997,1.2018049,1.79884975,0.10108800000000073,0.5741558000000001,0.43342250000000004,0.025155955244491535
145,pointcloud_1727346193_788996578.csv,63,-21.192286,1.26365948,2.03307605,0.11466599999999971,0.6077728400000001,0.19537789999999977,0.013616057875660911
145,pointcloud_1727346193_788996578.csv,58,-36.225617,3.2116570500000003,3.1536473,0.15933200000000625,0.06263299999999994,1.4841878,0.014811364814553663
145,pointcloud_1727346193_788996578.csv,3,7.98095885,1.518912415,2.2901592,0.28148630000000097,1.1506101700000002,1.381238,0.44735674398140324
145,pointcloud_1727346193_788996578.csv,65,-49.819505,1.524782515,3.96092055,1.2699300000000022,1.13980837,0.051271899999999704,0.0742148879627159
146,pointcloud_1727346193_839642230.csv,55,-34.83534125,2.304111,2.78190325,2.6636184999999983,2.551916,2.4180699,16.43642068874891
146,pointcloud_1727346193_839642230.csv,56,-36.81331900000001,1.9196898000000002,3.54355975,0.12018400000000184,1.9877852000000007,0.8958535000000003,0.21401938007666238
146,pointcloud_1727346193_839642230.csv,53,-20.1812735,1.9257638499999998,2.3306297999999996,7.014707000000001,2.0115895,1.5314864,21.610361909319334
146,pointcloud_1727346193_839642230.csv,63,-21.04374775,1.3321345,2.02863145,0.12339950000000144,0.5421076,0.2112965,0.014134849838600475
146,pointcloud_1727346193_839642230.csv,3,8.2038725,1.3769177,2.0003490999999998,0.22004299999999866,0.7461874,0.8398017999999998,0.13788984069404078
146,pointcloud_1727346193_839642230.csv,64,-20.3239825,1.198596585,1.84985805,0.17475499999999755,0.51745483,0.37582629999999995,0.03398515256293147
146,pointcloud_1727346193_839642230.csv,65,-49.645173,1.9465408,3.96298715,1.6650060000000053,1.8668765999999999,0.05645610000000012,0.17548592478817093
147,pointcloud_1727346193_88089159.csv,56,-36.311161999999996,2.1359347300000002,2.62035035,1.8281840000000003,2.54639654,2.3879347,11.116508022178857
147,pointcloud_1727346193_88089159.csv,63,-22.1557275,2.0596075,2.259249325,7.086337,2.3321242,1.67026925,27.60323375598092
147,pointcloud_1727346193_88089159.csv,66,-38.680895,1.859491185,3.4958215,0.12950999999999624,1.98126903,0.6255473999999999,0.16051180468590384
147,pointcloud_1727346193_88089159.csv,67,-22.680536,1.233721,1.8063156,0.949939999999998,0.7310686000000001,0.6200308000000001,0.43059359936430047
147,pointcloud_1727346193_88089159.csv,68,5.013609,1.553473575,2.3887252500000002,0.518364,1.3191134499999997,1.8488655,1.2642189606735028
147,pointcloud_1727346193_88089159.csv,58,-36.620188999999996,1.96412195,1.7441671,0.24267800000000506,0.3664858999999998,0.22639699999999996,0.020135311156185966
148,pointcloud_1727346193_890020740.csv,55,-34.4073275,2.30948615,2.78829765,2.099604999999997,2.5552444999999997,2.4150580999999995,12.956796676880176
148,pointcloud_1727346193_890020740.csv,53,-19.995003500000003,2.0095729,2.3381178499999997,7.120374999999999,2.160486,1.5181974999999999,23.35514645783969
148,pointcloud_1727346193_890020740.csv,56,-36.6873715,1.937889275,3.51454595,0.11343699999999757,2.01571405,0.9531764999999996,0.21795005450132507
148,pointcloud_1727346193_890020740.csv,65,-49.236145,1.919089075,3.9605088,2.074616000000006,1.90762185,0.0703106,0.2782600220585675
148,pointcloud_1727346193_890020740.csv,64,-20.139989,1.21394825,1.84774545,0.13387800000000283,0.5645884999999999,0.3845538999999998,0.029066883087833135
148,pointcloud_1727346193_890020740.csv,63,-20.900017,1.3031677,2.0501294,0.10430200000000056,0.5777056,0.1270703999999998,0.007656734897186611
148,pointcloud_1727346193_890020740.csv,3,8.459196,1.51048745,2.06668595,0.22856200000000015,1.0813400999999998,0.8715377000000002,0.21540338022614725
149,pointcloud_1727346193_939976836.csv,53,-19.81793675,2.056346185,2.3384249,7.137473500000002,2.23023463,1.5068202000000002,23.98592643994926
149,pointcloud_1727346193_939976836.csv,55,-34.5974035,2.309905,2.792922,2.7149670000000015,2.5770419999999996,2.416688,16.90856056385891
149,pointcloud_1727346193_939976836.csv,56,-36.563289499999996,1.919475085,3.57110525,0.09213299999999691,1.9444046299999997,0.8527779000000004,0.1527699006597064
149,pointcloud_1727346193_939976836.csv,64,-19.953537,1.2433317000000002,1.8260553000000002,0.16931999999999903,0.6013184,0.4793620000000003,0.04880635299655041
149,pointcloud_1727346193_939976836.csv,65,-48.867208000000005,1.9246648,3.9649856000000003,2.7838240000000027,1.9586584,0.07301760000000046,0.398132864166286
149,pointcloud_1727346193_939976836.csv,3,8.674064999999999,1.4889911200000001,1.9905305,0.23571399999999976,1.06392976,0.7562321999999999,0.18965028526815159
149,pointcloud_1727346193_939976836.csv,63,-20.7434315,1.2669454500000001,2.03408505,0.10416299999999978,0.5836675,0.1742435,0.010593405019459887
149,pointcloud_1727346193_939976836.csv,69,9.1515235,1.2944493,3.35764265,0.5361449999999994,0.6744604,0.9314737000000002,0.33682887372825526
150,pointcloud_1727346193_989872063.csv,56,-36.415195,2.0275555,2.8084881,0.12911000000000428,2.1659794,2.3957905999999998,0.6699818837739762
150,pointcloud_1727346193_989872063.csv,55,-34.427603500000004,2.29546283,2.8049554500000005,2.6780529999999985,2.62186334,2.4039097000000003,16.879025475342758
150,pointcloud_1727346193_989872063.csv,53,-19.6160775,2.060670525,2.3493857,7.275689,2.23201495,1.4977226000000001,24.32218621359446
150,pointcloud_1727346193_989872063.csv,64,-19.797241999999997,1.23424555,1.8309548,0.14178599999999975,0.5533643000000001,0.43938880000000013,0.03447414235084891
150,pointcloud_1727346193_989872063.csv,70,-45.726798,2.02743245,3.72918065,8.637723999999999,2.1610837,0.5557887000000004,10.374821260821719
150,pointcloud_1727346193_989872063.csv,66,-39.7890385,3.11406955,3.8768249,1.7201570000000004,0.0357959000000001,0.22070979999999984,0.013590110578721414
151,pointcloud_1727346194_139740137.csv,65,-47.6659325,1.96413625,3.97985745,4.329775000000005,1.9841086999999997,0.08963390000000038,0.7700219107201698
151,pointcloud_1727346194_139740137.csv,56,-36.0198985,1.98355975,3.257161725,0.13008300000000617,2.0282828999999998,1.5345885499999996,0.4048937070014259
151,pointcloud_1727346194_139740137.csv,55,-33.801393000000004,2.3112582,2.8255771,2.151294,2.6209666,2.3933788,13.494993894157728
151,pointcloud_1727346194_139740137.csv,53,-19.2678375,2.03533255,2.3650330999999998,6.989448999999999,2.1318361,1.4578018,21.721771187384366
151,pointcloud_1727346194_139740137.csv,64,-19.336298,1.2562446500000002,1.88501525,0.07293999999999912,0.5732679,0.40636689999999986,0.01699189082968947
152,pointcloud_1727346194_190934310.csv,53,-19.064009499999997,2.073371635,2.36874245,7.167300999999998,2.21223113,1.4541673,23.056878834492398
152,pointcloud_1727346194_190934310.csv,55,-33.951585,2.34058,2.8370827,2.7054100000000005,2.5702413999999996,2.3846466,16.581775547579827
152,pointcloud_1727346194_190934310.csv,56,-36.3517285,2.069754375,3.2361887499999997,1.0011329999999958,2.1972308499999995,1.5865704999999997,3.490011356147433
152,pointcloud_1727346194_190934310.csv,65,-47.339345,1.96389515,3.9824861,4.593289999999996,1.9268777000000001,0.09296379999999971,0.8227954549367089
152,pointcloud_1727346194_190934310.csv,64,-19.180310499999997,1.26658895,1.8849998,0.09641900000000092,0.5404015,0.4524621999999998,0.023575530365446226
152,pointcloud_1727346194_190934310.csv,70,-46.830315,3.0697291,2.4389908,5.100296,0.07852499999999996,1.2018628,0.4813469448648053
153,pointcloud_1727346194_241543175.csv,55,-33.817488,2.3621339,2.8419821,2.6871300000000033,2.5362098,2.3768344,16.198424585807675
153,pointcloud_1727346194_241543175.csv,53,-19.0405735,2.1143404,2.36905645,6.810210999999999,2.2617838,1.4302259,22.030091216074126
153,pointcloud_1727346194_241543175.csv,65,-47.1221145,1.9826988,3.9835635,4.760142999999999,1.964485,0.10013499999999986,0.9363853681208815
153,pointcloud_1727346194_241543175.csv,56,-35.77445,1.95955525,3.4976299500000003,0.10016000000000247,1.9408604999999999,1.0708301000000002,0.20816571742503834
153,pointcloud_1727346194_241543175.csv,64,-19.0009345,1.2894190499999998,1.90963195,0.06915700000000058,0.5678919,0.38137010000000005,0.014977814945299912
154,pointcloud_1727346194_340325533.csv,55,-33.306841000000006,2.359826975,2.87180265,2.2051879999999997,2.5622275500000002,2.3524386999999995,13.291733726102139
154,pointcloud_1727346194_340325533.csv,56,-35.4982415,2.02197515,2.9041552499999996,0.14903300000000286,2.0326411,2.2595349,0.6844822653646998
154,pointcloud_1727346194_340325533.csv,53,-18.604998,1.9792575,2.3939209,6.982714,1.950993,1.3878890000000002,18.90752569728179
154,pointcloud_1727346194_340325533.csv,65,-46.645861999999994,2.0512122,2.9459,5.037956000000001,2.066541,2.2063608000000006,22.970736982473362
154,pointcloud_1727346194_340325533.csv,64,-18.681281,1.27663005,1.9383037,0.07332800000000006,0.5065563,0.3115439999999998,0.011572227223589724
155,pointcloud_1727346194_38163395.csv,55,-34.036049875,2.3347727,2.8134663499999997,2.092591750000004,2.5456202,2.3954787,12.760580478833313
155,pointcloud_1727346194_38163395.csv,53,-19.5769255,1.9548625499999999,2.354665,7.005851,1.9974569,1.48115,20.72704339030978
155,pointcloud_1727346194_38163395.csv,56,-36.2968675,1.9683678000000002,3.2527331999999998,0.11553899999999828,2.0217256,1.5175028000000004,0.3544706778911483
155,pointcloud_1727346194_38163395.csv,64,-19.9489115,1.2178706,1.87963845,0.6601910000000011,0.5273016000000001,0.3388477000000001,0.11795958359423543
155,pointcloud_1727346194_38163395.csv,65,-48.1942935,1.9777186,3.9709666,3.5365129999999994,2.0415416,0.08233400000000035,0.5944464089205672
155,pointcloud_1727346194_38163395.csv,71,9.186121,1.3606036,1.98135615,0.16724400000000017,0.7783866,0.6635217,0.0863775790565216
156,pointcloud_1727346194_388894251.csv,53,-18.4013375,2.0964706,2.4013784,7.053364999999999,2.1754504,1.3808504,21.18810782717477
156,pointcloud_1727346194_388894251.csv,55,-33.19635649999999,2.37385035,2.881888125,2.2545069999999967,2.5461764999999996,2.3399490500000004,13.43217974542482
156,pointcloud_1727346194_388894251.csv,56,-35.37016,2.0326807999999996,2.88056325,0.12013999999999925,2.0473844,2.3421564999999998,0.5761067029102925
156,pointcloud_1727346194_388894251.csv,65,-46.5263175,1.993214,4.00142385,5.203209000000001,1.9117634,0.1068810999999994,1.0631788500678399
156,pointcloud_1727346194_388894251.csv,72,-18.4979175,1.27082945,1.9390697499999998,0.051979000000002884,0.4773541000000001,0.3040904999999998,0.007545211705409149
156,pointcloud_1727346194_388894251.csv,64,-20.872702,1.63986645,1.89246295,0.26111999999999824,1.2426307,0.34192610000000023,0.11094672035099977
157,pointcloud_1727346194_441212880.csv,55,-33.28882,2.3848374,2.8974328,2.6937899999999964,2.5279322000000004,2.3222676,15.813988593635743
157,pointcloud_1727346194_441212880.csv,53,-18.2831315,2.0138106,2.41547565,6.960146999999999,1.9894828,1.3535867,18.743240569199287
157,pointcloud_1727346194_441212880.csv,56,-36.297261500000005,2.11363505,2.90790055,2.2116830000000007,2.1948653,2.3077435000000004,11.202586054341586
157,pointcloud_1727346194_441212880.csv,65,-46.1732425,1.9695536,3.9975862500000003,5.618060999999997,1.8708322000000002,0.12577050000000023,1.3219044788239176
157,pointcloud_1727346194_441212880.csv,73,-46.841166,3.06556565,2.3946643,3.746068000000001,0.07348329999999992,1.0888137999999998,0.29972151879125203
157,pointcloud_1727346194_441212880.csv,72,-17.9887525,1.3273145,1.92929985,0.741382999999999,0.5639742000000001,0.36219310000000005,0.15144049926609496
158,pointcloud_1727346194_491785797.csv,56,-35.115975000000006,2.0357506499999998,2.9318161,0.12174999999999869,2.0290213,2.2669943999999997,0.5600232058176966
158,pointcloud_1727346194_491785797.csv,55,-32.94657816666667,2.395544,2.91136815,2.246108333333339,2.5261496,2.2946830999999994,13.020044915220202
158,pointcloud_1727346194_491785797.csv,65,-45.5114815,1.96732095,4.0006398999999995,6.738602999999998,1.8878517,0.1335115999999994,1.698465566949166
158,pointcloud_1727346194_491785797.csv,53,-18.0817995,2.098616,2.41829155,6.992094999999999,2.1444094000000002,1.3392629,20.080793072359594
158,pointcloud_1727346194_491785797.csv,64,-20.527423,1.6769612999999999,1.89829395,0.28475800000000007,1.2825237999999999,0.2618113000000002,0.09561582008524512
158,pointcloud_1727346194_491785797.csv,72,-17.8054615,1.29684235,1.93103295,0.7709729999999979,0.5108199,0.31648410000000027,0.12464041114561719
159,pointcloud_1727346194_539799708.csv,55,-33.0275395,2.407692075,2.93112135,2.699461000000003,2.5307442499999997,2.2808781,15.582150388605426
159,pointcloud_1727346194_539799708.csv,65,-45.1622325,2.07880495,2.96682835,7.081575000000001,2.0899897000000003,2.2111053,32.72528447251873
159,pointcloud_1727346194_539799708.csv,56,-34.993727,2.03866205,2.9427931000000003,0.09999399999999525,2.0102092999999996,2.2580428,0.45388662880396424
159,pointcloud_1727346194_539799708.csv,53,-17.9596425,2.13182055,2.4370608000000002,6.955745000000002,2.1863439,1.2949503999999998,19.693153293191347
159,pointcloud_1727346194_539799708.csv,72,-17.6432075,1.2909218,1.9319501,0.7321850000000012,0.4779198,0.25439639999999986,0.08901984057675574
160,pointcloud_1727346194_590537110.csv,55,-32.693673833333335,2.4073584500000003,2.9288736,2.312239666666663,2.5265003,2.2905208,13.380934392436316
160,pointcloud_1727346194_590537110.csv,72,-17.4802905,1.2806262,1.92138505,0.7671330000000012,0.4447958000000001,0.26399669999999986,0.09008030360265945
160,pointcloud_1727346194_590537110.csv,56,-34.8550145,2.0934485,2.94156385,0.09952900000000398,2.086469,2.2700153,0.4714008502011373
160,pointcloud_1727346194_590537110.csv,53,-17.7423355,2.1340174000000003,2.4275355,6.976153000000002,2.1677192,1.292219,19.541376106542238
160,pointcloud_1727346194_590537110.csv,65,-45.05505,1.9648723499999998,4.0136292000000005,6.990499999999997,1.8051862999999997,0.1281276,1.6168620224155263
160,pointcloud_1727346194_590537110.csv,74,-32.69099,2.9277918,2.0098176,0.37612000000000023,0.4169364,0.27385619999999977,0.04294561409695315
161,pointcloud_1727346194_639038809.csv,53,-17.691938,2.0424869,2.4487188,6.804386000000001,1.970521,1.2700238,17.028714706299642
161,pointcloud_1727346194_639038809.csv,56,-34.722968,2.0365351499999997,2.9821086,0.11168399999999679,1.9602539,2.1726570000000005,0.4756576168955586
161,pointcloud_1727346194_639038809.csv,55,-32.7591035,2.4227053,2.9380488,2.6978630000000017,2.5338269999999996,2.2519311999999996,15.394017276384572
161,pointcloud_1727346194_639038809.csv,65,-44.81707,2.0365808,4.0094657,7.565640000000002,1.9539904000000001,0.14924339999999958,2.2062932294906656
161,pointcloud_1727346194_639038809.csv,72,-17.632904,1.3338591,1.9512768,0.06390400000000085,0.5051000000000001,0.22241880000000003,0.007179214097675617
162,pointcloud_1727346194_687770081.csv,55,-32.57289825,2.431635625,2.953136775,2.5559265000000018,2.52493075,2.22345185,14.349129703514082
162,pointcloud_1727346194_687770081.csv,53,-17.553507500000002,2.06991885,2.45413185,6.643747000000001,2.0031295,1.2379871,16.47548590363647
162,pointcloud_1727346194_687770081.csv,56,-34.595407,2.064268975,2.9664206,0.09568400000000565,1.9900319499999999,2.2453188,0.42754062145046895
162,pointcloud_1727346194_687770081.csv,65,-44.469768,2.0224159,4.0162825,7.715544000000001,1.9075562,0.14945699999999995,2.1996832852860098
162,pointcloud_1727346194_687770081.csv,72,-17.1297865,1.32852185,1.9479847000000001,0.7287009999999974,0.4900907000000001,0.20090860000000021,0.07175040457541781
162,pointcloud_1727346194_687770081.csv,74,-33.943526000000006,3.356857125,2.8291840500000003,0.09079200000000043,0.03570764999999998,1.1096610999999998,0.003597486840987877
163,pointcloud_1727346194_738060833.csv,55,-32.48133975,2.42550575,2.9706680500000004,2.6497394999999955,2.5372507,2.2007879000000004,14.796014576398607
163,pointcloud_1727346194_738060833.csv,53,-17.3307145,2.109010375,2.4686784999999998,6.748423000000001,2.0674461499999994,1.186141,16.54904059596897
163,pointcloud_1727346194_738060833.csv,56,-34.46284275,2.10767705,2.9868688499999996,0.10406150000000025,2.0672881,2.2126675,0.4760003185720115
163,pointcloud_1727346194_738060833.csv,75,-19.729831500000003,1.7140526,1.9573071,0.15338900000000066,1.2681167999999998,0.1559290000000002,0.030330555605375068
163,pointcloud_1727346194_738060833.csv,65,-44.289631,2.02043415,4.0168426,7.639793999999995,1.8868089,0.15716799999999953,2.265550207859193
163,pointcloud_1727346194_738060833.csv,76,-47.2834735,3.0617932999999997,2.28243615,1.3050470000000018,0.022324599999999695,0.8204265000000002,0.02390284077927098
163,pointcloud_1727346194_738060833.csv,77,-45.6160315,3.0995238,2.14459825,1.9978109999999987,0.04348799999999997,0.5154987000000002,0.04478694191285776
163,pointcloud_1727346194_738060833.csv,72,-17.293197499999998,1.3240845,1.96773605,0.08884500000000273,0.4633573999999998,0.19090890000000016,0.007859144434147952
164,pointcloud_1727346194_788210051.csv,55,-32.178478166666665,2.41942745,2.977903083333333,2.2604443333333286,2.5570113,2.1789029666666666,12.594019280717712
164,pointcloud_1727346194_788210051.csv,53,-17.104992,2.165498,2.4748118,6.83569,2.149478,1.1644606,17.10961204599376
164,pointcloud_1727346194_788210051.csv,56,-34.336480249999994,2.13653985,2.9988270000000004,0.09932049999999748,2.0968362999999997,2.1984244000000004,0.4578412928029893
164,pointcloud_1727346194_788210051.csv,65,-44.0407065,1.97792705,4.022943,7.901161000000002,1.7750161,0.1559400000000002,2.1870098441769494
164,pointcloud_1727346194_788210051.csv,72,-17.128860500000002,1.3618459500000002,1.97706725,0.09854100000000088,0.49773789999999996,0.13089989999999974,0.006420324679111513
164,pointcloud_1727346194_788210051.csv,78,-39.136708999999996,1.57431865,4.0966315,0.6217540000000028,0.8736938999999999,0.007170999999999594,0.003895449817488199
165,pointcloud_1727346194_839032600.csv,65,-43.2245255,2.07247525,4.0226469,9.125183,1.9466535,0.16367620000000027,2.907473541935002
165,pointcloud_1727346194_839032600.csv,53,-16.9711695,2.1459124000000003,2.4845869499999997,6.7712309999999984,2.1106066,1.1434961,16.342165696602706
165,pointcloud_1727346194_839032600.csv,56,-34.199959,2.0946818,3.017416125,0.10527000000000442,2.0048224,2.1720497500000002,0.4584060042130642
165,pointcloud_1727346194_839032600.csv,55,-32.065709999999996,2.43577285,2.994477025,2.3027639999999927,2.5258509,2.16751725,12.607230829755835
166,pointcloud_1727346194_889654506.csv,55,-31.927642625000004,2.43364595,2.9950083625,2.270082250000005,2.5192637,2.1561629250000003,12.330957360611805
166,pointcloud_1727346194_889654506.csv,53,-16.9139405,2.18694175,2.4846971,6.541755,2.1595299,1.1426568000000001,16.142444614427056
166,pointcloud_1727346194_889654506.csv,56,-34.07672675,2.176464675,3.01648545,0.0993064999999973,2.1386429499999995,2.1808322999999996,0.46316766335679954
166,pointcloud_1727346194_889654506.csv,65,-43.0540635,2.0538034,4.02748915,9.384912999999997,1.8954667999999997,0.15888970000000002,2.826455667321088
166,pointcloud_1727346194_889654506.csv,75,-19.198458000000002,1.7600652500000002,1.9912348500000001,0.1288039999999988,1.2245535,0.14918430000000016,0.023530450120881088
167,pointcloud_1727346194_91338573.csv,56,-33.9342235,2.3534437,2.81895615,2.165199000000001,2.5216638,2.3977588999999995,13.091533260715215
167,pointcloud_1727346194_91338573.csv,79,-36.165739,1.9643197,3.2393665,0.10568599999999861,1.9972186,1.550739,0.32732695636260084
167,pointcloud_1727346194_91338573.csv,75,-19.4498115,1.9421517700000002,2.3561566000000003,6.956037,1.9515504600000002,1.4685998000000002,19.936326299375306
167,pointcloud_1727346194_91338573.csv,80,-19.483159999999998,1.2820338,1.8734169,0.1072880000000005,0.5855495999999999,0.4433174,0.027850283193963394
167,pointcloud_1727346194_91338573.csv,81,-48.1366195,1.985124225,3.970224,3.4856869999999986,2.00908255,0.09327599999999991,0.6532148992486546
167,pointcloud_1727346194_91338573.csv,82,-49.308977,3.04808415,2.32634715,0.730319999999999,0.021572900000000228,0.8852066999999999,0.013946538073651924
168,pointcloud_1727346194_938847058.csv,53,-16.70317,2.1707507,2.4949355,6.629168,2.1043918,1.1215916000000001,15.646614197392175
168,pointcloud_1727346194_938847058.csv,56,-33.941957,2.1264244999999997,3.0260468,0.11414599999999808,2.0118054,2.1623784000000006,0.4965675793269415
168,pointcloud_1727346194_938847058.csv,65,-42.7330675,2.08885475,4.0263679,9.801755,1.9446248999999998,0.16274120000000014,3.101967185688683
168,pointcloud_1727346194_938847058.csv,55,-31.819950166666665,2.44838105,3.0087438,2.3004763333333322,2.4953987,2.1464463999999994,12.321902334655181
169,pointcloud_1727346194_989831500.csv,65,-42.5735865,2.0827021500000003,4.0262281,9.775953000000001,1.9194793,0.16408380000000022,3.078989750252263
169,pointcloud_1727346194_989831500.csv,56,-33.813255999999996,2.1612749333333334,3.0277297499999998,0.13286799999999488,2.0747986666666662,2.1445784999999997,0.5912052823872912
169,pointcloud_1727346194_989831500.csv,55,-31.691353499999998,2.46390915,3.01942145,2.292462999999998,2.4631071,2.1411951,12.090433478443686
169,pointcloud_1727346194_989831500.csv,53,-16.631127,2.1873366,2.5044005,6.442315999999998,2.1277406,1.1097236,15.211622041096028
170,pointcloud_1727346195_141590898.csv,65,-42.061212999999995,2.12938115,4.03181975,9.957546,1.9768219,0.15848050000000002,3.119576914232039
170,pointcloud_1727346195_141590898.csv,55,-31.4855995,2.5241321,3.0435060125,2.6163869999999996,2.3490893999999996,2.1102611250000005,12.969932809879875
170,pointcloud_1727346195_141590898.csv,56,-33.429141,2.14353865,3.0624343499999997,0.13867799999999875,2.0067833000000004,2.0957725,0.5832465591266316
170,pointcloud_1727346195_141590898.csv,53,-16.1825275,2.172639,2.5249474000000003,6.391933,2.0577266,1.0675636000000002,14.041504493580838
171,pointcloud_1727346195_189334898.csv,56,-33.3341145,2.25276495,3.0555443999999996,0.20716099999999926,2.1824413,2.0990391999999995,0.9490107227668854
171,pointcloud_1727346195_189334898.csv,55,-31.2621335,2.526805025,3.047787858333333,2.405093000000001,2.3335430500000003,2.068043783333333,11.606664226287549
171,pointcloud_1727346195_189334898.csv,65,-41.92141,2.05398595,4.02668535,9.918273999999997,1.7850501,0.17127530000000002,3.0323634160187534
171,pointcloud_1727346195_189334898.csv,53,-16.03868,2.19436635,2.5307746,6.312608000000001,2.0637046999999997,1.0675774,13.90771383535152
172,pointcloud_1727346195_240381380.csv,55,-31.046128500000002,2.51592195,3.0575004,2.273771,2.3655761,2.0714464,11.1418510173423
172,pointcloud_1727346195_240381380.csv,53,-15.732253499999999,2.22004615,2.5298876999999997,6.594880999999999,2.1014325000000005,1.0524939999999998,14.586195721368103
172,pointcloud_1727346195_240381380.csv,65,-41.778845000000004,2.114143,4.03057565,9.994639999999997,1.8815629999999999,0.16452670000000014,3.094014231318398
172,pointcloud_1727346195_240381380.csv,56,-33.16006266666666,2.185116316666667,3.06184565,0.13537133333333173,1.9880728333333333,2.1010807,0.5654597941509049
173,pointcloud_1727346195_291338335.csv,65,-41.565871,2.2299675,4.0320809,10.241022000000001,2.1008494000000004,0.16474019999999978,3.5443598557630405
173,pointcloud_1727346195_291338335.csv,55,-31.0450245,2.5322719,3.06048945,2.4690550000000044,2.3353007999999997,2.0349107,11.733266845013835
173,pointcloud_1727346195_291338335.csv,56,-34.288557,2.2664831000000003,3.0718286,2.6597399999999993,2.1768638,2.0714287999999996,11.993348464757245
173,pointcloud_1727346195_291338335.csv,53,-15.491571,2.18811,2.5444663,6.7423439999999975,2.0278666000000003,1.0326438000000002,14.118898981088424
174,pointcloud_1727346195_340632640.csv,56,-32.889684,2.1686125,3.0685736500000003,0.13781200000000382,1.9478102000000002,2.0892947000000004,0.5608327594791518
174,pointcloud_1727346195_340632640.csv,65,-41.5450155,2.11101255,4.03368665,10.082379000000003,1.8510229,0.16246229999999962,3.0319875081818837
174,pointcloud_1727346195_340632640.csv,55,-30.783438750000002,2.4783705583333333,3.0564577,2.2478504999999984,2.427869816666667,2.0666765999999996,11.278863532464667
174,pointcloud_1727346195_340632640.csv,53,-15.418256000000001,2.22126005,2.54168365,6.567018000000001,2.0699587,1.0250959000000002,13.934596055644962
175,pointcloud_1727346195_389968315.csv,55,-30.611339333333333,2.49054995,3.0595691416666666,2.2064746666666686,2.4051187,2.0496162833333327,10.876972317392132
175,pointcloud_1727346195_389968315.csv,53,-15.2635395,2.20095595,2.5482612,6.559880999999999,2.0056721,1.0141268,13.34283618906855
175,pointcloud_1727346195_389968315.csv,65,-41.1966285,2.1002506,4.0375769,10.470131000000002,1.8121102,0.15870520000000043,3.0111187080973725
175,pointcloud_1727346195_389968315.csv,56,-32.9896385,2.2742853375000003,3.07455635,0.6193230000000014,2.158566475,2.0846166999999998,2.7868195539642993
176,pointcloud_1727346195_40262775.csv,55,-31.671319499999996,2.48262565,3.0202988,2.4985589999999966,2.4304306999999996,2.1242444000000003,12.899632373851027
176,pointcloud_1727346195_40262775.csv,65,-42.5332475,2.0555590500000003,4.0268345,10.049145000000003,1.8655427000000002,0.1634369999999996,3.0639712693215566
176,pointcloud_1727346195_40262775.csv,56,-33.8338075,2.2282628,3.0349179,0.40414900000000387,2.190181,2.1368462000000004,1.8914496305656743
176,pointcloud_1727346195_40262775.csv,53,-16.494478,2.1613016000000003,2.5048444,6.366116,2.0752764,1.0913252,14.417988634894236
176,pointcloud_1727346195_40262775.csv,83,-44.731068,3.11802055,2.6291756499999996,5.025964000000002,0.12032029999999994,1.0807647,0.6535659695577329
177,pointcloud_1727346195_439425450.csv,55,-30.490658,2.5073882,3.0599606999999995,2.2274439999999984,2.377022,2.036533,10.782797451887454
177,pointcloud_1727346195_439425450.csv,56,-33.997816,2.2856531,3.07729505,2.894999999999996,2.1577648,2.0768533,12.973539937233598
177,pointcloud_1727346195_439425450.csv,65,-41.228346,2.0957663,4.03689265,10.047978,1.7757478,0.1623139,2.896114137756134
177,pointcloud_1727346195_439425450.csv,53,-15.64443,2.2311527,2.54689265,5.509712,2.0446166000000003,1.0277911000000004,11.578322267242976
177,pointcloud_1727346195_439425450.csv,84,-12.215384499999999,2.3923403,2.8030918,1.1031969999999998,1.15742,0.12330200000000024,0.15743967183008573
178,pointcloud_1727346195_489550606.csv,55,-30.36950016666667,2.5023524000000004,3.0708776166666665,2.2091303333333308,2.3671802000000004,2.0489798333333336,10.714954778442191
178,pointcloud_1727346195_489550606.csv,65,-40.782953000000006,2.1105082,4.0380633,10.695979999999999,1.8013858,0.16199260000000004,3.1212064310915895
178,pointcloud_1727346195_489550606.csv,56,-32.4947605,2.2970516,3.0722821,0.1708110000000005,2.1484068,2.0642638000000004,0.7575260118055203
178,pointcloud_1727346195_489550606.csv,53,-15.531101,2.24398125,2.5471605999999998,5.4007799999999975,2.0537358999999995,1.0211495999999998,11.326362394911822
178,pointcloud_1727346195_489550606.csv,84,-12.165329,2.41286805,2.7928419499999997,1.112342,1.2614354999999997,0.16085530000000015,0.22570374212720076
179,pointcloud_1727346195_540252841.csv,55,-30.2185565,2.5030169333333334,3.0655309500000003,2.199208999999996,2.369876866666667,2.045307500000001,10.659845167432412
179,pointcloud_1727346195_540252841.csv,65,-40.751764,2.12952505,4.03724915,10.429958,1.8176090999999999,0.16437430000000042,3.1161400226949567
179,pointcloud_1727346195_540252841.csv,53,-15.3120625,2.2416093999999998,2.54989335,5.527945000000001,2.0124332,1.0124559,11.263187200602156
179,pointcloud_1727346195_540252841.csv,56,-32.361181,2.22054435,3.0706421875000007,0.15430800000000033,1.9685582999999998,2.068817575000001,0.6284329104082317
179,pointcloud_1727346195_540252841.csv,84,-11.93577775,2.40632855,2.7808094,1.0575255000000006,1.2613829,0.15805919999999984,0.21084221347745924
180,pointcloud_1727346195_591844737.csv,55,-30.100244,2.49515125,3.0636930249999996,2.2168220000000005,2.4070177,2.0660466499999997,11.024279870879047
180,pointcloud_1727346195_591844737.csv,56,-32.20329325,2.24792005,3.06964825,0.1153915000000012,2.0354691000000003,2.0777159,0.48800525202815515
180,pointcloud_1727346195_591844737.csv,53,-14.513852,2.23873005,2.54816,6.8185780000000005,2.0078078999999995,1.030116,14.102694704215104
180,pointcloud_1727346195_591844737.csv,65,-40.391897,2.1202897,4.0390330500000005,10.827106,1.7864826,0.1617339000000002,3.128327686984987
181,pointcloud_1727346195_640839040.csv,56,-32.063971333333335,2.236645125,3.0635786666666665,0.11018266666667387,2.0067194500000003,2.079645333333333,0.45982143770430306
181,pointcloud_1727346195_640839040.csv,55,-29.958441166666667,2.49991035,3.058198375,2.252240333333333,2.3890805000000004,2.0701779499999997,11.139179276094948
181,pointcloud_1727346195_640839040.csv,53,-15.353350500000001,2.232641825,2.5405952999999997,4.805845,2.00058385,1.0384525999999998,9.984198257363165
181,pointcloud_1727346195_640839040.csv,65,-40.138688,2.1668664499999997,4.03741765,11.007784000000001,1.8722241,0.16262869999999952,3.3516211382680514
181,pointcloud_1727346195_640839040.csv,84,-11.891449999999999,2.40185505,2.7946196,1.50849,1.3293838999999998,0.16102119999999998,0.3229058470902403
182,pointcloud_1727346195_692221691.csv,55,-29.821918500000002,2.5156231,3.0448022200000002,2.2006869999999985,2.3671426,2.0611934400000003,10.737457325416674
182,pointcloud_1727346195_692221691.csv,65,-40.053255,2.1415658,4.03669,11.022930000000002,1.830821,0.16142400000000023,3.25769963678196
182,pointcloud_1727346195_692221691.csv,56,-32.662655875,2.3222279666666665,3.063468233333333,1.5855357500000018,2.1626005333333334,2.097390466666666,7.191701185142395
182,pointcloud_1727346195_692221691.csv,53,-15.4022875,2.22614135,2.5408014999999997,4.405572999999999,1.9951598999999998,1.0455256,9.189984533249483
182,pointcloud_1727346195_692221691.csv,84,-11.7943485,2.19899295,2.7747591,1.8212909999999987,1.7546573,0.15410279999999998,0.4924727207116353
182,pointcloud_1727346195_692221691.csv,85,-44.263861,3.13597525,2.57412385,2.6210980000000035,0.06557049999999975,0.9268637000000002,0.1592970114090591
183,pointcloud_1727346195_741037403.csv,55,-29.7415965,2.5019929750000003,3.0580468,2.3088989999999967,2.3705739500000003,2.0827876000000005,11.399962604915599
183,pointcloud_1727346195_741037403.csv,65,-39.8590545,2.2230116,4.0324085,11.081185000000005,1.9910614000000002,0.1655622000000001,3.6528517521066877
183,pointcloud_1727346195_741037403.csv,53,-15.339410999999998,2.2301830000000002,2.5416836500000004,4.293097999999999,2.00958,1.0671597,9.20673236234573
183,pointcloud_1727346195_741037403.csv,56,-31.8433075,2.2291716,3.05895985,0.21771299999999982,2.0084196,2.0855043,0.9119056422835871
183,pointcloud_1727346195_741037403.csv,84,-11.9660555,2.38062955,2.7682037,1.793787,1.3309517000000002,0.17884920000000015,0.4269924238850857
184,pointcloud_1727346195_791914015.csv,56,-31.692592833333332,2.25067935,3.0528639999999996,0.19055166666666423,2.0019529,2.10153,0.801682126991015
184,pointcloud_1727346195_791914015.csv,55,-29.582556642857142,2.48973705,3.04740045,2.3010992857142867,2.4083113000000003,2.0827111,11.541892172178741
184,pointcloud_1727346195_791914015.csv,65,-39.861759,2.2064688,4.03079935,10.841307999999998,1.9601526,0.16406069999999984,3.4863912749469876
184,pointcloud_1727346195_791914015.csv,86,-16.3204785,1.810902,2.07388785,0.1184730000000016,1.1315906,0.13135909999999962,0.01761038624244352
184,pointcloud_1727346195_791914015.csv,53,-15.137299500000001,2.2297069,2.53138325,4.368037000000001,1.9976918000000001,1.0506290999999996,9.16778080322301
184,pointcloud_1727346195_791914015.csv,84,-11.574357,2.1590487,2.77885435,1.941058,1.7956436,0.16241269999999997,0.5660810812827985
185,pointcloud_1727346195_840761227.csv,56,-31.554630500000002,2.3257319499999998,3.05588155,0.19157300000000177,2.2177477,2.0929329,0.8892046860715667
185,pointcloud_1727346195_840761227.csv,55,-29.438638166666667,2.2456689,3.53652715,2.2268403333333353,1.8201642,1.1040830999999995,4.475086241620715
185,pointcloud_1727346195_840761227.csv,65,-39.674192,2.1871011,3.91376185,11.222476,1.9440397999999999,0.39786290000000024,8.680151016947034
185,pointcloud_1727346195_840761227.csv,53,-15.129641500000002,2.1758827,2.5241489,4.098169,1.9174646000000002,1.0546894000000002,8.287848427353953
185,pointcloud_1727346195_840761227.csv,87,-29.61748875,3.3325042,2.4419568999999997,2.545831500000002,0.7182146,0.8933847999999995,1.6335124325788501
185,pointcloud_1727346195_840761227.csv,84,-11.6269755,2.15601495,2.77059315,2.681139,1.8191184999999999,0.21309470000000008,1.0393288166368804
185,pointcloud_1727346195_840761227.csv,86,-16.18904,1.81350175,2.08295845,0.058187999999997686,1.1373923,0.1648803000000001,0.010912204164942228
186,pointcloud_1727346195_891000223.csv,65,-39.304951,2.297356925,4.0270422,11.516425999999996,2.18018365,0.17125959999999996,4.299972964834722
186,pointcloud_1727346195_891000223.csv,55,-29.294313250000002,2.4977276,3.035986258333333,2.228593499999999,2.4018148,2.083027516666666,11.149756505245307
186,pointcloud_1727346195_891000223.csv,56,-32.309232300000005,2.3214780499999996,3.0435564499999996,1.9788926000000018,2.2280233,2.0967040999999997,9.244407838962799
186,pointcloud_1727346195_891000223.csv,53,-14.99383275,2.2489052,2.5178132,4.092512499999998,2.079771,1.0372209999999997,8.828294939807115
186,pointcloud_1727346195_891000223.csv,84,-11.6959465,2.1490995,2.7419152,2.128644999999999,1.8283793999999998,0.2723416000000003,1.0599455188524955
186,pointcloud_1727346195_891000223.csv,86,-16.042799000000002,1.83735955,2.05984805,0.05858199999999769,1.0970103,0.12692789999999987,0.00815702877847572
187,pointcloud_1727346195_91983762.csv,88,-33.552089499999994,2.1560016,3.0450678,0.09978500000000423,2.0040177999999997,2.1281852000000003,0.42557514422983733
187,pointcloud_1727346195_91983762.csv,86,-16.326054499999998,2.2031066999999998,2.51941325,6.367487000000001,2.1143266,1.0863719000000003,14.625767463271155
187,pointcloud_1727346195_91983762.csv,56,-31.419506416666668,2.51115835,3.03428675,2.23806583333333,2.3670213,2.0970874999999998,11.109424833520904
187,pointcloud_1727346195_91983762.csv,89,-42.299803999999995,2.0861743,4.0277054,9.796652000000002,1.8805834000000001,0.16561460000000006,3.051187520542691
188,pointcloud_1727346195_940166117.csv,65,-39.335386,2.1747862,4.0297021,11.067402000000001,1.983629,0.17424380000000017,3.8252820962124776
188,pointcloud_1727346195_940166117.csv,55,-29.17769308333333,2.5320357,3.05998085,2.294180833333339,2.3354308,2.0902243,11.19921398707682
188,pointcloud_1727346195_940166117.csv,56,-31.24487925,2.2347484,3.0520372,0.1293434999999974,2.0768032,2.1254396,0.5709376995250582
188,pointcloud_1727346195_940166117.csv,53,-14.782860500000002,2.2121423499999997,2.50690865,4.188139000000001,2.0445387,1.0458007000000002,8.954995062252642
188,pointcloud_1727346195_940166117.csv,86,-15.931995,1.7810622500000002,2.0713205500000003,0.2359700000000018,1.1418069,0.14952370000000004,0.04028649558438219
188,pointcloud_1727346195_940166117.csv,84,-11.3129385,2.29282955,2.78281375,2.3597870000000007,1.5291281,0.14658309999999997,0.528932893036637
189,pointcloud_1727346195_989896193.csv,55,-29.03265325,2.502886525,3.03724853,2.224487500000002,2.39342735,2.10458166,11.20510680821511
189,pointcloud_1727346195_989896193.csv,65,-39.081582999999995,2.1412993,4.0349119,11.275179999999999,1.9452454000000001,0.1676192000000003,3.6763905775361936
189,pointcloud_1727346195_989896193.csv,56,-31.1459595,2.3108629499999997,3.0350285,0.2193109999999976,2.2848591,2.144641,1.0746683115922677
189,pointcloud_1727346195_989896193.csv,53,-14.945615499999999,2.202785,2.5114293,3.604854999999999,2.0721420000000004,1.0963984,8.189845465498804
189,pointcloud_1727346195_989896193.csv,87,-30.104699500000002,1.54261075,2.644495375,0.32934700000000205,0.7174809,1.36396095,0.3223042206881132
189,pointcloud_1727346195_989896193.csv,84,-11.29514875,2.1269325,2.770848,2.798721500000001,1.833925,0.17639400000000016,0.9053678397909949
189,pointcloud_1727346195_989896193.csv,86,-15.7770145,1.84122765,2.04818175,0.15344100000000083,1.1861902999999998,0.16647849999999997,0.030300789379557925
190,pointcloud_1727346196_141229015.csv,55,-28.645054000000002,2.4454655499999998,3.008472433333333,2.402192000000003,2.5070133,2.1659708666666666,13.04418546650224
190,pointcloud_1727346196_141229015.csv,65,-38.716745,2.197829366666667,4.0412526,11.215489999999996,2.0150119333333336,0.1779717999999999,4.022046319933649
190,pointcloud_1727346196_141229015.csv,53,-14.503595500000001,2.22718905,2.48689725,3.6907770000000006,2.0711913,1.1171279,8.539666629155692
190,pointcloud_1727346196_141229015.csv,56,-30.679735,2.2393517750000003,3.0266361500000003,0.13100999999999985,2.09784275,2.2009087000000003,0.6048941787252036
190,pointcloud_1727346196_141229015.csv,86,-15.335147,1.81348765,2.0294051,0.100696000000001,1.1960446999999998,0.15030379999999988,0.018102126302098547
190,pointcloud_1727346196_141229015.csv,84,-11.0006685,2.16934535,2.7619438499999998,3.168489000000001,1.7802414999999998,0.19326969999999966,1.090171682960086
191,pointcloud_1727346196_207177722.csv,65,-38.6248225,2.20690525,4.0402646,11.028125000000003,2.0252797,0.18060399999999976,4.03379714724695
191,pointcloud_1727346196_207177722.csv,56,-30.57927533333333,2.254811025,3.019924,0.20702066666666497,2.0802125499999997,2.2063499999999996,0.950157983980173
191,pointcloud_1727346196_207177722.csv,55,-28.516787,2.4633169,3.001416525,2.4059979999999968,2.4588098,2.1755492499999995,12.870313231452403
191,pointcloud_1727346196_207177722.csv,86,-15.1605235,1.8132535,2.03371235,0.14799899999999866,1.2049902000000001,0.22391130000000015,0.039931746670127985
191,pointcloud_1727346196_207177722.csv,53,-12.780117,2.2157073,2.49085735,6.858246000000001,2.0383877999999997,1.1537567,16.129247505253204
192,pointcloud_1727346196_239970399.csv,55,-28.40192,2.447712025,3.01566505,2.4625500000000002,2.49010905,2.2037659000000005,13.513532257111398
192,pointcloud_1727346196_239970399.csv,53,-12.757613500000001,2.218966,2.4945402,6.613611000000001,2.0375414000000003,1.1532660000000001,15.540843151696155
192,pointcloud_1727346196_239970399.csv,65,-38.437027,2.209975,4.0365635,11.326920000000001,2.0239462,0.18907300000000005,4.334513025330552
192,pointcloud_1727346196_239970399.csv,56,-30.448329,2.2537514,3.0244222499999998,0.21256800000000098,2.0274159999999997,2.2070515,0.9511592224174811
193,pointcloud_1727346196_291381021.csv,55,-28.245432,2.4550406000000002,3.0039349,2.426231999999999,2.4889562,2.1880188,13.212975500897379
193,pointcloud_1727346196_291381021.csv,65,-38.3168795,2.2027216,4.030951249999999,11.382873000000004,2.0019288,0.20115809999999978,4.583930693947147
193,pointcloud_1727346196_291381021.csv,53,-12.702993500000002,2.2382794,2.48463485,6.424203,2.0664112,1.1466913000000003,15.222378643322978
193,pointcloud_1727346196_291381021.csv,56,-30.275220666666666,2.2937790166666665,3.0255799,0.11652066666666627,1.9051931666666666,2.2020159,0.4888351498657358
193,pointcloud_1727346196_291381021.csv,86,-14.942718,1.8173746,2.04079505,0.10698600000000091,1.1598904,0.20754669999999975,0.025754892222391607
194,pointcloud_1727346196_339718165.csv,53,-13.767378,2.2493062000000004,2.4987781,4.020684000000001,2.0858392,1.1656145999999998,9.775427190268072
194,pointcloud_1727346196_339718165.csv,55,-28.0837905,2.4563033499999998,2.9982601,2.418130999999999,2.4738407,2.1583797999999996,12.911580961931401
194,pointcloud_1727346196_339718165.csv,65,-36.9350565,2.3348044,3.4699183,13.652926999999998,2.2611048,1.3242405999999995,40.88023266656941
194,pointcloud_1727346196_339718165.csv,56,-30.105299000000002,1.7308874,2.6967468500000003,0.010318000000001604,0.23362440000000007,1.1855021000000003,0.00285769615305882
194,pointcloud_1727346196_339718165.csv,84,-10.2233565,2.1275418,2.7800001500000002,2.560955,1.8316398000000003,0.1680297000000004,0.788184828662503
195,pointcloud_1727346196_393033300.csv,65,-36.830511,2.33367765,3.678611775,13.646794,2.2954305,0.9056978500000001,28.371227130907336
195,pointcloud_1727346196_393033300.csv,55,-27.948882,2.45884025,2.99691005,2.418230000000001,2.4820287,2.1619339,12.97617862115557
195,pointcloud_1727346196_393033300.csv,53,-12.2784515,2.22806235,2.47986315,6.765873000000001,2.0794425,1.1299171,15.897079228040349
196,pointcloud_1727346196_39417617.csv,55,-28.949613,2.4364844666666667,3.027959225,2.3847929999999984,2.5205477333333333,2.1376535499999996,12.849402549132417
196,pointcloud_1727346196_39417617.csv,56,-30.961737499999998,2.18499315,3.0367219,0.1312570000000015,1.9936965000000002,2.1579194000000004,0.5646986372563927
196,pointcloud_1727346196_39417617.csv,90,-38.9751765,2.1496612,4.0384946,11.268087000000001,1.9593646,0.1715078000000001,3.7865990790127815
196,pointcloud_1727346196_39417617.csv,86,-14.5775805,2.20533205,2.5102784,4.053258999999999,2.0430775,1.1059412,9.158434294628025
196,pointcloud_1727346196_39417617.csv,91,-15.646401000000001,1.4859048000000001,2.0528052,0.04899799999999921,0.6225563999999999,0.18574479999999993,0.005665962813101172
196,pointcloud_1727346196_39417617.csv,84,-11.137392,2.1270533,2.76198865,2.21725,1.8600594,0.15999030000000003,0.6598346678419649
197,pointcloud_1727346196_440095349.csv,65,-36.697931,2.326778,3.9812865,13.653172000000005,2.3012037999999997,0.30361499999999975,9.539198100143834
197,pointcloud_1727346196_440095349.csv,55,-27.82593475,2.442687975,2.9972902,2.407569500000001,2.51405405,2.1647836,13.102915262632646
197,pointcloud_1727346196_440095349.csv,53,-12.306193,2.1982179,2.49151495,6.4714480000000005,2.0362722,1.1544299000000002,15.212649686181203
197,pointcloud_1727346196_440095349.csv,92,-54.9231055,1.8606139499999998,2.9160778499999997,0.15157700000000318,1.3678071,0.8005784999999999,0.16598241674136036
198,pointcloud_1727346196_492119042.csv,65,-37.721025499999996,2.198996825,4.03768965,11.305645000000005,2.0332018499999998,0.19029530000000028,4.374253042798911
198,pointcloud_1727346196_492119042.csv,55,-27.693192500000002,2.4390429,3.0077819625,2.443940999999999,2.5049877999999994,2.143720525000001,13.123947924047403
198,pointcloud_1727346196_492119042.csv,53,-12.162127,2.1975847,2.50015405,6.497446,2.0339886,1.1208810999999999,14.813263204955613
198,pointcloud_1727346196_492119042.csv,56,-29.7494415,2.824317316666667,4.1198107833333335,0.04322299999999757,0.5694087666666667,0.023760433333332998,0.0005847812146971863
198,pointcloud_1727346196_492119042.csv,92,-54.8440285,1.8740051,2.7549386,0.29450300000000595,1.3590632,1.5252982,0.610497843134288
199,pointcloud_1727346196_540800401.csv,55,-27.52856825,2.44011535,3.025011525,2.403010500000004,2.5168903,2.1317433500000003,12.893026412093626
199,pointcloud_1727346196_540800401.csv,53,-12.073858000000001,2.18592585,2.5025779999999997,6.484450000000001,2.0126517,1.0892567999999998,14.21582439641115
199,pointcloud_1727346196_540800401.csv,65,-37.594012500000005,2.1821023,4.041157,11.298571000000003,2.0083444000000004,0.18418460000000003,4.179410446900358
199,pointcloud_1727346196_540800401.csv,92,-54.7843275,1.9227065,2.77085425,0.3273450000000011,1.423931,1.5564199,0.7254732970108951
200,pointcloud_1727346196_590310462.csv,55,-27.3788695,2.4426794000000003,3.0331694,2.3737209999999997,2.5137296,2.0910132,12.476851481992949
200,pointcloud_1727346196_590310462.csv,65,-37.3422335,2.1869779333333335,4.03934265,11.430737000000004,2.012400866666667,0.18858189999999952,4.337991885196414
200,pointcloud_1727346196_590310462.csv,53,-11.702941,2.2025647,2.5223036,6.859564000000001,2.0203386,1.0607624000000002,14.700726272678818
200,pointcloud_1727346196_590310462.csv,56,-29.461994666666666,2.7922244666666662,4.113066833333333,0.020855333333329895,0.6042797333333332,0.030743666666666947,0.000387445683856193
200,pointcloud_1727346196_590310462.csv,92,-54.749069,1.99729585,2.8130917,0.4771420000000006,1.6191005,1.5667486,1.2103772963882746
201,pointcloud_1727346196_638733613.csv,55,-27.262068499999998,2.1980572,3.03808124,2.3532169999999972,1.973838,2.05527248,9.546471710160928
201,pointcloud_1727346196_638733613.csv,65,-37.3010165,2.2222518,3.13900325,11.275636999999996,2.0422424,1.9882021,45.7834908039167
201,pointcloud_1727346196_638733613.csv,93,-14.069087,2.1537226499999997,2.48222635,1.864533999999999,1.9017130999999998,0.9418201000000002,3.3395139356789634
201,pointcloud_1727346196_638733613.csv,53,-10.762519000000001,2.1486672,2.8595708,5.206190000000001,1.8889758,0.42935040000000013,4.222389370935499
201,pointcloud_1727346196_638733613.csv,92,-54.6878435,2.0841662,2.83942765,0.5895989999999998,1.7467915999999999,1.6470952999999997,1.696354288293282
201,pointcloud_1727346196_638733613.csv,94,-26.838423,3.3411245000000003,2.42936685,0.554903999999997,0.6900749999999998,0.8439202999999997,0.32315849971058735
201,pointcloud_1727346196_638733613.csv,56,-29.5385955,3.47976145,2.8006632500000004,0.2725590000000011,0.022710099999999844,1.3759475,0.008516897826045717
202,pointcloud_1727346196_693750814.csv,65,-37.16252875,2.22235423,4.0424421,11.2964825,2.0138292599999996,0.18238499999999958,4.149110469823704
202,pointcloud_1727346196_693750814.csv,55,-27.1596805,2.46534325,3.0591073,2.482573000000002,2.4686303,2.0495520000000003,12.560792013403374
202,pointcloud_1727346196_693750814.csv,93,-13.941436,2.2082064,2.4948959,1.871772,1.9852924,0.9063730000000003,3.3680954153691656
202,pointcloud_1727346196_693750814.csv,53,-10.62281725,2.11907515,2.8529889500000003,4.7487045000000006,1.7455127,0.4002709000000002,3.317815074834064
202,pointcloud_1727346196_693750814.csv,92,-54.580194000000006,1.97620095,2.8520405,0.7327519999999978,1.4889615,1.631663,1.7802088115050856
202,pointcloud_1727346196_693750814.csv,56,-29.215273000000003,2.891949191666667,4.115282875,0.0987589999999976,0.8245763833333335,0.028145050000000005,0.002291973544043198
203,pointcloud_1727346196_740197328.csv,55,-27.009591,2.4762587,3.068528275,2.4293580000000006,2.4466686,2.00184375,11.898626817338503
203,pointcloud_1727346196_740197328.csv,65,-37.0335235,2.199273183333333,4.042540300000001,11.308793000000001,1.925435166666667,0.18208460000000048,3.9647733975435693
203,pointcloud_1727346196_740197328.csv,93,-14.125483,2.2288568,2.49647855,1.1528480000000005,1.985495,0.8606501,1.970005650151839
203,pointcloud_1727346196_740197328.csv,53,-10.740718999999999,2.1272275499999997,2.86019995,4.944100000000001,1.7826328999999999,0.4352589,3.8361609837037283
203,pointcloud_1727346196_740197328.csv,92,-54.585823000000005,2.0179627,2.91374565,0.8096619999999959,1.525302,1.6326967,2.01634624876858
204,pointcloud_1727346196_790105229.csv,65,-36.89027,2.2364867375,4.0467192999999995,11.285743999999998,1.9824730750000001,0.1756681999999996,3.9303447273740804
204,pointcloud_1727346196_790105229.csv,55,-26.778456499999997,2.476371975,3.0815958500000002,2.3053109999999997,2.44524865,1.9920396999999999,11.229244543502496
204,pointcloud_1727346196_790105229.csv,92,-54.50556,2.1230848,2.9350810000000003,0.9225199999999987,1.7288442000000002,1.5984859999999999,2.5494146936804007
204,pointcloud_1727346196_790105229.csv,93,-14.073423,2.21605155,2.50199675,1.1288780000000003,1.9415349,0.8320584999999996,1.8236692387167481
204,pointcloud_1727346196_790105229.csv,53,-10.419547000000001,2.1443224,2.8386378,4.475038,1.7368388000000001,0.4436140000000002,3.4479541616871034
205,pointcloud_1727346196_840471730.csv,65,-36.664356,2.2532013500000003,4.04630515,11.440027999999998,1.9787553,0.1792277000000002,4.057180319201226
205,pointcloud_1727346196_840471730.csv,55,-26.72669225,2.48443925,3.0848770125,2.452499500000002,2.4253389,1.9680614249999997,11.70630968574388
205,pointcloud_1727346196_840471730.csv,93,-13.822613,2.2091987,2.5055036,1.4107520000000005,1.8867105999999998,0.8069592000000001,2.1478677705888622
205,pointcloud_1727346196_840471730.csv,92,-54.441265,2.0788128500000003,2.9624755,0.9739220000000017,1.6039223000000002,1.7119869999999997,2.6742866995763666
205,pointcloud_1727346196_840471730.csv,53,-10.398776000000002,2.1706582,2.85049295,4.72883,1.7046276000000002,0.4130048999999998,3.3291887756026584
206,pointcloud_1727346196_889494105.csv,65,-36.2995315,2.26013995,4.0509243,11.904171000000002,1.9641823,0.17068860000000008,3.9910343546590172
206,pointcloud_1727346196_889494105.csv,55,-26.59775975,2.48397475,3.1045966500000004,2.4503464999999984,2.4122105,1.9476757,11.512227174238113
206,pointcloud_1727346196_889494105.csv,92,-54.396049500000004,2.0603329,2.97296715,1.1053850000000054,1.5248998000000002,1.4881057000000002,2.508352999813762
206,pointcloud_1727346196_889494105.csv,93,-13.741706,2.2284343,2.52564455,1.2280859999999993,1.8776302000000002,0.7913785,1.8248328470620248
206,pointcloud_1727346196_889494105.csv,53,-10.2985802,2.193178,2.8518125999999997,5.016395599999999,1.6784340000000002,0.40581179999999994,3.4168091211340075
207,pointcloud_1727346196_941073573.csv,65,-36.1809435,2.27889615,3.1553793,11.965658999999999,1.9761239000000002,1.9618034000000004,46.38806698877075
207,pointcloud_1727346196_941073573.csv,93,-13.7079645,2.22315665,2.54066515,1.1265610000000006,1.8584757000000003,0.7592507,1.5896327456295223
207,pointcloud_1727346196_941073573.csv,55,-26.4486855,2.4905481,3.1109929333333337,2.465791000000003,2.4092064,1.9129544666666671,11.364096268360655
207,pointcloud_1727346196_941073573.csv,53,-10.222801500000001,2.2013925,2.8389250500000003,4.993561000000001,1.6388686000000001,0.4407638999999999,3.607119340466556
207,pointcloud_1727346196_941073573.csv,92,-54.359941500000005,2.1688968,2.97022295,1.2362170000000035,1.7048920000000003,1.6390075,3.454399207294958
208,pointcloud_1727346196_96805998.csv,95,-38.817516499999996,2.15940355,4.0376555,11.239478999999996,1.9829968999999998,0.17696099999999992,3.9440805803582992
208,pointcloud_1727346196_96805998.csv,96,-28.783696499999998,2.439655375,3.0206477625000003,2.3771609999999974,2.5144511499999997,2.140515725,12.79440876973948
208,pointcloud_1727346196_96805998.csv,97,-30.824333666666668,2.2352581,3.02032995,0.13476333333333557,2.099475,2.1606655,0.611321949791886
208,pointcloud_1727346196_96805998.csv,53,-11.072561,2.1169598,2.70716265,3.024704,1.8778014,0.31058470000000016,1.7640569309978997
208,pointcloud_1727346196_96805998.csv,93,-14.549043000000001,2.20773335,2.49401045,3.825964000000001,2.0513973,1.0967359,8.607810916865262
208,pointcloud_1727346196_96805998.csv,98,-15.502669000000001,1.80237855,2.0359669,0.08122000000000007,1.2654073000000001,0.18517019999999995,0.019031123007640215
209,pointcloud_1727346196_992781713.csv,65,-35.963027,2.260256625,4.05237175,12.09958,1.91903365,0.16813049999999974,3.903906341608448
209,pointcloud_1727346196_992781713.csv,55,-26.314809,2.49904015,3.119152875,2.427045999999997,2.3904033,1.9068047500000005,11.062554223847588
209,pointcloud_1727346196_992781713.csv,93,-13.457671000000001,2.2271040500000003,2.5597803499999996,1.3528800000000007,1.8469899,0.7757687,1.9384564578352486
209,pointcloud_1727346196_992781713.csv,53,-10.095272999999999,2.1876063500000003,2.8405795,4.740437999999999,1.6387983,0.4465893999999997,3.4693841197533004
209,pointcloud_1727346196_992781713.csv,92,-54.2425115,2.1588852,2.9581075,1.2561570000000017,1.6462164,1.563733,3.2336532508722735
210,pointcloud_1727346197_165224417.csv,65,-35.90447125,2.2904302,4.0506180999999994,11.279909500000002,1.9089243999999999,0.17177379999999953,3.698718399336684
210,pointcloud_1727346197_165224417.csv,55,-25.938216249999996,2.4186753,3.1474339749999998,2.5184324999999994,2.1523268,1.8519405499999992,10.03842479433187
210,pointcloud_1727346197_165224417.csv,93,-13.301391500000001,2.25516915,2.5638522999999998,1.080188999999999,1.7752013,0.6862850000000003,1.3159878036747075
210,pointcloud_1727346197_165224417.csv,92,-54.1076965,2.05271115,3.0867002,1.6274270000000044,1.4136740999999997,1.3574595999999999,3.123041328559966
210,pointcloud_1727346197_165224417.csv,53,-10.00880125,2.2085715,2.8469474999999997,5.217023499999999,1.6471250000000002,0.3946289999999997,3.3910824474849752
211,pointcloud_1727346197_207495647.csv,55,-25.781790833333332,2.51967035,3.1441149499999996,2.410092333333335,2.3431403,1.8268050999999996,10.316305395833853
211,pointcloud_1727346197_207495647.csv,65,-35.520900999999995,2.2966745,4.0512209,11.931638,1.902687,0.1701022000000001,3.8616894889526776
211,pointcloud_1727346197_207495647.csv,93,-13.2832545,2.2630090000000003,2.5627198499999997,1.0555069999999986,1.8107060000000001,0.6437997000000002,1.2304382645792011
211,pointcloud_1727346197_207495647.csv,53,-9.7872315,2.1920788499999997,2.8614495,5.2482109999999995,1.6529303,0.41633180000000003,3.61164796557327
211,pointcloud_1727346197_207495647.csv,92,-54.061713999999995,2.17123055,3.04406285,1.8121640000000028,1.6107859,1.5433813,4.505142700812141
212,pointcloud_1727346197_248275329.csv,65,-35.3489875,2.28318515,4.0487589999999996,11.930965,1.8658807,0.1707639999999997,3.8015067279957973
212,pointcloud_1727346197_248275329.csv,92,-54.004375499999995,2.0910434,3.0814235500000002,1.9872209999999981,1.414325,1.4884057,4.1832778459690685
212,pointcloud_1727346197_248275329.csv,55,-25.67229425,2.3812109,3.163523125,2.484429500000001,2.0569517999999998,1.81158625,9.257842930351446
212,pointcloud_1727346197_248275329.csv,53,-11.122527,2.2492635,2.6653764,5.09065,1.795113,0.8014016000000002,7.323441824818021
212,pointcloud_1727346197_248275329.csv,99,-7.60904815,2.2637153,2.7330791999999997,1.1539597000000006,1.2262191999999998,0.20866240000000014,0.2952588693491843
213,pointcloud_1727346197_291995649.csv,65,-35.2559815,2.2896976,4.0495579,11.920950999999999,1.8635664,0.1688752,3.7516442596295336
213,pointcloud_1727346197_291995649.csv,55,-25.387846500000002,2.51708745,3.16393,2.274229000000002,2.3107084999999996,1.7969780000000002,9.44326365363378
213,pointcloud_1727346197_291995649.csv,92,-53.9221725,2.21067585,3.0800541,2.0870590000000036,1.6873456999999998,1.5179562,5.345619418828509
213,pointcloud_1727346197_291995649.csv,53,-10.3264525,2.253212,2.67184635,6.462563,1.7827815999999999,0.7806015,8.993574041138576
213,pointcloud_1727346197_291995649.csv,100,-39.6033625,3.2717215,2.8570726,3.0522750000000016,0.05680580000000024,1.0270837999999998,0.17808289994542953
213,pointcloud_1727346197_291995649.csv,101,-27.862345166666664,3.5020068333333336,3.8298117499999997,0.4654583333333342,0.025985133333333632,0.5540460999999999,0.00670118583579389
214,pointcloud_1727346197_342208453.csv,55,-25.412789,2.43153835,3.174024075,2.5069459999999992,2.1440769,1.80699445,9.712748778000554
214,pointcloud_1727346197_342208453.csv,65,-35.37845625,2.33236005,3.8671881999999997,11.289267500000001,1.9426203,0.5271543999999997,11.560896744068737
214,pointcloud_1727346197_342208453.csv,92,-53.82919,2.1901759,3.09524775,2.0458,1.6552269999999998,1.5032549,5.090417043629592
214,pointcloud_1727346197_342208453.csv,53,-10.2649519,2.2415974,2.6810665,6.3978122,1.7486668,0.7529209999999997,8.423410441740385
215,pointcloud_1727346197_392199520.csv,65,-35.0562255,2.2887845999999996,4.0517509,11.667928999999997,1.8456761999999995,0.1555762000000005,3.3503675161877475
215,pointcloud_1727346197_392199520.csv,55,-25.276322,2.4199653,3.1699433,2.4783800000000014,2.1080414000000003,1.7985964000000005,9.396816613875183
215,pointcloud_1727346197_392199520.csv,53,-10.1741992,2.2716167,2.67008755,6.3981116,1.7576194000000003,0.7715134999999997,8.676012686190033
215,pointcloud_1727346197_392199520.csv,92,-53.775891,2.1129956,3.0905912,2.1542419999999964,1.4594536,1.5396618000000002,4.840721706650538
216,pointcloud_1727346197_40570945.csv,65,-35.9185344,2.28177735,4.05031825,11.998171200000002,1.9285965000000003,0.17175669999999998,3.9743866568098825
216,pointcloud_1727346197_40570945.csv,55,-26.176354,2.5098245500000003,3.14095525,2.484008000000003,2.3801589,1.9011645000000001,11.240319035505856
216,pointcloud_1727346197_40570945.csv,92,-54.2148705,2.0891284,3.0231211,1.4582129999999935,1.5443231999999998,1.4808849999999998,3.3348821840008527
216,pointcloud_1727346197_40570945.csv,53,-10.02226,2.18496275,2.8554859,4.82947,1.6521996999999997,0.48143579999999986,3.841496070425629
216,pointcloud_1727346197_40570945.csv,102,-13.5010555,2.2482426,2.54179315,1.0903989999999997,1.8514528000000001,0.6802917000000002,1.3733880419932583
217,pointcloud_1727346197_443254990.csv,55,-25.1242105,2.41979195,3.1632969500000003,2.5295190000000005,2.1010285,1.7690511000000004,9.401783957331842
217,pointcloud_1727346197_443254990.csv,65,-34.796748,2.25722875,4.0529053,11.910112000000002,1.7766149,0.1489282000000003,3.151273418341275
217,pointcloud_1727346197_443254990.csv,92,-53.790673,2.20837985,3.0646407,2.375166,1.6694477,1.5038954000000002,5.96326922385808
217,pointcloud_1727346197_443254990.csv,53,-10.5659256,2.2476076999999997,2.67759825,5.4520798,1.7343845999999998,0.7644849000000002,7.228971693694161
217,pointcloud_1727346197_443254990.csv,103,-7.2065087,2.1675743,2.7332421,0.6483346000000001,1.3940513999999997,0.23596579999999978,0.2132686642423491
218,pointcloud_1727346197_490670664.csv,65,-34.6322105,2.30330525,4.0536361,11.918988999999996,1.8520935,0.1451826000000005,3.2049178077363414
218,pointcloud_1727346197_490670664.csv,53,-10.30736625,2.255733,2.69520545,5.7617395,1.7175053999999998,0.7420878999999996,7.343567321309462
218,pointcloud_1727346197_490670664.csv,55,-24.985939000000002,2.38187825,3.18584415,2.440686000000003,2.0074847,1.7967456999999998,8.80340674669828
218,pointcloud_1727346197_490670664.csv,92,-53.7267115,2.18560725,3.08581705,2.527107000000001,1.6074095,1.5248798999999997,6.194208236252165
218,pointcloud_1727346197_490670664.csv,103,-7.1502075000000005,2.2010883,2.7349685,0.9846949999999994,1.2628713999999999,0.3113570000000001,0.3871858655580535
219,pointcloud_1727346197_540795914.csv,65,-34.477474,2.29658165,4.0503776,11.918076,1.8409374999999997,0.149918,3.2892658399285266
219,pointcloud_1727346197_540795914.csv,55,-24.860791,2.42164885,3.17958625,2.4922660000000008,2.0899403000000003,1.7502065000000004,9.116278109406487
219,pointcloud_1727346197_540795914.csv,53,-10.3489277,2.2470529,2.6865311,5.5341706,1.7232538,0.7603835999999999,7.251611501392745
219,pointcloud_1727346197_540795914.csv,92,-53.5586815,2.1331899,3.0867486,2.431326999999996,1.5135550000000002,1.500578,5.522047715672958
219,pointcloud_1727346197_540795914.csv,103,-6.97271445,2.1921307,2.7523305000000002,0.8397082999999999,1.2871620000000001,0.24144220000000027,0.2609605358974332
220,pointcloud_1727346197_590910521.csv,65,-33.5666945,2.4415424999999997,3.9249636,13.513400999999998,2.1328098,0.39880680000000046,11.494215803046748
220,pointcloud_1727346197_590910521.csv,55,-24.659867,2.3758669,3.182182075,2.411494000000001,2.0005774,1.73442695,8.367535376976479
220,pointcloud_1727346197_590910521.csv,53,-10.49690815,2.2436582,2.6928043,5.0487136999999995,1.6892436000000002,0.7377262,6.291703286496131
220,pointcloud_1727346197_590910521.csv,104,-37.61302225,3.3167273,2.6639607,5.343681500000002,0.10497740000000011,0.7051730000000003,0.3955779292418828
220,pointcloud_1727346197_590910521.csv,92,-53.492121499999996,2.23065535,3.091209,2.518922999999994,1.6912539,1.5076359999999998,6.422737937746423
220,pointcloud_1727346197_590910521.csv,103,-7.0446042,2.1797918000000003,2.73906065,0.9757135999999997,1.2799476000000003,0.26395170000000023,0.32963932203219
221,pointcloud_1727346197_648559940.csv,65,-34.23762,2.3091227666666665,4.05105225,11.839349999999996,1.8434343333333334,0.14490850000000055,3.162637326399658
221,pointcloud_1727346197_648559940.csv,55,-24.580578000000003,2.4109326500000003,3.1880406500000005,2.458938,2.0492389,1.7198847000000002,8.666415420839021
221,pointcloud_1727346197_648559940.csv,53,-10.5816725,2.2661184,2.7032142,4.708027000000001,1.7221596000000001,0.7070036000000002,5.73236673254823
221,pointcloud_1727346197_648559940.csv,92,-53.3689155,2.1303250499999997,3.0781088,2.504600999999994,1.4860672999999998,1.4907856000000002,5.548712419649683
221,pointcloud_1727346197_648559940.csv,103,-6.8588515,2.2084345499999998,2.74151465,0.804487,1.2420635,0.24400710000000014,0.2438177355875445
222,pointcloud_1727346197_691708482.csv,65,-34.308506,2.284822175,4.0510955,11.414447999999997,1.8041243500000002,0.14443199999999967,2.9743002474256186
222,pointcloud_1727346197_691708482.csv,55,-24.3741645,2.5067041,3.1950719000000003,2.3538749999999986,2.246931,1.715817,9.074947032252998
222,pointcloud_1727346197_691708482.csv,92,-53.266648,2.2530986,3.0865636,2.4768840000000054,1.7235382,1.4904756,6.362846582936751
222,pointcloud_1727346197_691708482.csv,53,-10.677109,2.24658085,2.69280075,4.3420939999999995,1.6911015,0.7104001000000002,5.216412293306894
222,pointcloud_1727346197_691708482.csv,103,-7.2484303,2.29349275,2.7259076,1.848087399999999,1.1517724999999999,0.23825980000000024,0.5071541503985565
223,pointcloud_1727346197_791987588.csv,65,-33.033946,2.4482682,3.6863363,13.558282000000002,2.1019344,0.8727125999999998,24.87110418123328
223,pointcloud_1727346197_791987588.csv,92,-53.046882,2.2399192,3.10275535,2.5478359999999967,1.679812,1.5040193,6.437030373985215
223,pointcloud_1727346197_791987588.csv,55,-24.061344,2.5162447500000003,3.197774,2.288439999999998,2.2359445,1.7094239999999998,8.746823170898802
223,pointcloud_1727346197_791987588.csv,53,-10.590765999999999,2.2501638,2.71861675,4.215771999999999,1.6996927999999998,0.6624541000000002,4.746826323837809
223,pointcloud_1727346197_791987588.csv,103,-7.6789655,2.3735833,2.76287365,1.0573709999999998,0.9926744000000001,0.22908490000000015,0.24045326634049263
223,pointcloud_1727346197_791987588.csv,104,-38.932238,3.2887671000000003,2.58183075,1.5422399999999996,0.03082420000000008,0.4794888999999998,0.022794093987448333
223,pointcloud_1727346197_791987588.csv,105,-6.5918112,2.0850397,2.72057415,0.6478290000000007,1.368489,0.3051896999999997,0.27056497035561927
224,pointcloud_1727346197_841561825.csv,65,-32.923419249999995,2.444929,3.8320516500000004,13.570169499999999,2.081539,0.5821717000000004,16.444509145522453
224,pointcloud_1727346197_841561825.csv,55,-23.939338499999998,2.51464185,3.209662775,2.251816999999999,2.2205293,1.68914395,8.446100866039616
224,pointcloud_1727346197_841561825.csv,104,-37.8908445,3.3082732999999998,2.7134115999999997,3.465182999999996,0.0711432000000003,0.7329773999999998,0.18069667243462245
224,pointcloud_1727346197_841561825.csv,53,-10.2822142,2.2475773,2.7541218,4.597875599999999,1.6752060000000002,0.7876864000000001,6.067066899265109
224,pointcloud_1727346197_841561825.csv,92,-52.9439615,2.25073135,3.1414196,2.5593429999999984,1.6840145000000002,1.4324088000000001,6.173639990613396
224,pointcloud_1727346197_841561825.csv,105,-6.6690435,2.1411402,2.7011597,0.9663450000000005,1.2302108000000003,0.3061545999999997,0.3639590547163402
225,pointcloud_1727346197_890308403.csv,65,-33.5482365,2.2919164,4.0513353,11.852333000000002,1.7802029999999995,0.1425314000000002,3.007349649958038
225,pointcloud_1727346197_890308403.csv,55,-23.870721833333334,2.3920384500000003,3.2119469,2.460903666666667,1.9629543000000003,1.7060402000000003,8.241268478819348
225,pointcloud_1727346197_890308403.csv,53,-10.281872,2.2500026,2.70657325,4.424911999999999,1.641932,0.7000937,5.086463995400755
225,pointcloud_1727346197_890308403.csv,92,-52.831858499999996,2.17161225,3.11728025,2.5853030000000032,1.5245419,1.4249329,5.616234447342009
225,pointcloud_1727346197_890308403.csv,105,-6.613987,2.2437782,2.71093705,0.9175380000000004,1.0442324,0.2962619000000002,0.2838553131075965
226,pointcloud_1727346197_92151224.csv,106,-26.022735500000003,2.5138485,3.1312198799999997,2.3853609999999996,2.3645544000000003,1.8504867599999995,10.437329799198276
226,pointcloud_1727346197_92151224.csv,107,-36.0008095,2.2381729166666666,4.04871375,11.609708999999999,1.8100898333333333,0.17590249999999985,3.6965235311967786
226,pointcloud_1727346197_92151224.csv,53,-10.2301483,2.1956828,2.8569322,5.419025399999999,1.6896992,0.3961716000000002,3.627554321057984
226,pointcloud_1727346197_92151224.csv,92,-54.1404135,2.1748402,3.0035145,1.5093729999999965,1.6732984,1.5592666,3.9381327263212254
226,pointcloud_1727346197_92151224.csv,108,-13.5721095,2.24700805,2.56906725,0.7279970000000002,1.8159679,0.7045331000000004,0.9314062734672113
227,pointcloud_1727346197_944184885.csv,65,-33.716395,2.2901100000000003,4.0512267,11.323070000000001,1.7818434,0.1406145999999997,2.837031387829847
227,pointcloud_1727346197_944184885.csv,55,-23.752201,2.381258,3.208552525,2.441842000000001,1.9533954000000002,1.7022736500000004,8.119646025880105
227,pointcloud_1727346197_944184885.csv,53,-10.255171749999999,2.23459195,2.7127838,4.4082965000000005,1.6641021,0.6934183999999997,5.086817157835094
227,pointcloud_1727346197_944184885.csv,92,-52.664903499999994,2.2081363,3.1264639,2.4871929999999978,1.5962110000000003,1.4407568,5.719926709237223
227,pointcloud_1727346197_944184885.csv,105,-6.48704615,2.3199875,2.7200766,0.7732182999999999,0.9411019999999999,0.23933219999999977,0.17415660636267902
228,pointcloud_1727346197_991730594.csv,65,-32.495983,2.44033305,3.9558828,13.543548000000005,2.0953194999999996,0.32820439999999973,9.313804228845903
228,pointcloud_1727346197_991730594.csv,55,-23.5401575,2.5058085,3.2077089500000002,2.262245,2.2207033999999997,1.6890109000000004,8.485211009680915
228,pointcloud_1727346197_991730594.csv,92,-52.56034,2.27269515,3.10640215,2.5150599999999983,1.7406361,1.4845043000000002,6.49886920349736
228,pointcloud_1727346197_991730594.csv,53,-10.213259749999999,2.2514012,2.7293908499999997,4.264459499999999,1.6141086,0.6751647000000003,4.647361688112717
228,pointcloud_1727346197_991730594.csv,104,-37.681095,3.3210322999999997,2.6045458,3.028909999999996,0.05528019999999989,0.48067040000000016,0.08048285121774994
228,pointcloud_1727346197_991730594.csv,105,-6.267640999999999,2.2540241500000002,2.73343615,1.1248399999999998,1.0962375000000002,0.2306357000000001,0.28439498803558527
228,pointcloud_1727346197_991730594.csv,109,-54.9126055,2.07699925,3.6944260499999997,0.1043549999999982,1.3409015000000002,0.7927502999999998,0.11092937192869524
229,pointcloud_1727346198_142120610.csv,65,-33.15787,2.3365339,4.04583065,11.327940000000002,1.8187854,0.1398467000000001,2.881274409784814
229,pointcloud_1727346198_142120610.csv,55,-23.2163765,2.383486325,3.2154388,2.436520999999999,1.9090476500000002,1.6901643999999996,7.8616893206542535
229,pointcloud_1727346198_142120610.csv,92,-52.256821,2.2535522,3.11062075,2.6465219999999974,1.6452732,1.4764219,6.428712597240732
229,pointcloud_1727346198_142120610.csv,53,-10.088631,2.2469083000000003,2.7227528000000003,4.111988,1.6379822000000002,0.6488261999999998,4.3700800786326495
229,pointcloud_1727346198_142120610.csv,109,-54.724945,2.1272009,3.5474617,0.39562999999999704,1.3156581999999999,1.0980353999999997,0.5715426375156832
229,pointcloud_1727346198_142120610.csv,105,-6.2399902,2.23445975,2.72171355,1.1045835999999998,1.1533605,0.2474881,0.3152956551651715
230,pointcloud_1727346198_190680923.csv,55,-23.1063465,2.45739865,3.2222433500000003,2.4508210000000012,2.0472041,1.6834393000000003,8.446371849090001
230,pointcloud_1727346198_190680923.csv,65,-32.649747500000004,2.36749675,4.046392,12.097545000000004,1.8616891000000002,0.13706799999999975,3.0870273568676487
230,pointcloud_1727346198_190680923.csv,53,-10.02885735,2.24115285,2.7107172,4.1395553,1.6011463000000001,0.669403,4.436825610910674
230,pointcloud_1727346198_190680923.csv,92,-51.998906500000004,2.1432614,3.13892245,2.3443729999999974,1.4153862,1.4481215,4.80514690227537
230,pointcloud_1727346198_190680923.csv,109,-54.518275,2.11469175,3.6636474000000003,0.23124999999999574,1.2518683,0.8584999999999998,0.24853106634593286
230,pointcloud_1727346198_190680923.csv,106,-25.7923085,3.4336225,2.5619249,1.234147,0.04336099999999998,0.3679121999999997,0.019688397572795696
230,pointcloud_1727346198_190680923.csv,105,-6.1305780500000004,2.2221017,2.7080555,1.0341052999999993,1.1478262000000001,0.26352699999999984,0.31279947511808553
231,pointcloud_1727346198_250053124.csv,65,-32.905885,2.33482325,4.04777715,11.274625999999998,1.7916138999999998,0.1338710999999999,2.7041663210814524
231,pointcloud_1727346198_250053124.csv,104,-36.7972665,3.3379575,2.7160352999999997,3.468486999999996,0.05327539999999997,0.6824053999999999,0.12609830389420584
231,pointcloud_1727346198_250053124.csv,92,-51.98074,2.2974174,3.13113995,2.5274399999999986,1.7099814000000002,1.4799533,6.396173745050983
231,pointcloud_1727346198_250053124.csv,55,-22.919911,2.5128323,3.2138183500000004,2.3362599999999993,2.1330374,1.6716827000000003,8.33054647604425
231,pointcloud_1727346198_250053124.csv,109,-54.61338,2.1316927,3.3978845,0.7399400000000043,1.3643265999999998,1.406425,1.419813919037404
231,pointcloud_1727346198_250053124.csv,110,-11.2551335,2.2640933,2.71055215,1.4815470000000008,1.5707734,0.5601577,1.3035847817692183
231,pointcloud_1727346198_250053124.csv,53,-8.952945,2.22398415,2.8380968500000003,2.837084,1.4872849,0.4151931000000002,1.7519289557196278
231,pointcloud_1727346198_250053124.csv,106,-25.75133508333333,3.45579345,3.9953652,1.3478371666666682,0.031888300000000314,0.23335760000000016,0.010029764702149042
231,pointcloud_1727346198_250053124.csv,105,-6.07180985,2.3192219,2.7051855,0.8967396999999995,0.9222919999999999,0.26010900000000037,0.21512467044982594
232,pointcloud_1727346198_290248721.csv,65,-32.797932,2.337289,4.0492155,11.288246000000004,1.7534791999999997,0.12863099999999994,2.5460840119626686
232,pointcloud_1727346198_290248721.csv,55,-22.822258,2.41429825,3.2240598499999997,2.468688,1.8911519,1.6750816999999998,7.820393632708499
232,pointcloud_1727346198_290248721.csv,53,-8.97983935,2.2139596,2.83825565,3.128719300000001,1.4840868,0.41215369999999973,1.9137495716113757
232,pointcloud_1727346198_290248721.csv,109,-54.5608845,2.13629555,3.5124967,0.7980230000000006,1.3514808999999999,1.1579937999999999,1.2489111845582692
232,pointcloud_1727346198_290248721.csv,92,-51.8728825,2.289456,3.1132693,2.534905000000002,1.6454132,1.4525786000000003,6.058656167540283
232,pointcloud_1727346198_290248721.csv,110,-11.3076895,2.253181,2.7058862,1.2977489999999996,1.575571,0.5804716000000001,1.1868877785010725
232,pointcloud_1727346198_290248721.csv,105,-5.86707115,2.17993655,2.7198763,0.6138343000000006,1.1323445,0.2937487999999999,0.20417653463415578
233,pointcloud_1727346198_341414774.csv,109,-54.510643,2.14337,3.6931665000000002,0.9024199999999993,1.33023,0.8018804000000004,0.9625982066248704
233,pointcloud_1727346198_341414774.csv,65,-32.64092,2.296207475,4.0495025,11.334852000000001,1.67695495,0.12769899999999978,2.4273072107345794
233,pointcloud_1727346198_341414774.csv,55,-22.654226,2.404178,3.2149687499999997,2.4804939999999966,1.8895252000000002,1.6725214999999998,7.839034548175418
233,pointcloud_1727346198_341414774.csv,110,-11.137181250000001,2.28350995,2.6873049499999997,1.480558499999999,1.4775133,0.5691270999999998,1.2449910709299443
233,pointcloud_1727346198_341414774.csv,92,-51.7479745,2.2958372999999996,3.1151911500000002,2.5444570000000013,1.6704485999999998,1.4740756999999998,6.265388703763386
233,pointcloud_1727346198_341414774.csv,53,-8.94265635,2.202226,2.8415484500000003,3.0342613000000007,1.4766599999999999,0.4330042999999999,1.9401070685755661
233,pointcloud_1727346198_341414774.csv,105,-5.9840212,2.3049594,2.6863811,0.9801464000000006,0.9414284000000002,0.25888779999999967,0.23888552202837113
234,pointcloud_1727346198_391409668.csv,65,-32.328815000000006,2.3472353999999997,4.0439176,11.757550000000002,1.7591204,0.13591280000000028,2.8110771111303796
234,pointcloud_1727346198_391409668.csv,55,-22.550866,2.4317528999999998,3.2249675,2.4834679999999985,1.9379997999999998,1.6737642000000004,8.055760959668003
234,pointcloud_1727346198_391409668.csv,109,-54.258091500000006,2.1371733,3.5335859999999997,0.8100430000000003,1.3534210000000002,1.1239985999999997,1.2322724939228824
234,pointcloud_1727346198_391409668.csv,92,-51.643592,2.22080865,3.1316264,2.5750439999999983,1.5197165000000001,1.432487,5.605804171445627
234,pointcloud_1727346198_391409668.csv,53,-9.70093535,2.2421496,2.7278681000000002,4.207237299999999,1.5556732,0.6580667999999998,4.307104006147687
234,pointcloud_1727346198_391409668.csv,105,-5.74936865,2.2701925000000003,2.69601225,0.6191978999999996,0.9032332000000003,0.31956909999999983,0.17872863841271927
235,pointcloud_1727346198_42367337.csv,65,-32.331616999999994,2.4475448,3.80379285,13.523632,2.0795836,0.6288510999999999,17.68550857542824
235,pointcloud_1727346198_42367337.csv,53,-10.2777375,2.2556704499999998,2.70653055,4.154375,1.6672822999999999,0.6681175000000001,4.627726490200596
235,pointcloud_1727346198_42367337.csv,55,-23.36772,2.49693765,3.21109605,2.2405739999999987,2.1801741000000003,1.6826233,8.219347963063045
235,pointcloud_1727346198_42367337.csv,109,-54.81994,2.092607,3.7030208,0.2369200000000049,1.3308334,0.7826924000000002,0.24678373486451738
235,pointcloud_1727346198_42367337.csv,92,-52.468500000000006,2.26868295,3.13086035,2.550620000000002,1.6493091,1.4529153,6.112067095823049
235,pointcloud_1727346198_42367337.csv,104,-38.34062,3.3121032,2.53169415,1.3952900000000028,0.02863239999999978,0.3356976999999999,0.013411291432483909
235,pointcloud_1727346198_42367337.csv,105,-6.336192199999999,2.13127685,2.7220681,1.0594235999999997,1.3030739,0.29146420000000006,0.40236843894320673
235,pointcloud_1727346198_42367337.csv,111,-7.6834373,2.32168205,2.76764775,0.9209594000000001,1.0182259000000002,0.28719990000000006,0.2693201880657825
236,pointcloud_1727346198_441055803.csv,55,-22.37058875,2.38121415,3.21263685,2.395985500000002,1.8298549,1.6643093000000007,7.296840929472841
236,pointcloud_1727346198_441055803.csv,65,-32.2614995,2.34305815,4.0460204,11.510601000000005,1.7501761,0.13163919999999996,2.651947872403291
236,pointcloud_1727346198_441055803.csv,53,-9.60891625,2.2436323,2.70933795,4.216905499999999,1.5480786,0.6491370999999999,4.237632657308637
236,pointcloud_1727346198_441055803.csv,109,-54.205142499999994,2.14985655,3.5440139999999998,0.8884949999999989,1.3437356999999999,1.1133593999999998,1.3292425162494848
236,pointcloud_1727346198_441055803.csv,92,-51.5547835,2.3196402000000003,3.1216483,2.6027930000000055,1.6895776000000002,1.4333543999999998,6.303349051883231
236,pointcloud_1727346198_441055803.csv,104,-37.2081895,3.3355205,2.51610945,1.5669669999999982,0.026122599999999885,0.26827330000000016,0.010981298635139289
236,pointcloud_1727346198_441055803.csv,105,-5.9290227,2.2205027999999998,2.7114846999999997,1.0785006,1.1150364,0.2839322000000002,0.3414476150322913
237,pointcloud_1727346198_490788087.csv,65,-31.937696000000003,2.3347948499999998,4.047652,11.874836000000002,1.7401011,0.1243272000000002,2.5690245525028677
237,pointcloud_1727346198_490788087.csv,55,-22.300345999999998,2.458581,3.2301178000000004,2.425644000000002,1.983726,1.6806316000000003,8.086885097968652
237,pointcloud_1727346198_490788087.csv,92,-51.432803500000006,2.24819745,3.12023765,2.612113000000001,1.5270665,1.4647993000000001,5.842894359533263
237,pointcloud_1727346198_490788087.csv,53,-9.592699,2.27372415,2.72213765,4.213557999999999,1.5959497000000002,0.6274743000000003,4.219530384931169
237,pointcloud_1727346198_490788087.csv,109,-54.15472,2.1529963,3.55454985,0.9642399999999967,1.3426394000000001,1.0948797,1.4174603999045239
237,pointcloud_1727346198_490788087.csv,105,-5.6892176,2.3454565,2.6661782,0.9462568000000005,0.6974555999999998,0.3435144000000001,0.22670992139034107
237,pointcloud_1727346198_490788087.csv,111,-6.9457255,2.29887245,2.74005265,0.9781969999999998,1.0412541,0.26675329999999997,0.271702010352193
238,pointcloud_1727346198_541000406.csv,65,-32.1247935,2.32434475,4.0418198499999995,11.216093000000004,1.7174764999999999,0.13476429999999961,2.5960154023990576
238,pointcloud_1727346198_541000406.csv,55,-22.1268635,2.3912173500000002,3.21916555,2.4761349999999993,1.8492067,1.6649298999999997,7.6235232645852
238,pointcloud_1727346198_541000406.csv,92,-51.3299565,2.30444765,3.1338041,2.6548470000000037,1.6647783000000003,1.4516597999999998,6.415946799994017
238,pointcloud_1727346198_541000406.csv,109,-54.087629,2.1716708000000002,3.39624545,1.0784579999999977,1.3344847999999998,1.4075441,2.0257174934711952
238,pointcloud_1727346198_541000406.csv,53,-9.41034325,2.2421968,2.7422795,4.3708955000000005,1.4864258,0.5895538,3.8303380190961573
238,pointcloud_1727346198_541000406.csv,105,-5.7370902,2.35681225,2.68450095,0.8796216000000001,0.7164368999999997,0.3170628999999998,0.19981093817493775
239,pointcloud_1727346198_608651742.csv,65,-31.6806755,2.4272182,3.8334462,11.931729,1.9056902000000002,0.5479284,12.458894051728837
239,pointcloud_1727346198_608651742.csv,109,-53.971085,2.1094303,3.8602546999999996,1.1037899999999965,1.2185574000000001,0.4768865999999998,0.6414274858354532
239,pointcloud_1727346198_608651742.csv,55,-22.031215,2.46499055,3.217578,2.4686179999999993,1.9835189,1.6542719999999997,8.100226322366934
239,pointcloud_1727346198_608651742.csv,92,-51.003809000000004,2.1792176999999997,3.1135384999999998,2.1689720000000037,1.3871471999999998,1.4360510000000004,4.320622857925461
239,pointcloud_1727346198_608651742.csv,53,-8.8041345,2.24318845,2.8204534,3.272831,1.4247271,0.4231181999999998,1.9729540549331965
239,pointcloud_1727346198_608651742.csv,112,-24.77401025,3.4143293750000003,2.531029075,1.2297895000000025,0.024575449999999943,0.23424694999999973,0.007079558984628662
239,pointcloud_1727346198_608651742.csv,113,-10.956278000000001,2.25255825,2.7143383500000002,1.228416000000001,1.4890633000000002,0.5387887,0.9855464618186687
239,pointcloud_1727346198_608651742.csv,111,-6.3969077,2.1801482,2.73326805,0.9186174000000005,1.1686236,0.3453001000000002,0.3706858634323717
239,pointcloud_1727346198_608651742.csv,105,-5.339346,2.1939094,2.7259622,0.7673679999999994,1.1192346000000002,0.28346919999999987,0.24346172245069933
240,pointcloud_1727346198_645789796.csv,65,-31.861806,2.42537675,3.83282315,11.232152000000003,1.9039584999999999,0.5458036999999996,11.6723130117208
240,pointcloud_1727346198_645789796.csv,55,-21.9173985,2.4236556,3.22913265,2.4171949999999995,1.8864348,1.6753206999999994,7.639262637458326
240,pointcloud_1727346198_645789796.csv,92,-50.974584,2.1738680500000003,3.14130595,2.4288119999999935,1.3797881000000003,1.3977012999999996,4.684040743693835
240,pointcloud_1727346198_645789796.csv,53,-8.7084665,2.23313935,2.8350889500000003,2.571694999999999,1.4353993000000003,0.4351879000000003,1.606456619013082
240,pointcloud_1727346198_645789796.csv,113,-10.848790000000001,2.24906655,2.7048733499999997,1.3506599999999995,1.5143757,0.5438646999999999,1.1124244920071225
240,pointcloud_1727346198_645789796.csv,109,-53.695387499999995,2.1529561,3.6847318,0.7859249999999989,1.3283002,0.8039003999999998,0.8392272682310039
240,pointcloud_1727346198_645789796.csv,105,-5.8157701500000005,2.1917337,2.75141165,1.6753711000000004,1.1307476,0.3235286999999998,0.6128998385226228
241,pointcloud_1727346198_690764230.csv,65,-31.760920999999996,2.3249054,4.0389146,11.270937999999997,1.6952847999999998,0.13078480000000026,2.498964010168958
241,pointcloud_1727346198_690764230.csv,55,-21.7826175,2.3761586,3.2221471,2.376075,1.7966716,1.6627562,7.098350234232244
241,pointcloud_1727346198_690764230.csv,109,-53.611540000000005,2.17366825,3.5349152000000004,0.8625800000000012,1.3477623,1.1338744000000003,1.3181888639360837
241,pointcloud_1727346198_690764230.csv,92,-50.965494,2.3354226000000002,3.1250098,2.6107219999999955,1.6997849999999999,1.4468312,6.420553761095381
241,pointcloud_1727346198_690764230.csv,53,-9.411068,2.24149645,2.73823955,4.073830000000001,1.5042761000000002,0.6468615,3.9640740717205944
241,pointcloud_1727346198_690764230.csv,111,-6.352266500000001,2.4147502999999997,2.6954427,1.0640869999999998,0.7460993999999999,0.19842059999999995,0.1575290256162117
242,pointcloud_1727346198_740395893.csv,65,-31.629545,2.43253755,3.98063805,11.226290000000002,1.9105735000000001,0.2453618999999998,5.262682050665142
242,pointcloud_1727346198_740395893.csv,55,-21.668414,2.4274712000000003,3.2279982499999997,2.407636,1.9006982000000001,1.6678133000000002,7.632229563744157
242,pointcloud_1727346198_740395893.csv,92,-50.769226,2.1827662,3.16863415,2.4935000000000045,1.393877,1.3627839000000002,4.736535740078587
242,pointcloud_1727346198_740395893.csv,53,-8.6589725,2.2147467,2.8482739500000003,2.589029000000001,1.4750414000000003,0.3942839,1.5057406273518086
242,pointcloud_1727346198_740395893.csv,113,-10.7716435,2.2400267,2.68742775,1.2579290000000007,1.4966994,0.5881409,1.1073173270596068
242,pointcloud_1727346198_740395893.csv,109,-53.552850500000005,2.16575015,3.5442107,1.0455669999999984,1.3538235,1.1117425999999995,1.5736862979806865
243,pointcloud_1727346198_791717052.csv,55,-21.5199105,2.4641793,3.2302828000000003,2.455538999999998,1.9632354000000003,1.6714992,8.057965166766044
243,pointcloud_1727346198_791717052.csv,65,-31.481175999999998,2.36044661,4.03884385,11.288927999999999,1.76459482,0.12697750000000063,2.5294405431263147
243,pointcloud_1727346198_791717052.csv,92,-50.721391999999994,2.2191807,3.1275441500000003,2.619030000000002,1.4711405999999998,1.4488903,5.582518348918677
243,pointcloud_1727346198_791717052.csv,109,-53.467139,2.17736575,3.3912066999999997,1.0330379999999977,1.3666949000000002,1.4074477999999995,1.9871020323410808
243,pointcloud_1727346198_791717052.csv,113,-10.6742735,2.2308437000000003,2.7058504,1.3175290000000004,1.4934318000000002,0.5445924,1.0715616298379247
243,pointcloud_1727346198_791717052.csv,53,-8.616059,2.2329241,2.8510189,2.799772,1.4152638,0.39030640000000005,1.5465563085930032
243,pointcloud_1727346198_791717052.csv,105,-5.3451061499999994,2.2300991999999997,2.79244495,0.9134368999999998,0.8390587999999999,0.11123510000000003,0.08525361393104541
244,pointcloud_1727346198_842175355.csv,65,-31.3673055,2.3594136,4.0381601,11.279578999999998,1.7568987999999999,0.12897440000000016,2.5558958492215473
244,pointcloud_1727346198_842175355.csv,113,-10.627588,2.2518121,2.6912763,1.3031039999999994,1.5429693999999998,0.5299429999999998,1.065529679392297
244,pointcloud_1727346198_842175355.csv,109,-53.256505000000004,2.19226765,3.3963058,0.8061300000000031,1.3520469,1.403111,1.529286552936289
244,pointcloud_1727346198_842175355.csv,55,-21.3615575,2.4904311,3.2294204,2.324264999999997,2.0150094000000003,1.6519979999999999,7.736993572914677
244,pointcloud_1727346198_842175355.csv,92,-50.5404565,2.3368932,3.1360245,2.5715670000000017,1.6956122,1.4559622,6.3485490084518394
244,pointcloud_1727346198_842175355.csv,53,-8.5426445,2.23926225,2.8334687,2.837059,1.4194405,0.4273334000000002,1.7208871761749436
244,pointcloud_1727346198_842175355.csv,105,-5.34847935,2.22328435,2.78495785,0.9377306999999995,0.8363582999999999,0.11518769999999989,0.09033927736354441
245,pointcloud_1727346198_890267099.csv,65,-31.251503,2.35516045,4.03811945,11.225654000000002,1.7613883000000001,0.1286170999999996,2.5431119139256553
245,pointcloud_1727346198_890267099.csv,113,-10.5827275,2.2788497000000003,2.6866798000000003,1.2114670000000007,1.4461466,0.5444983999999997,0.9539388086931551
245,pointcloud_1727346198_890267099.csv,55,-21.275738,2.43031775,3.2249403,2.4464419999999976,1.8817760999999997,1.6488800000000001,7.59087644648381
245,pointcloud_1727346198_890267099.csv,92,-50.449199500000006,2.2594582,3.1241664499999997,2.617972999999999,1.5631712000000002,1.4634981000000002,5.989131808667225
245,pointcloud_1727346198_890267099.csv,109,-53.172375,2.1677324999999996,3.5135305,0.9258099999999985,1.3860573999999999,1.1630310000000001,1.4924313871373658
245,pointcloud_1727346198_890267099.csv,53,-8.5258543,2.23544785,2.83728525,2.7918513999999996,1.4402082999999999,0.41356990000000016,1.6629015227447272
245,pointcloud_1727346198_890267099.csv,105,-5.31872175,2.22158625,2.7855678,1.0010604999999995,0.8567504999999997,0.09228419999999993,0.07914838243092874
246,pointcloud_1727346198_89642760.csv,114,-33.328948499999996,2.335492,4.044713,11.339677000000002,1.8306361999999998,0.1449659999999997,3.009323565824342
246,pointcloud_1727346198_89642760.csv,55,-23.254503,2.50621975,3.2117237999999997,2.2232860000000016,2.1733673,1.6663484,8.051823948273526
246,pointcloud_1727346198_89642760.csv,109,-52.3506285,2.2683552000000002,3.11190935,2.562463000000001,1.6816736,1.4542264999999999,6.266591193498304
246,pointcloud_1727346198_89642760.csv,113,-10.1259595,2.24837575,2.7312758,4.140186999999999,1.6514665,0.6478000000000002,4.429254850957757
246,pointcloud_1727346198_89642760.csv,115,-54.784188,2.1109539,3.5372467,0.35337599999999725,1.3255246,1.1081658,0.5190743699456909
246,pointcloud_1727346198_89642760.csv,105,-6.1441783999999995,2.2241647,2.7381985,0.8217278000000006,1.1039971999999998,0.23942500000000022,0.2172028142024605
246,pointcloud_1727346198_89642760.csv,53,-7.10948385,2.3426236,2.7714899,0.7761423000000001,1.0005275999999999,0.25768900000000006,0.20010885490326719
247,pointcloud_1727346198_941494974.csv,65,-31.096745000000002,2.37573195,4.0418501,11.330390000000001,1.7757315,0.12178219999999973,2.450225035207049
247,pointcloud_1727346198_941494974.csv,116,-21.180174,2.434888,3.2304188,2.4566380000000017,1.8722460000000003,1.6458524000000003,7.569984005121679
247,pointcloud_1727346198_941494974.csv,53,-8.11386375,2.2151030499999997,2.8261608999999996,2.5283485,1.4175165,0.43747040000000004,1.5678832902876512
247,pointcloud_1727346198_941494974.csv,92,-50.241018499999996,2.3556746,3.1222019,2.3945890000000034,1.7110836,1.4376449999999998,5.890523191630746
247,pointcloud_1727346198_941494974.csv,109,-53.1211825,2.173456,3.5233871,1.0968449999999947,1.3516387999999997,1.1369698000000006,1.6856012284938349
247,pointcloud_1727346198_941494974.csv,113,-10.4677655,2.2826196999999997,2.70149375,1.3328249999999997,1.5375652,0.6044445,1.238691340187363
247,pointcloud_1727346198_941494974.csv,105,-5.2389498,2.42438605,2.678334,0.9351175999999999,0.5920887000000001,0.29466400000000004,0.1631473724371324
248,pointcloud_1727346198_990442853.csv,65,-31.122341499999997,2.32458125,4.04125335,11.012084999999995,1.6817005,0.12469429999999981,2.3092173391981974
248,pointcloud_1727346198_990442853.csv,53,-8.3564596,2.2109509999999997,2.8135309499999996,2.6155148000000006,1.4376094,0.4725695000000001,1.776903219107816
248,pointcloud_1727346198_990442853.csv,116,-21.0357665,2.37343595,3.2232399000000003,2.3818470000000005,1.7795773000000001,1.6616412000000005,7.043166739449743
248,pointcloud_1727346198_990442853.csv,92,-50.2322225,2.2981478,3.1350537000000003,2.6116049999999973,1.6331938000000001,1.4368306,6.128451909596675
248,pointcloud_1727346198_990442853.csv,113,-10.433856,2.2514302500000003,2.7168026000000003,1.3473000000000006,1.4669991000000002,0.5651036,1.1169204205430885
248,pointcloud_1727346198_990442853.csv,109,-53.3043125,2.18843,3.38136885,1.620165,1.355378,1.4443937,3.1717961202044442
248,pointcloud_1727346198_990442853.csv,105,-5.2729216,2.23554945,2.7094537499999998,1.1101817999999994,0.9328961,0.3211474999999999,0.3326074145850722
249,pointcloud_1727346199_141689406.csv,65,-31.039978,2.3494407,4.0414028,10.456994000000002,1.7241094,0.12143320000000024,2.189319363303656
249,pointcloud_1727346199_141689406.csv,116,-20.6869905,2.42736375,3.2291111499999996,2.410171000000002,1.8584787,1.6659076999999995,7.4620195088745405
249,pointcloud_1727346199_141689406.csv,92,-49.892322500000006,2.2662632499999997,3.1310613,2.654305000000001,1.5174708999999997,1.4483093999999999,5.833544915567858
249,pointcloud_1727346199_141689406.csv,53,-7.9650765,2.2132199,2.81662515,2.415489000000001,1.4047222,0.4525977000000001,1.5357051925183651
249,pointcloud_1727346199_141689406.csv,109,-52.6477565,2.20267045,3.3525595999999998,1.0206189999999964,1.3730670999999999,1.4888257999999999,2.0864082736143112
249,pointcloud_1727346199_141689406.csv,113,-10.3174735,2.23918915,2.70426225,1.2067429999999995,1.4657697,0.5365325000000003,0.9490226161472947
250,pointcloud_1727346199_191209034.csv,65,-30.812785499999997,2.336358175,4.0389273,10.693808999999998,1.6842033500000002,0.12442339999999996,2.2409337352375265
250,pointcloud_1727346199_191209034.csv,116,-20.557529000000002,2.38452865,3.22816875,2.3990019999999994,1.7648487,1.6639171000000004,7.044817945215667
250,pointcloud_1727346199_191209034.csv,92,-49.7217375,2.34373045,3.1302357,2.536735,1.6881264999999999,1.4662800000000002,6.27909421213057
250,pointcloud_1727346199_191209034.csv,109,-52.511299,2.1934513,3.30549645,1.0865620000000007,1.3972600000000002,1.5896391000000003,2.4134053741389008
250,pointcloud_1727346199_191209034.csv,53,-7.947098649999999,2.18486615,2.8403089,2.5212686999999994,1.3664006999999998,0.45882460000000025,1.5806797981990275
250,pointcloud_1727346199_191209034.csv,113,-10.15390875,2.2690765,2.71256325,1.4208355000000008,1.5169146,0.5526442999999999,1.1911065858532077
250,pointcloud_1727346199_191209034.csv,105,-4.8821335,2.27707195,2.7639653500000003,0.9335021999999995,0.6814556999999999,0.14037470000000019,0.0892980171274193
251,pointcloud_1727346199_241367283.csv,92,-49.6111715,2.3238373,3.1182132,2.5763630000000006,1.6698617999999998,1.4477396000000002,6.228422101696378
251,pointcloud_1727346199_241367283.csv,65,-31.018510499999998,2.3368268,4.0397873,10.053386999999997,1.6885961999999999,0.11939999999999973,2.026947663588325
251,pointcloud_1727346199_241367283.csv,113,-10.16312,2.2694398,2.6606359,1.2984580000000001,1.5158989999999999,0.47814179999999995,0.9411414151905305
251,pointcloud_1727346199_241367283.csv,116,-20.368488499999998,2.33754525,3.225784075,2.3030170000000005,1.6855475,1.6576495500000004,6.434737866185409
251,pointcloud_1727346199_241367283.csv,53,-8.0799,2.1888894,2.83969925,2.5597059999999994,1.3941982,0.44683550000000016,1.5946386041665759
251,pointcloud_1727346199_241367283.csv,109,-52.518238499999995,2.20370035,3.37872795,1.3051230000000018,1.3701153000000001,1.4390869,2.573330569476548
251,pointcloud_1727346199_241367283.csv,105,-4.9055815,2.2842393999999997,2.7774985,0.9177036000000003,0.6982371999999999,0.12327699999999986,0.0789927940449621
252,pointcloud_1727346199_290725942.csv,92,-49.4964255,2.3285461499999998,3.13354515,2.607962999999998,1.6772810999999999,1.4345069000000001,6.274944954943932
252,pointcloud_1727346199_290725942.csv,65,-30.9584825,2.4051322,4.03542985,10.016444999999997,1.821471,0.12658330000000007,2.3094697879790145
252,pointcloud_1727346199_290725942.csv,116,-20.1940615,2.4542466999999997,3.2214019499999997,2.148743000000003,1.9221586,1.6517014999999997,6.821898558015221
252,pointcloud_1727346199_290725942.csv,113,-9.9670725,2.19835935,2.6914907,1.5379229999999993,1.3737753000000001,0.5507346000000002,1.1635703808453586
252,pointcloud_1727346199_290725942.csv,109,-52.27655,2.2028438,3.3855424999999997,1.057940000000002,1.3922994,1.4263469999999994,2.10096523836039
252,pointcloud_1727346199_290725942.csv,53,-7.88520235,2.15489115,2.81611535,2.191669300000001,1.3301523000000002,0.4903803,1.429583111595929
253,pointcloud_1727346199_342081923.csv,65,-30.783277499999997,2.309012,4.036576999999999,10.046694999999996,1.6577184000000003,0.12236259999999977,2.037899076358797
253,pointcloud_1727346199_342081923.csv,92,-49.369341,2.3313268000000003,3.1269962500000004,2.605181999999999,1.7053926000000001,1.4340424999999999,6.371247343255327
253,pointcloud_1727346199_342081923.csv,116,-20.205768499999998,2.37767575,3.2317945999999997,2.3895870000000023,1.7959409000000002,1.6449142,7.059243094493711
253,pointcloud_1727346199_342081923.csv,117,-34.6147945,3.37652955,2.4664442749999997,2.003900999999992,0.02735349999999981,0.1290220500000001,0.007072176716668805
253,pointcloud_1727346199_342081923.csv,53,-8.0614215,2.2243078499999998,2.8263306999999998,2.6120590000000012,1.4198773,0.48427200000000026,1.7960695821868387
253,pointcloud_1727346199_342081923.csv,113,-10.115852499999999,2.26050355,2.6405306,1.1653210000000005,1.5594314999999999,0.48393339999999974,0.87942229703645
253,pointcloud_1727346199_342081923.csv,109,-52.1528815,2.20975165,3.33661385,1.0448690000000056,1.4017587,1.4935737000000002,2.187569009308604
254,pointcloud_1727346199_390926861.csv,65,-30.67881,2.4509077,3.86869405,10.021454000000002,1.9231848,0.4573044999999998,8.813679020449571
254,pointcloud_1727346199_390926861.csv,116,-20.0796745,2.4153813,3.22990035,2.4231130000000007,1.7950694,1.6592978999999994,7.217375064933124
254,pointcloud_1727346199_390926861.csv,113,-9.931914249999998,2.24378635,2.69384315,1.4195004999999998,1.5203361,0.5076451,1.0955579538655427
254,pointcloud_1727346199_390926861.csv,109,-51.970711,2.21901885,3.2900603999999998,0.9111180000000019,1.3706477,1.6002471999999996,1.9984235745525307
254,pointcloud_1727346199_390926861.csv,53,-7.825042,2.2113144499999997,2.82374285,2.602900000000001,1.3950600999999998,0.4725551000000001,1.7159429931786052
254,pointcloud_1727346199_390926861.csv,92,-49.230501,2.32390465,3.12891265,2.5231899999999996,1.6779453,1.4442401,6.114587342705948
254,pointcloud_1727346199_390926861.csv,105,-4.5089405,2.05865595,2.77318095,0.8361530000000004,1.0390935,0.1721048999999999,0.1495318187728983
255,pointcloud_1727346199_41657646.csv,65,-31.099247,2.32900705,4.04225715,10.826530000000002,1.6858364999999997,0.12252769999999957,2.2363461054238076
255,pointcloud_1727346199_41657646.csv,116,-20.895391500000002,2.39642135,3.2288975,2.445767,1.8146068999999998,1.6535450000000003,7.338607446701598
255,pointcloud_1727346199_41657646.csv,92,-50.0842495,2.34130635,3.1360419,2.584347000000001,1.7109592999999998,1.4474711999999998,6.400301547755622
255,pointcloud_1727346199_41657646.csv,113,-10.265374000000001,2.2964941999999997,2.7026186,1.560988,1.4829095999999997,0.6013222000000003,1.3919430883795838
255,pointcloud_1727346199_41657646.csv,109,-52.942123,2.1824751,3.4887183000000004,1.1503739999999993,1.392559,1.2268434000000004,1.965358551979719
255,pointcloud_1727346199_41657646.csv,53,-8.2627733,2.2164912,2.8164569999999998,2.1895634,1.4195117999999998,0.42814600000000036,1.330725327805536
255,pointcloud_1727346199_41657646.csv,105,-5.937604,2.3873012,2.6806757,1.1312160000000002,0.7717900000000002,0.21345459999999994,0.18635892850431257
256,pointcloud_1727346199_441078341.csv,65,-30.450508,2.4520296999999998,3.6798706500000002,10.260636000000002,1.9321036,0.8319207000000004,16.492504887524074
256,pointcloud_1727346199_441078341.csv,116,-19.990961,2.4145101,3.2270923499999995,2.397853999999999,1.8305614000000001,1.6737452999999998,7.3467693795313975
256,pointcloud_1727346199_441078341.csv,92,-49.134485,2.2279811,3.16230485,2.566502,1.4857278000000003,1.3893833,5.297889931333909
256,pointcloud_1727346199_441078341.csv,53,-8.62892425,2.2656622,2.72811915,3.8985155000000002,1.5189696,0.6376929000000002,3.776242963685927
256,pointcloud_1727346199_441078341.csv,109,-51.9590525,2.1966505,3.30557895,1.0698250000000016,1.4001456,1.5763211,2.361188347182653
257,pointcloud_1727346199_491954348.csv,65,-30.443596,2.45106555,3.8532079,10.049042,1.9367265,0.4852908,9.444848902510953
257,pointcloud_1727346199_491954348.csv,92,-49.039112,2.21160875,3.1755812499999996,2.606590000000004,1.4688699,1.3716005,5.251503882837201
257,pointcloud_1727346199_491954348.csv,116,-19.8554495,2.38710955,3.225797175,2.4895090000000017,1.8184928999999999,1.6573619499999994,7.503133512263885
257,pointcloud_1727346199_491954348.csv,109,-51.853387,2.2185554499999998,3.3217375999999996,1.1945940000000022,1.3863997,1.5483147999999995,2.5642953804308126
257,pointcloud_1727346199_491954348.csv,113,-9.8842715,2.26032855,2.6615801,1.3473050000000004,1.5205358999999998,0.5355310000000002,1.0971025273056012
257,pointcloud_1727346199_491954348.csv,53,-7.946579999999999,2.2059983,2.8255923000000003,2.4872299999999994,1.4242174,0.4468245999999998,1.58281191169433
258,pointcloud_1727346199_565132915.csv,65,-30.129645000000004,2.30122925,4.0374491500000005,10.493044000000001,1.6446585,0.11707450000000019,2.0204101404538695
258,pointcloud_1727346199_565132915.csv,116,-19.7109125,2.33475505,3.2276852500000004,2.305855000000001,1.6980999,1.6718575000000002,6.546278657266399
258,pointcloud_1727346199_565132915.csv,92,-48.871865,2.32085035,3.13463235,2.568650000000005,1.6897955,1.4797817000000002,6.422982422723035
258,pointcloud_1727346199_565132915.csv,113,-9.847544,2.2457439,2.6911061,1.2623060000000006,1.5107448,0.6009401999999997,1.1460063176017035
258,pointcloud_1727346199_565132915.csv,109,-51.675323500000005,2.2033087,3.2714716,1.0004190000000008,1.4288638000000002,1.6470567999999997,2.3544059209759904
258,pointcloud_1727346199_565132915.csv,53,-7.743408349999999,2.18388305,2.8364222000000003,2.3158152999999997,1.3920791,0.43374200000000007,1.3982966262038834
259,pointcloud_1727346199_612374496.csv,65,-30.1322205,2.4499087,3.777190525,10.296884999999996,1.9506316000000001,0.63747335,12.803925878195976
259,pointcloud_1727346199_612374496.csv,116,-19.627715000000002,2.381497,3.22829825,2.404554000000001,1.7845355999999999,1.6665375,7.151132769459548
259,pointcloud_1727346199_612374496.csv,113,-9.827861500000001,2.25436905,2.71503855,1.2113950000000013,1.5333085,0.5458417,1.0138694355869646
259,pointcloud_1727346199_612374496.csv,92,-48.758132,2.25355115,3.1245167499999997,2.575944,1.5679863,1.4563041,5.88207765023641
259,pointcloud_1727346199_612374496.csv,109,-51.4722285,2.2152666,3.2825737,0.834502999999998,1.4002158,1.6207579999999995,1.8938302539993792
259,pointcloud_1727346199_612374496.csv,53,-7.727231,2.1955957,2.8313019500000003,2.3665179999999992,1.4334488,0.4022469000000002,1.364535074207336
260,pointcloud_1727346199_650798891.csv,65,-30.09908925,2.3279026333333332,4.04205395,10.011152499999994,1.6919008666666666,0.10656109999999996,1.8049188677710641
260,pointcloud_1727346199_650798891.csv,109,-51.4248275,2.19595245,3.29741385,1.056090999999995,1.4237995000000003,1.5863771,2.3853747055576435
260,pointcloud_1727346199_650798891.csv,92,-48.6510775,2.3082386,3.13329815,2.648955000000001,1.6766587999999998,1.4109607,6.266631980229832
260,pointcloud_1727346199_650798891.csv,53,-8.168395,2.23674175,2.74583465,4.38413,1.5344367,0.6190487,4.164445824341968
260,pointcloud_1727346199_650798891.csv,116,-19.535797000000002,2.3858688,3.23195555,2.4242859999999986,1.8235254,1.6763515,7.41072602862563
261,pointcloud_1727346199_692237389.csv,116,-19.442009,2.3404571499999998,3.22483655,2.405106,1.7236117,1.6621088999999998,6.8902206558642325
261,pointcloud_1727346199_692237389.csv,65,-29.77771,2.3496951375,4.04106365,10.459883999999999,1.7694796750000001,0.10692469999999998,1.979021385095567
261,pointcloud_1727346199_692237389.csv,53,-7.64982875,2.2081677500000003,2.81893115,2.5319725,1.3840413000000003,0.42369270000000014,1.4847694242957772
261,pointcloud_1727346199_692237389.csv,113,-9.761816,2.2289151,2.70707175,1.1081660000000007,1.5287602,0.5647544999999998,0.9567619363445511
261,pointcloud_1727346199_692237389.csv,92,-48.5283145,2.3163321999999997,3.14269115,2.617160999999996,1.6861408,1.4293451,6.307559767962382
261,pointcloud_1727346199_692237389.csv,109,-51.365245,2.21694315,3.3077306,1.1519699999999986,1.4150764999999998,1.5585068,2.540561950440834
261,pointcloud_1727346199_692237389.csv,118,-52.7922475,2.3871963,4.00950645,1.010109,0.915338,0.16716629999999988,0.1545604818661652
262,pointcloud_1727346199_743784523.csv,65,-30.0263335,2.324342325,4.03143785,9.893133000000002,1.7000063499999998,0.1242302999999998,2.089353501221518
262,pointcloud_1727346199_743784523.csv,92,-48.402258,2.32021735,3.1294947,2.559810000000006,1.7225193,1.4458083999999998,6.375034972895552
262,pointcloud_1727346199_743784523.csv,116,-19.318928,2.3504698,3.23957205,2.4426039999999993,1.7741528000000002,1.6488085000000003,7.145198569647581
262,pointcloud_1727346199_743784523.csv,113,-9.637953,2.23929255,2.65119645,1.2722280000000001,1.5732739000000002,0.4873649000000002,0.9754916036081963
262,pointcloud_1727346199_743784523.csv,109,-51.203725,2.2028908499999997,3.26662615,1.048969999999997,1.4519649,1.6486317000000001,2.5109775614764196
262,pointcloud_1727346199_743784523.csv,53,-7.566723699999999,2.1502558,2.8112045,2.1192605999999996,1.3876549999999999,0.4302130000000002,1.2651714951409514
263,pointcloud_1727346199_791148300.csv,65,-29.900347,2.344493316666667,4.040932325,9.825595999999997,1.7197790333333338,0.10570215000000038,1.7861394972140554
263,pointcloud_1727346199_791148300.csv,92,-48.2924195,2.3033587,3.14137955,2.6246950000000027,1.7044804000000002,1.4344411,6.41731822434349
263,pointcloud_1727346199_791148300.csv,109,-51.284206499999996,2.1892657499999997,3.2822733,1.461541000000004,1.4800649,1.6204520000000002,3.5053221204390406
263,pointcloud_1727346199_791148300.csv,113,-9.584524,2.24920455,2.68302685,1.265892000000001,1.5679805,0.5626403,1.116781339371272
263,pointcloud_1727346199_791148300.csv,116,-19.200508,2.3011569,3.2390225,2.4072640000000014,1.70346,1.6468416000000001,6.753167008991028
263,pointcloud_1727346199_791148300.csv,53,-7.563177850000001,2.15985295,2.8276479,2.2111603000000004,1.3841257,0.41443299999999983,1.2683820591971353
263,pointcloud_1727346199_791148300.csv,119,-4.2478838,2.15663685,2.7904844000000004,0.8585110000000005,0.8892953000000001,0.1418648,0.10830949009976396
264,pointcloud_1727346199_841624537.csv,65,-29.920183,2.3547606166666664,4.0401722,9.612926000000002,1.6834234333333329,0.1047355999999997,1.6948969275651586
264,pointcloud_1727346199_841624537.csv,116,-19.015057,2.295439,3.2267811999999996,2.221176,1.6429072,1.6528135999999995,6.031424320581089
264,pointcloud_1727346199_841624537.csv,92,-48.143366,2.30079085,3.1467538,2.5182379999999966,1.7228123,1.4301672,6.204710892114376
264,pointcloud_1727346199_841624537.csv,113,-9.46176225,2.21385085,2.68263795,1.415758499999999,1.4776895,0.5378919,1.1252975400884273
264,pointcloud_1727346199_841624537.csv,53,-7.5583667000000005,2.15868815,2.83269505,2.197654600000001,1.3956611,0.4197483000000002,1.2874440258446704
264,pointcloud_1727346199_841624537.csv,109,-51.224571499999996,2.1912836,3.29370525,1.5847170000000048,1.4586694,1.5960174999999994,3.689319252731873
264,pointcloud_1727346199_841624537.csv,120,-22.4543085,3.3298405,3.9072236499999997,2.451546999999998,0.047088999999999714,0.3643733,0.04206358047934347
265,pointcloud_1727346199_893087876.csv,65,-29.622419999999998,2.4081251833333335,4.0359137,9.993531999999998,1.6467184333333331,0.11202660000000009,1.843569479940069
265,pointcloud_1727346199_893087876.csv,92,-48.018545,2.31314285,3.1264245500000003,2.5859299999999976,1.7510062999999998,1.4455619,6.545474969169179
265,pointcloud_1727346199_893087876.csv,116,-19.010246000000002,2.29641925,3.22905995,2.368255999999999,1.7066175000000001,1.6570400999999997,6.6972707936266325
265,pointcloud_1727346199_893087876.csv,113,-9.4088335,2.244948,2.6684608499999998,1.4165409999999987,1.5309439999999999,0.5215730999999999,1.1311068666085924
265,pointcloud_1727346199_893087876.csv,109,-51.331575,2.1839006,3.24986745,2.0540299999999974,1.497364,1.6766156999999997,5.156650512664122
265,pointcloud_1727346199_893087876.csv,53,-7.26804085,2.1668021499999996,2.8028815,2.5134222999999993,1.4303765,0.47179459999999995,1.696167729062549
266,pointcloud_1727346199_92545207.csv,65,-31.040999499999998,2.43834545,4.04275815,10.665406999999998,1.9115442999999999,0.12190569999999967,2.485340019252223
266,pointcloud_1727346199_92545207.csv,92,-49.9808655,2.3466817,3.13097385,2.5508569999999935,1.7208725999999999,1.4384812999999999,6.314501244393001
266,pointcloud_1727346199_92545207.csv,109,-52.678439999999995,2.19574305,3.3926356,0.8644940000000005,1.3739791000000001,1.4159408,1.6818497927508338
266,pointcloud_1727346199_92545207.csv,116,-20.793453999999997,2.40054735,3.22570685,2.4053819999999995,1.8168733000000001,1.6609903,7.258983273958075
266,pointcloud_1727346199_92545207.csv,53,-7.95314585,2.2037066,2.8246336,2.8959883,1.3634608000000001,0.4281492,1.690575598529525
266,pointcloud_1727346199_92545207.csv,119,-5.7716505,2.3206576,2.6908187999999997,0.8124390000000004,0.8526923999999998,0.3495387999999999,0.24214669509663583
266,pointcloud_1727346199_92545207.csv,113,-10.350622999999999,2.28811775,2.68926525,1.2518440000000002,1.4918505,0.5796117000000001,1.0824620013077701
267,pointcloud_1727346199_940772110.csv,65,-29.529403000000002,2.370699833333333,4.0314595,10.006034000000003,1.6275042666666664,0.11712500000000015,1.9073645820856018
267,pointcloud_1727346199_940772110.csv,113,-9.368475499999999,2.23221955,2.6663351,1.3878690000000002,1.5544449,0.5075301999999997,1.0949283410757806
267,pointcloud_1727346199_940772110.csv,121,-47.932974,2.29895365,3.1341853,2.6238600000000005,1.7266050999999998,1.4609404000000001,6.618600644223809
267,pointcloud_1727346199_940772110.csv,122,-18.895174,2.3666825,3.22651605,2.4306759999999983,1.8857894000000002,1.6590828999999996,7.604809688415116
267,pointcloud_1727346199_940772110.csv,92,-50.8297005,2.17879165,3.26305865,1.2911149999999978,1.4974911000000002,1.6536607000000005,3.197242534595446
267,pointcloud_1727346199_940772110.csv,53,-7.2029952,2.16224315,2.8272159,2.1267736,1.4177923,0.49503379999999986,1.4926869187173297
267,pointcloud_1727346199_940772110.csv,116,-21.6339745,3.29509435,2.5391760000000003,1.2510109999999983,0.0278003,0.2846259999999998,0.009898859962507845
268,pointcloud_1727346199_992318804.csv,65,-29.41901,2.4012172124999998,4.03578715,9.994148,1.556662025,0.10738850000000033,1.6706977339226807
268,pointcloud_1727346199_992318804.csv,122,-18.8020895,2.3106314,3.22797135,2.404678999999998,1.7769123999999998,1.6709133,7.139652011471844
268,pointcloud_1727346199_992318804.csv,92,-50.788315,2.1753800500000002,3.2795031,1.4405819999999991,1.4965759,1.6194891999999994,3.4915220368346915
268,pointcloud_1727346199_992318804.csv,121,-47.779806,2.2993753,3.1417572,2.538082000000003,1.7472754000000001,1.4280963999999998,6.333219437068353
268,pointcloud_1727346199_992318804.csv,113,-9.340824999999999,2.22399365,2.66702795,1.3383459999999996,1.5516159,0.5320979000000001,1.104953931551915
268,pointcloud_1727346199_992318804.csv,53,-7.204502,2.1569004499999997,2.83497735,2.4485659999999996,1.4024849,0.4563993000000002,1.5673102666768228
269,pointcloud_1727346200_140912753.csv,65,-29.1914185,2.4420310499999998,4.038946075,9.800795,1.5207155,0.09896385000000052,1.4749790784290275
269,pointcloud_1727346200_140912753.csv,113,-9.3948505,2.1909331,2.70426155,0.923273,1.5864383999999998,0.5658954999999999,0.8288760465449687
269,pointcloud_1727346200_140912753.csv,53,-7.1300955,2.1350175,2.82859605,2.2822510000000005,1.4833438,0.4634598999999997,1.5689799376081528
269,pointcloud_1727346200_140912753.csv,121,-47.408348000000004,2.27170655,3.11997765,2.587830000000004,1.7577953000000002,1.4591927,6.637685793231089
269,pointcloud_1727346200_140912753.csv,122,-18.4986525,2.30580175,3.223599,2.4400890000000004,1.8071315,1.6700306000000005,7.364102962742705
269,pointcloud_1727346200_140912753.csv,92,-50.592746,2.1636671,3.26494815,1.8330320000000029,1.536423,1.6448463000000002,4.632401235626707
270,pointcloud_1727346200_208694517.csv,113,-9.229738,2.1756218499999997,2.6934263,1.1431620000000002,1.6033684999999998,0.5626845999999999,1.0313501970984573
270,pointcloud_1727346200_208694517.csv,65,-29.138617500000002,2.437415375,4.0354231,9.752871000000003,1.3873263500000002,0.10399780000000014,1.4071333854380526
270,pointcloud_1727346200_208694517.csv,92,-50.313919999999996,2.1570154500000003,3.2767033,1.465759999999996,1.5610445,1.6100833999999997,3.684058532898488
270,pointcloud_1727346200_208694517.csv,121,-47.3228125,2.2786339499999997,3.12839675,2.6398950000000028,1.7719128999999998,1.4749675,6.899402383509452
270,pointcloud_1727346200_208694517.csv,122,-18.392467500000002,2.3294948499999997,3.24064775,2.4765770000000025,1.8677370999999998,1.6285334999999996,7.5329359978759864
270,pointcloud_1727346200_208694517.csv,53,-6.95982365,2.1231968500000002,2.8381779,2.0447653,1.4631237000000001,0.4376625999999999,1.3093747076406337
270,pointcloud_1727346200_208694517.csv,116,-21.4173625,3.27647375,2.5318427,1.824745,0.045640500000000195,0.28157999999999994,0.023450622761492648
271,pointcloud_1727346200_245159974.csv,65,-28.871703000000004,2.60495355,3.592849325,10.050242,1.6709428999999998,0.9881993499999995,16.595207707428912
271,pointcloud_1727346200_245159974.csv,113,-9.192789,2.18943725,2.69451495,1.1058880000000002,1.5667961,0.5866321000000001,1.0164580294915018
271,pointcloud_1727346200_245159974.csv,121,-47.2096995,2.2094130499999998,3.1174447499999998,2.631489000000002,1.6957324999999999,1.4589171000000003,6.510127848002588
271,pointcloud_1727346200_245159974.csv,122,-18.3261385,2.28173255,3.2224717,2.4023770000000013,1.8180775000000002,1.6828613999999997,7.350246476406824
271,pointcloud_1727346200_245159974.csv,92,-50.5337035,2.169299,3.2359118000000002,2.188012999999998,1.5391752,1.6965884,5.713660723782508
271,pointcloud_1727346200_245159974.csv,53,-6.951598,2.12623825,2.80090715,2.03998,1.4479163000000002,0.48177230000000026,1.4230206194399995
272,pointcloud_1727346200_294580329.csv,65,-29.019926750000003,2.47099845,4.0351121,9.609426500000001,1.3233479000000006,0.1024765999999997,1.3031554050689123
272,pointcloud_1727346200_294580329.csv,53,-7.051964,2.13653555,2.80008605,1.9976580000000004,1.4792249000000002,0.48132410000000014,1.4223057147777587
272,pointcloud_1727346200_294580329.csv,122,-18.185989499999998,2.24321555,3.206743,2.403969,1.7382459,1.6529879999999997,6.907323199165049
272,pointcloud_1727346200_294580329.csv,92,-50.217632,2.15416095,3.2506257,1.7747499999999974,1.5642233,1.6694766000000003,4.634642840282347
272,pointcloud_1727346200_294580329.csv,121,-47.0426845,2.25864675,3.1314509,2.636295000000004,1.8012781000000002,1.4549976,6.909347755889407
272,pointcloud_1727346200_294580329.csv,113,-9.121519,2.1797389000000003,2.6807007499999997,1.1103900000000007,1.589546,0.5897951000000003,1.0409977781596969
272,pointcloud_1727346200_294580329.csv,123,-51.4320375,2.7263908,3.65722485,1.3246309999999966,0.3127865999999999,0.8551630999999995,0.35431701357207385
273,pointcloud_1727346200_366502065.csv,65,-29.003437,2.5064085625,4.0398429375,9.388938000000003,1.3735917249999998,0.09276812500000053,1.1963903899313344
273,pointcloud_1727346200_366502065.csv,122,-18.0938295,2.23442015,3.2122725,2.3613449999999965,1.6782825,1.6654210000000003,6.600070067967327
273,pointcloud_1727346200_366502065.csv,113,-9.0235025,2.16906465,2.6933122000000003,1.1831429999999994,1.5916121,0.5413484,1.0194157244058386
273,pointcloud_1727346200_366502065.csv,121,-46.9658725,2.2399972999999997,3.12109685,2.6061049999999994,1.7968933999999999,1.4746270999999997,6.90552073870253
273,pointcloud_1727346200_366502065.csv,92,-50.551615,2.1425282,3.26628925,2.7600300000000004,1.5940649999999998,1.6382588999999999,7.207793983397863
273,pointcloud_1727346200_366502065.csv,53,-7.0616055,2.11706445,2.808135,1.9724810000000002,1.4618510999999998,0.4655876000000001,1.3425095156443865
274,pointcloud_1727346200_440049001.csv,65,-29.159978,2.5747954625,4.0374117,8.710011999999999,1.3778779249999995,0.09324740000000009,1.1190931231483567
274,pointcloud_1727346200_440049001.csv,53,-6.84793375,2.05562605,2.88087485,1.5275134999999995,1.3875024999999999,0.32155369999999994,0.6815101725374121
274,pointcloud_1727346200_440049001.csv,121,-46.7100525,2.2293804,3.1209533,2.580941000000003,1.7896056,1.4759726,6.817320348158344
274,pointcloud_1727346200_440049001.csv,122,-17.804641500000002,2.22455635,3.2055380500000004,2.171837,1.6385119,1.6343865000000002,5.816096368602088
274,pointcloud_1727346200_440049001.csv,123,-51.1577985,2.1474396000000002,3.9331023499999995,1.1018830000000008,1.4457596000000001,0.2948078999999999,0.46964606154395094
274,pointcloud_1727346200_440049001.csv,113,-8.810277,2.09144605,2.67276455,1.3858540000000001,1.4838531000000001,0.5637830999999998,1.1593656833084804
274,pointcloud_1727346200_440049001.csv,92,-50.261298999999994,2.1410608499999997,3.2431421499999997,2.675001999999999,1.5862493,1.6814671000000003,7.134834912133001
275,pointcloud_1727346200_49026273.csv,65,-29.4963305,2.4855925,4.03726975,9.629706999999996,1.8930662,0.10560569999999991,1.925157360786091
275,pointcloud_1727346200_49026273.csv,122,-18.7053605,2.3439563999999997,3.2165957,2.4335710000000006,1.8263072,1.6558286,7.359244505374383
275,pointcloud_1727346200_49026273.csv,121,-47.647833,2.2770517,3.1271639,2.6141020000000026,1.7570405999999998,1.4612332000000001,6.711565876333113
275,pointcloud_1727346200_49026273.csv,113,-9.3389415,2.22037815,2.6513703,1.2709770000000002,1.5580077,0.5246957999999999,1.0389984006825652
275,pointcloud_1727346200_49026273.csv,53,-7.3892109999999995,2.1707017,2.8136637,2.5263160000000005,1.4589734000000003,0.4861960000000001,1.792034754438702
275,pointcloud_1727346200_49026273.csv,92,-50.9255475,2.1690662,3.2920124,1.9902249999999952,1.530869,1.5956492,4.86158210558445
275,pointcloud_1727346200_49026273.csv,123,-52.678385000000006,2.56778035,3.843132,1.1115840000000006,0.5685747000000001,0.44987200000000005,0.2843274443231267
276,pointcloud_1727346200_490643553.csv,65,-28.722835,2.53122645,4.0361766,9.403550000000003,1.2763948999999999,0.09508879999999964,1.141316944601677
276,pointcloud_1727346200_490643553.csv,122,-17.840484,2.2273635499999997,3.22659755,2.378388000000001,1.8068260999999999,1.6458697000000004,7.0728510220250005
276,pointcloud_1727346200_490643553.csv,92,-50.269924,2.1354055499999998,3.2583151,2.9049599999999955,1.6142176999999998,1.6499824000000003,7.7371599215706315
276,pointcloud_1727346200_490643553.csv,121,-46.526354,2.2416675,3.1208811,2.5436359999999993,1.8322471999999999,1.4664412000000002,6.834451773765952
276,pointcloud_1727346200_490643553.csv,53,-6.70482535,2.0793842,2.82293105,1.8314113,1.4719928000000002,0.4451813000000002,1.2001305430462563
276,pointcloud_1727346200_490643553.csv,113,-8.807058999999999,2.1532084,2.69555425,1.3157060000000005,1.6373807999999999,0.6371775,1.3726789705264928
276,pointcloud_1727346200_490643553.csv,123,-51.6322325,2.08647135,4.05323315,1.1606749999999977,1.1692352999999998,0.0374251000000001,0.0507896848651124
277,pointcloud_1727346200_542426235.csv,65,-28.5136205,2.59658769,4.028714575,9.631526999999998,1.2949681800000001,0.10860885000000042,1.3546261613042243
277,pointcloud_1727346200_542426235.csv,121,-46.4593325,2.2179636,3.11799575,2.6169650000000004,1.8071320000000002,1.4737931,6.969864088789005
277,pointcloud_1727346200_542426235.csv,53,-6.73967165,2.08445215,2.8113367499999997,1.8797186999999997,1.4956093000000001,0.47358270000000013,1.3313947747291066
277,pointcloud_1727346200_542426235.csv,92,-50.433894,2.12744435,3.2737391000000002,3.485112000000001,1.6350677,1.6174693999999996,9.216978024559983
277,pointcloud_1727346200_542426235.csv,113,-8.7564895,2.1367309,2.7151215,1.2338769999999997,1.6346522,0.5730003999999997,1.1557187450118964
277,pointcloud_1727346200_542426235.csv,122,-17.731588000000002,2.2104729499999998,3.2190933,2.3355440000000023,1.7309963,1.6308565999999995,6.593256454572202
278,pointcloud_1727346200_609239342.csv,65,-28.4131935,2.55756795,4.0370877,9.625006999999997,1.2198588999999997,0.0909285999999998,1.0676063729453784
278,pointcloud_1727346200_609239342.csv,53,-6.80467605,2.0663218,2.8214655,1.7864646999999998,1.4956344,0.4541044000000003,1.2133206652638127
278,pointcloud_1727346200_609239342.csv,92,-50.3830835,2.1338092,3.2327954500000002,3.610160999999998,1.6047203999999997,1.6983237,9.838896999653095
278,pointcloud_1727346200_609239342.csv,121,-46.338347999999996,2.2267723999999998,3.11686825,2.6450359999999975,1.8321277999999999,1.4865985000000004,7.204121722901362
278,pointcloud_1727346200_609239342.csv,122,-17.632784,2.2235835,3.2070846499999996,2.406796,1.7862234000000001,1.6619559000000002,7.144873616262039
278,pointcloud_1727346200_609239342.csv,113,-8.7618855,2.1590352,2.7097559,1.1404129999999988,1.6023950000000002,0.5881738000000003,1.0748241491564712
279,pointcloud_1727346200_649418003.csv,65,-28.352083,2.5547819,4.0358795999999995,9.550021999999998,1.1874288000000002,0.08988960000000024,1.0193454718925836
279,pointcloud_1727346200_649418003.csv,113,-8.787098,2.1484629,2.6926607999999996,0.9020200000000003,1.5982868,0.5835876,0.841350457473914
279,pointcloud_1727346200_649418003.csv,122,-17.5779,2.2514617,3.1867025,2.378266,1.9062246,1.6396136000000001,7.433203265514188
279,pointcloud_1727346200_649418003.csv,121,-46.190141499999996,2.2115056500000003,3.1327622,2.609997,1.8250337,1.4730124,7.016447811159856
279,pointcloud_1727346200_649418003.csv,92,-50.382391,2.1269830499999998,3.2470054999999998,3.9030500000000004,1.6410983,1.6662369999999997,10.672729060638385
279,pointcloud_1727346200_649418003.csv,53,-6.6020195,2.0714245,2.8341429,2.2459430000000005,1.5546198000000002,0.4555267999999999,1.5905116614220831
279,pointcloud_1727346200_649418003.csv,124,-20.256088499999997,3.2298013,2.51186345,1.1955869999999997,0.03221639999999981,0.2818027000000001,0.01085433804102655
280,pointcloud_1727346200_690721509.csv,65,-29.0951485,2.554797075,4.034196189999999,7.921008999999998,1.33520755,0.09124701999999996,0.9650459135638965
280,pointcloud_1727346200_690721509.csv,121,-46.0967085,2.2106802500000002,3.1196568,2.6050230000000028,1.8422417000000002,1.4734664000000004,7.071286077931893
280,pointcloud_1727346200_690721509.csv,122,-17.420396,2.20642235,3.21890255,2.3420580000000015,1.7027769,1.6593360999999995,6.61743611832695
280,pointcloud_1727346200_690721509.csv,53,-6.5327005,2.04407105,2.8079738499999998,1.8347110000000004,1.5038159,0.4749431000000004,1.310400106564885
280,pointcloud_1727346200_690721509.csv,92,-50.507995,2.1144761,3.26169125,4.309510000000003,1.6459138,1.6319734999999995,11.575721825075945
280,pointcloud_1727346200_690721509.csv,113,-8.5894145,2.13505995,2.67544365,1.1449169999999995,1.6072505000000001,0.5921716999999997,1.0896956619772669
280,pointcloud_1727346200_690721509.csv,125,-24.2975245,2.7890698499999997,4.0771507,0.809434999999997,0.5747477000000001,0.005336599999999692,0.0024826978792187094
281,pointcloud_1727346200_740765531.csv,65,-28.37352,2.5568100375,3.999845,9.222760000000005,1.4200932749999997,0.15564800000000023,2.038549787491053
281,pointcloud_1727346200_740765531.csv,92,-50.4437975,2.1201413000000002,3.2264752,4.503585000000001,1.6331086000000001,1.6993304,12.49830896722586
281,pointcloud_1727346200_740765531.csv,122,-17.3576935,2.15877935,3.21343085,2.312398999999999,1.7453003000000002,1.6272497000000001,6.567304244436755
281,pointcloud_1727346200_740765531.csv,121,-45.928977,2.20499825,3.1238761,2.5688460000000006,1.8420883000000001,1.4704246000000003,6.958109731496654
281,pointcloud_1727346200_740765531.csv,53,-6.3547925,2.03742525,2.8195011,2.1267110000000002,1.4822345,0.47479020000000016,1.496673748201093
281,pointcloud_1727346200_740765531.csv,113,-8.507,2.09396995,2.6709025000000004,1.1593739999999997,1.5621035,0.6052930000000001,1.0962232620611252
282,pointcloud_1727346200_791980695.csv,65,-28.922403499999998,2.52960355,4.0322365,7.920718999999998,1.3550039,0.08968899999999991,0.9625966220251327
282,pointcloud_1727346200_791980695.csv,121,-45.875615999999994,2.20440615,3.114233,2.616351999999999,1.8506343000000003,1.4891644,7.21040111996523
282,pointcloud_1727346200_791980695.csv,92,-50.1314235,2.1083256,3.24277585,4.075133000000001,1.6560494,1.6659383000000005,11.242787128293733
282,pointcloud_1727346200_791980695.csv,122,-17.2334575,2.1637010500000002,3.1919362,2.256430999999999,1.7511731000000001,1.6195616000000004,6.399537761797462
282,pointcloud_1727346200_791980695.csv,113,-8.43104265,2.0808519,2.67518,1.1575106999999996,1.568691,0.5777540000000001,1.049072203863455
282,pointcloud_1727346200_791980695.csv,53,-6.3708572,2.04568695,2.8137255000000003,2.0945816000000006,1.4573664999999998,0.4759730000000002,1.4529423548771527
283,pointcloud_1727346200_848892485.csv,65,-28.9555535,2.5070045,4.0238736,7.704153000000002,1.5134606,0.10216579999999986,1.1912462829601485
283,pointcloud_1727346200_848892485.csv,121,-45.690796500000005,2.19766555,3.1166522,2.6152269999999973,1.8569477,1.5049156,7.308381467679016
283,pointcloud_1727346200_848892485.csv,92,-50.3437985,2.10554565,3.2317731000000003,4.729837000000003,1.6504894999999997,1.6844878000000003,13.150032011263857
283,pointcloud_1727346200_848892485.csv,122,-17.053734,2.28173625,3.18477485,2.132056000000002,1.9740575000000002,1.6439457000000002,6.919040531687937
283,pointcloud_1727346200_848892485.csv,53,-6.37177475,2.0189345999999997,2.8855462000000003,2.1256255,1.4135209999999998,0.3205844,0.9632331081187858
283,pointcloud_1727346200_848892485.csv,113,-8.441334600000001,2.0055921,2.6686213,0.9478968000000005,1.4857458,0.5589613999999998,0.787204170712881
284,pointcloud_1727346200_901523823.csv,65,-28.61610575,2.5087269375,4.031142533333333,8.142925499999997,1.3573548750000002,0.08815293333333285,0.9743402345349595
284,pointcloud_1727346200_901523823.csv,121,-45.6048145,2.19662355,3.1059957000000002,2.596636999999994,1.8831018999999998,1.5015563999999997,7.34220848145655
284,pointcloud_1727346200_901523823.csv,92,-50.3101465,2.0980178,3.2209253999999996,4.889946999999999,1.6834914000000003,1.7079412,14.060085742989717
284,pointcloud_1727346200_901523823.csv,122,-17.099234,2.1983858,3.2109072000000003,2.400080000000001,1.8072644000000002,1.6226076000000003,7.0381888800347125
284,pointcloud_1727346200_901523823.csv,53,-6.39846125,2.02768065,2.81746625,2.0509774999999992,1.5126763,0.4540071000000001,1.4085411629636937
284,pointcloud_1727346200_901523823.csv,113,-8.2489442,2.0843118,2.67854075,1.2162036,1.6522004,0.6354685,1.2769180768017714
285,pointcloud_1727346200_91431360.csv,65,-29.527576500000002,2.4875669499999997,3.7722457,9.382279,1.9113389,0.6342626,11.374050328918479
285,pointcloud_1727346200_91431360.csv,121,-47.5848905,2.24021265,3.1264894,2.6271090000000044,1.6951871,1.4644256000000002,6.521733428917269
285,pointcloud_1727346200_91431360.csv,53,-7.15050125,2.137977,2.8363178,2.2511215,1.4782369999999998,0.45478759999999996,1.5133926456338425
285,pointcloud_1727346200_91431360.csv,113,-9.229619,2.1917263,2.66183995,1.3659680000000005,1.5985448,0.4846124999999999,1.0581809761283996
285,pointcloud_1727346200_91431360.csv,122,-18.607322,2.32108165,3.23147365,2.4108439999999973,1.8247194999999998,1.6654438999999996,7.326477673730021
285,pointcloud_1727346200_91431360.csv,92,-50.679945000000004,2.18006015,3.24846815,1.728580000000001,1.5145001000000002,1.6814216999999996,4.401852016797891
286,pointcloud_1727346200_940911951.csv,126,-25.886162000000002,2.483987775,3.9289993,13.495156000000001,1.8006695500000003,0.2898014,7.042265736839678
286,pointcloud_1727346200_940911951.csv,127,-45.4462515,2.18473865,3.1128074999999997,2.6016229999999965,1.8822103000000001,1.4868884000000002,7.280997507020845
286,pointcloud_1727346200_940911951.csv,53,-8.13999285,2.04338275,2.6801638,1.2889923000000003,1.6019036999999998,0.6593483999999998,1.3614499621194238
286,pointcloud_1727346200_940911951.csv,122,-17.015062,2.21244025,3.1807912,2.3268699999999995,1.7207770999999998,1.6417576,6.5736378351660045
286,pointcloud_1727346200_940911951.csv,92,-50.0901015,2.10459685,3.2127852,4.747463000000003,1.6488867000000003,1.7199716000000005,13.463986875028203
286,pointcloud_1727346200_940911951.csv,128,-6.1284847,2.0339805,2.8145185,1.6216353999999997,1.5021622000000001,0.44492900000000013,1.0838289799101324
287,pointcloud_1727346200_991673199.csv,65,-28.872732,2.4689870583333335,4.02739175,7.238762000000005,1.551823716666667,0.09175850000000008,1.030749156947258
287,pointcloud_1727346200_991673199.csv,92,-50.226205,2.10380795,3.22494715,5.246690000000001,1.6662244999999998,1.6949457000000003,14.817492300655172
287,pointcloud_1727346200_991673199.csv,127,-45.371345000000005,2.157949425,3.1204188,2.6194699999999997,1.8347058500000002,1.489224,7.157146407440325
287,pointcloud_1727346200_991673199.csv,128,-5.9975375,1.9105637,2.8989725,1.8607289999999992,1.2937288,0.2854049999999999,0.687049376316131
287,pointcloud_1727346200_991673199.csv,129,-20.373303999999997,3.23880175,3.8554139999999997,2.663228,0.07936809999999994,0.42570799999999975,0.08998417589151846
287,pointcloud_1727346200_991673199.csv,53,-8.219446,1.9649028999999998,2.7238666499999997,0.8991619999999996,1.3829961999999998,0.5518927000000002,0.6862993397221772
287,pointcloud_1727346200_991673199.csv,122,-16.761505999999997,2.2547934,3.2325347,2.079533999999999,2.0114722,1.5515265999999999,6.4899191394753455
288,pointcloud_1727346201_139893206.csv,65,-28.657181,2.3730280500000003,4.03324048,7.196780000000004,1.5072369,0.07860444000000033,0.852642198647064
288,pointcloud_1727346201_139893206.csv,127,-44.963415,2.14603265,3.10111475,2.6008640000000014,1.8994181,1.5244560999999996,7.531008504083841
288,pointcloud_1727346201_139893206.csv,122,-16.651437,2.13819945,3.1679849,2.3497179999999993,1.7795865,1.6426678,6.868858824049719
288,pointcloud_1727346201_139893206.csv,92,-49.5534175,2.06105935,3.2016216999999996,4.615205000000003,1.7271617,1.7415765999999997,13.882464648045895
288,pointcloud_1727346201_139893206.csv,53,-7.81670165,2.0581999,2.6463783000000003,1.1325526999999997,1.6727314,0.6270642,1.18794582668483
288,pointcloud_1727346201_139893206.csv,128,-5.76332865,2.00026575,2.8405161,1.9572107,1.5735037,0.4909553999999998,1.5119846809104238
288,pointcloud_1727346201_139893206.csv,130,-52.39278899999999,2.37926875,3.7475753,0.9334780000000009,0.8805434999999999,0.5491885999999999,0.4514154470878836
289,pointcloud_1727346201_191062007.csv,65,-28.224848,2.40463805,4.0334781374999995,7.893863999999997,1.6039925000000002,0.0759003250000001,0.961027042740381
289,pointcloud_1727346201_191062007.csv,92,-49.515663,2.0601635,3.21774555,4.740540000000003,1.7344932,1.7022119,13.996325672994422
289,pointcloud_1727346201_191062007.csv,122,-16.6323115,2.0807465,3.2299423000000003,1.961227000000001,1.7680999999999998,1.6191864000000002,5.614764366748805
289,pointcloud_1727346201_191062007.csv,127,-44.868579999999994,2.1337479,3.10060935,2.6713200000000015,1.8824722000000003,1.5385407,7.736837520497648
289,pointcloud_1727346201_191062007.csv,53,-7.62018675,1.98493335,2.7026451,1.332372499999999,1.5806069,0.6712384,1.4135993191585186
289,pointcloud_1727346201_191062007.csv,128,-5.6159105,1.9518992,2.8977382,1.5414329999999996,1.517071,0.3062347999999999,0.7161188418228417
290,pointcloud_1727346201_240059329.csv,65,-28.350531500000002,2.3554845833333333,4.03199465,7.4748470000000005,1.667184566666667,0.0765766999999995,0.9542949726104742
290,pointcloud_1727346201_240059329.csv,127,-44.750924749999996,2.127304,3.1087743999999997,2.5984764999999967,1.8853438000000002,1.5317491999999997,7.504072353353176
290,pointcloud_1727346201_240059329.csv,122,-16.5234235,2.2260331,3.2012669999999996,1.8318370000000002,2.0892574,1.6544909999999997,6.332033223866497
290,pointcloud_1727346201_240059329.csv,92,-49.447492999999994,2.06006325,3.20776605,4.966534000000003,1.7397539,1.7244872999999998,14.90051338717642
290,pointcloud_1727346201_240059329.csv,128,-5.6104679,1.96726775,2.88275315,1.6337890000000002,1.4607529000000001,0.34878110000000007,0.8323877264624766
290,pointcloud_1727346201_240059329.csv,53,-7.635018500000001,1.9756433,2.6792567,1.1236170000000003,1.5708368,0.6767239999999997,1.194430672216264
290,pointcloud_1727346201_240059329.csv,130,-52.440952499999995,2.37204555,3.7342785999999997,0.8876109999999997,0.8744388999999999,0.5485427999999994,0.42575784989354337
291,pointcloud_1727346201_290470540.csv,65,-28.234045000000002,2.5341426,3.9953512,7.591550000000002,1.8331564,0.14884499999999967,2.0714012145319707
291,pointcloud_1727346201_290470540.csv,53,-7.64368915,2.032598,2.6935494,0.8832797000000001,1.6129146,0.6202292000000003,0.8836124597511889
291,pointcloud_1727346201_290470540.csv,127,-44.593792,2.12869955,3.1110746999999996,2.593283999999997,1.9063621,1.522903,7.528833937225511
291,pointcloud_1727346201_290470540.csv,122,-16.459296,2.16911055,3.1713796,2.3522599999999994,1.8654699000000001,1.6559488,7.266419626673322
291,pointcloud_1727346201_290470540.csv,92,-49.755663,2.04299475,3.2014306,5.744785999999998,1.7589692999999997,1.7366537999999996,17.54871682000945
291,pointcloud_1727346201_290470540.csv,128,-5.555066,1.9566674000000002,2.8886640000000003,1.5463620000000002,1.4819536,0.3226,0.7392820100023124
292,pointcloud_1727346201_389690907.csv,92,-49.328132499999995,2.0469091,3.1957421,5.415754999999997,1.7505036000000003,1.7373389999999995,16.470492531500263
292,pointcloud_1727346201_389690907.csv,65,-28.32560325,2.4087274,4.026419725,7.0575185000000005,1.8137698000000002,0.08055854999999967,1.0312069522183336
292,pointcloud_1727346201_389690907.csv,127,-44.3349705,2.11681165,3.1041284,2.631274999999995,1.9298361,1.5430907999999999,7.835706269851566
292,pointcloud_1727346201_389690907.csv,122,-16.383153999999998,2.13233265,3.15079285,2.2072719999999997,1.8607981,1.6598257000000003,6.817381422461231
292,pointcloud_1727346201_389690907.csv,128,-5.4337778,1.92839525,2.89526,1.8413296,1.5384979,0.3132299999999999,0.8873435420350994
292,pointcloud_1727346201_389690907.csv,53,-7.3126278,1.993224,2.66095945,1.0484275999999992,1.6529448000000002,0.6525290999999998,1.1308283297065354
292,pointcloud_1727346201_389690907.csv,130,-52.4624515,2.3658373,3.7287979,0.8429490000000044,0.8741874000000001,0.5535774,0.4079286366382266
293,pointcloud_1727346201_40840953.csv,92,-50.0069235,2.08933345,3.2197145,5.037498999999997,1.6835139,1.706677,14.473814930298674
293,pointcloud_1727346201_40840953.csv,65,-28.79293,2.4702581583333334,4.03441631,7.282892,1.4977040166666664,0.07741237999999973,0.8443845612379756
293,pointcloud_1727346201_40840953.csv,127,-45.1964975,2.1702193000000003,3.10755925,2.580945,1.9009078000000001,1.5255785,7.484699385965038
293,pointcloud_1727346201_40840953.csv,122,-16.8345475,2.15368445,3.1880507,2.3848529999999997,1.8443051,1.6878252000000002,7.423724537780653
293,pointcloud_1727346201_40840953.csv,128,-6.1056033,2.01766845,2.83249875,2.0320874,1.5634731000000002,0.43711710000000004,1.3887708522571354
293,pointcloud_1727346201_40840953.csv,53,-8.0035322,2.0640533,2.68205785,1.2017056000000004,1.6979518,0.6166410999999998,1.2582180478609122
294,pointcloud_1727346201_439069047.csv,65,-27.868291999999997,2.35343825,4.0115004999999995,7.885116,1.6175645,0.10748299999999977,1.3709116702748225
294,pointcloud_1727346201_439069047.csv,122,-16.2048525,2.09870185,3.15887215,2.363259000000001,1.9056923,1.6324043000000001,7.35176861352665
294,pointcloud_1727346201_439069047.csv,127,-44.233251499999994,2.1132139,3.1021237,2.659191,1.9279650000000002,1.5644312,8.020568391635088
294,pointcloud_1727346201_439069047.csv,53,-7.19569305,2.0351565000000003,2.6839966000000004,1.0695514999999993,1.6510038000000002,0.6946048,1.2265564881679285
294,pointcloud_1727346201_439069047.csv,92,-49.582946,2.0431266,3.1898400000000002,6.123452,1.7576494,1.750518,18.840618206763473
294,pointcloud_1727346201_439069047.csv,128,-5.0940990500000005,1.8967844500000002,2.8861558499999997,1.7141571000000004,1.4901421000000001,0.3164697000000003,0.8083704731879987
295,pointcloud_1727346201_490852942.csv,65,-28.17570275,2.3490869666666665,4.02074215,7.0810955,1.6162609333333333,0.0862816999999998,0.9874852576520656
295,pointcloud_1727346201_490852942.csv,127,-44.141769499999995,2.1053195000000002,3.0975175,2.655953000000004,1.9255499999999999,1.5483094,7.918317947374767
295,pointcloud_1727346201_490852942.csv,92,-49.24187,2.0342035,3.18618465,5.7577,1.7681979999999997,1.7554898999999997,17.872210162373683
295,pointcloud_1727346201_490852942.csv,128,-5.1278877000000005,1.9074952,2.89877585,1.7435646,1.4930376,0.30719629999999976,0.7996957139228844
295,pointcloud_1727346201_490852942.csv,53,-7.1332265,1.99573575,2.6681120500000004,0.9857329999999997,1.7020657,0.7085423,1.1887797500467656
295,pointcloud_1727346201_490852942.csv,122,-16.2352405,2.079414,3.1673159,2.008164999999998,1.8673814,1.6296377999999998,6.111157996072705
295,pointcloud_1727346201_490852942.csv,130,-54.0800555,2.42685975,3.7606876,1.0600430000000003,0.6528199000000003,0.4141336,0.2865875599091382
296,pointcloud_1727346201_542451881.csv,92,-49.412635,2.030936,3.199556,6.29889,1.785468,1.7283099999999996,19.437380569363018
296,pointcloud_1727346201_542451881.csv,65,-27.874808,2.319369175,4.023814359999999,7.492334000000003,1.8244893500000001,0.07994527999999956,1.0928266820854013
296,pointcloud_1727346201_542451881.csv,127,-44.011339,2.1115714,3.09594655,2.6718939999999947,1.9346058,1.5684714999999998,8.10752584743423
296,pointcloud_1727346201_542451881.csv,122,-16.5234325,1.9363999500000002,3.8158733500000004,0.590441000000002,1.5899801000000002,0.29893349999999996,0.28063561312923196
296,pointcloud_1727346201_542451881.csv,53,-6.9372692,1.9915607,2.6602230000000002,1.1093864,1.6564098000000003,0.7064885999999997,1.2982423951219009
296,pointcloud_1727346201_542451881.csv,128,-4.87333105,1.912763,2.90011305,1.2505492999999994,1.4882548,0.3337441000000001,0.621143158750807
296,pointcloud_1727346201_542451881.csv,131,-16.2016215,2.8911968,2.94942545,2.0594029999999997,0.24489040000000006,1.1968847,0.6036224962229295
297,pointcloud_1727346201_591248196.csv,65,-27.948993,2.5559424,3.9904508,7.203722000000003,1.4592908,0.14342699999999997,1.5077512722487698
297,pointcloud_1727346201_591248196.csv,127,-43.888085000000004,2.1004707,3.094491,2.595869999999998,1.9590086000000002,1.5774439999999998,8.021825906372698
297,pointcloud_1727346201_591248196.csv,92,-49.420953,2.02085805,3.18163225,6.544025999999995,1.7890425,1.7570375000000005,20.570587928653293
297,pointcloud_1727346201_591248196.csv,53,-6.8813678,1.8551221500000001,2.7119367,0.9510095999999999,1.4529577,0.5803989999999999,0.8019818271461898
297,pointcloud_1727346201_591248196.csv,122,-16.440084499999998,1.9791145,3.82612945,0.7647790000000008,1.7170086,0.3771105000000001,0.49519591037674543
297,pointcloud_1727346201_591248196.csv,128,-4.7733098,1.8260405,2.9318546999999997,1.6622163999999997,1.3547984,0.2867060000000001,0.6456527715758322
298,pointcloud_1727346201_641285812.csv,65,-27.7355975,2.26363565,4.02518755,7.503757,1.8146791,0.07426090000000052,1.0112040660337687
298,pointcloud_1727346201_641285812.csv,127,-43.7659855,2.0941812,3.0862739,2.6666369999999944,1.9586952,1.5674692000000001,8.18709397940041
298,pointcloud_1727346201_641285812.csv,92,-49.335153500000004,2.02233005,3.1848018,6.744166999999997,1.7969126999999998,1.7544769999999996,21.26194416051139
298,pointcloud_1727346201_641285812.csv,53,-6.5955353,1.9931543999999999,2.6535179500000003,1.2256660000000004,1.6744396000000001,0.6704889,1.3760468414107763
298,pointcloud_1727346201_641285812.csv,131,-16.0537845,2.8280594,3.07918645,2.105642999999999,0.5053581999999999,1.4754963,1.5700814503693568
298,pointcloud_1727346201_641285812.csv,122,-16.3597865,1.818293,3.81298995,0.5984870000000022,1.3107474,0.31922110000000004,0.25041786933286064
298,pointcloud_1727346201_641285812.csv,128,-4.894685,1.86490355,2.8952019,1.567152,1.4858425,0.3329272000000003,0.775234650383364
299,pointcloud_1727346201_690083889.csv,131,-16.0328895,2.7806004,3.0772741000000003,1.5104310000000023,0.4263627999999997,1.4682288,0.9455269999343391
299,pointcloud_1727346201_690083889.csv,127,-43.613083,2.0930295,3.08759665,2.678902000000001,1.9848713999999998,1.5763658999999999,8.38197250928255
299,pointcloud_1727346201_690083889.csv,65,-28.02188525,2.61171385,4.02469945,6.778229500000002,1.6724166999999999,0.07408769999999976,0.8398599610286264
299,pointcloud_1727346201_690083889.csv,92,-49.2916775,2.0136113,3.1806776500000002,6.771275000000003,1.8071928000000002,1.7590975000000002,21.52607509922051
299,pointcloud_1727346201_690083889.csv,53,-6.6167926999999995,1.98481775,2.63367345,0.9568825999999993,1.6952663,0.6733994999999999,1.092369022359405
299,pointcloud_1727346201_690083889.csv,122,-16.27416375,1.6691355,3.79331305,0.6194524999999995,1.0632670000000002,0.2730874999999999,0.17986727985729264
299,pointcloud_1727346201_690083889.csv,128,-4.4905387,1.884068,2.8918586,1.4089606000000003,1.4549503999999998,0.3157939999999999,0.6473675278186976
300,pointcloud_1727346201_739748239.csv,65,-27.7020425,2.5020216875,4.0178893,7.286954999999999,1.3810465749999996,0.08751539999999958,0.8807221012446658
300,pointcloud_1727346201_739748239.csv,92,-48.9796045,2.00917195,3.17800405,6.420856999999998,1.8296857000000002,1.7636933000000004,20.72013385623664
300,pointcloud_1727346201_739748239.csv,127,-43.5138395,2.0892973,3.0824561,2.6516109999999955,1.9893546,1.5935677999999998,8.40606144453508
300,pointcloud_1727346201_739748239.csv,53,-6.3839416,1.96083535,2.6598637,1.0809288000000006,1.7016961000000002,0.7443108,1.3690944579133282
300,pointcloud_1727346201_739748239.csv,122,-16.2211025,1.7489246,3.81766345,0.5858670000000004,1.2986524,0.3044476999999999,0.23163525301885013
300,pointcloud_1727346201_739748239.csv,128,-4.3564053,1.8850270500000001,2.91904665,1.4653205999999996,1.5145843,0.28370810000000013,0.6296480186395403
300,pointcloud_1727346201_739748239.csv,131,-15.9492515,2.8053733999999997,3.1505954999999997,2.004951000000002,0.47227620000000003,1.693769,1.603814011518028
301,pointcloud_1727346201_807183760.csv,65,-27.531844999999997,2.49138735,3.9891159,7.533196,1.4258808999999997,0.14272820000000008,1.5331064383355033
301,pointcloud_1727346201_807183760.csv,92,-48.912159,2.00376905,3.1729473500000003,6.5323100000000025,1.8188799000000002,1.7746353000000004,21.085306884794953
301,pointcloud_1727346201_807183760.csv,127,-43.381321,2.08389445,3.07882495,2.667190000000005,1.9824990999999998,1.5861969,8.387336162882415
301,pointcloud_1727346201_807183760.csv,131,-15.848057,2.596688,3.14727595,1.996842000000001,0.874314,1.7325249,3.0247579047284296
301,pointcloud_1727346201_807183760.csv,128,-4.0685424,1.8612336000000003,2.8967384999999997,1.2619512000000004,1.5075442000000001,0.3158264000000002,0.6008430542327557
301,pointcloud_1727346201_807183760.csv,53,-6.20107,1.9751612,2.6569380999999996,1.1933040000000004,1.6276247999999998,0.7263584000000001,1.4107704626547268
301,pointcloud_1727346201_807183760.csv,122,-16.1831395,1.4729654,3.8401036499999996,0.5949110000000015,0.7507173999999999,0.2946776999999998,0.13160601913404474
302,pointcloud_1727346201_844891682.csv,65,-27.679327999999998,2.4684994666666666,4.020304825,7.018362,1.3991926333333335,0.07939695000000002,0.7796812573090025
302,pointcloud_1727346201_844891682.csv,127,-43.258255,2.08285095,3.0774555,2.6608420000000024,2.0143781,1.6142178,8.652113545044815
302,pointcloud_1727346201_844891682.csv,92,-49.135938499999995,2.0003414,3.16490625,7.231456999999999,1.8364496,1.7902674999999997,23.77512175915956
302,pointcloud_1727346201_844891682.csv,53,-6.15675165,1.9241106499999998,2.6443760000000003,1.0036201,1.6963462999999999,0.7247939999999997,1.2339525389773487
302,pointcloud_1727346201_844891682.csv,128,-4.111207,1.8470610500000002,2.88503715,1.1331767999999998,1.5369151,0.3191657000000001,0.5558578771756393
302,pointcloud_1727346201_844891682.csv,131,-15.8186095,2.8795504000000003,2.9007289,2.0036229999999993,0.3162107999999999,1.1657661999999998,0.7385912641765356
302,pointcloud_1727346201_844891682.csv,122,-16.131652000000003,1.9568010500000002,3.8327340999999997,0.6630220000000016,1.6315519,0.30529300000000026,0.3302521693292757
303,pointcloud_1727346201_890958615.csv,65,-27.700139999999998,2.2386019,4.002015675,6.876296,1.8207706000000001,0.1145726499999995,1.434467633927551
303,pointcloud_1727346201_890958615.csv,92,-49.039507,1.9957140999999998,3.1573595,7.254086000000001,1.8450643999999998,1.802921,24.13075591093772
303,pointcloud_1727346201_890958615.csv,127,-43.154444999999996,2.07568705,3.06507705,2.667729999999999,2.0253407,1.6210885000000004,8.758841909035317
303,pointcloud_1727346201_890958615.csv,122,-16.066129500000002,1.9132522,3.8659057500000005,0.5683970000000009,1.6261636,0.30413250000000014,0.28111165018456413
303,pointcloud_1727346201_890958615.csv,128,-3.8895128999999997,1.8200196000000002,2.8846357,1.3230742000000002,1.4874560000000001,0.3319878000000003,0.6533568564232688
303,pointcloud_1727346201_890958615.csv,53,-5.9254618,1.9110577000000002,2.6454444,1.0995884,1.6848988000000003,0.6873122,1.2733799971080824
303,pointcloud_1727346201_890958615.csv,131,-15.743006000000001,2.9024021500000003,2.9049313000000003,2.0012240000000006,0.24077890000000002,1.292913,0.6229933786234015
304,pointcloud_1727346201_941478196.csv,127,-43.010015499999994,2.08268045,3.0714746,2.6497850000000014,2.0212951,1.6035968,8.588860350065401
304,pointcloud_1727346201_941478196.csv,65,-27.5002225,2.4861948055555554,4.0145003500000005,7.073115000000001,1.466809211111111,0.08855009999999996,0.9186993386451483
304,pointcloud_1727346201_941478196.csv,92,-48.7540245,1.99164725,3.1547855,6.9422990000000055,1.8555631,1.8050230000000003,23.252078588786908
304,pointcloud_1727346201_941478196.csv,53,-5.79607,1.87784635,2.61658215,1.0428199999999999,1.4919241,0.6992316999999999,1.0878704754642219
304,pointcloud_1727346201_941478196.csv,122,-15.950227,1.88616815,3.83364415,0.596546,1.6416877000000003,0.30407470000000014,0.29779319499262913
304,pointcloud_1727346201_941478196.csv,128,-3.9388303000000002,1.7398875999999999,2.9156523500000002,1.1541614,1.3495313999999998,0.2925473000000003,0.45566496051009214
304,pointcloud_1727346201_941478196.csv,132,-53.6648905,2.27022645,3.889348,1.0740130000000008,0.9609275000000002,0.13924499999999984,0.14370761107462154
305,pointcloud_1727346201_990792034.csv,65,-28.225576500000003,2.4157928928571426,3.999331475,5.525504999999999,1.4457853857142857,0.11498165000000027,0.918553260892661
305,pointcloud_1727346201_990792034.csv,92,-48.887613,1.9858905,3.1646701999999998,7.511654,1.8560645999999998,1.7786535999999997,24.798193173050677
305,pointcloud_1727346201_990792034.csv,127,-42.902938000000006,2.07315345,3.06269265,2.7043159999999986,2.0461421,1.6121883000000001,8.920906630727874
305,pointcloud_1727346201_990792034.csv,133,-24.7218905,2.0680033,4.04691635,1.103777000000001,1.8903138000000002,0.019320699999999746,0.040312348715126796
305,pointcloud_1727346201_990792034.csv,122,-15.9131475,1.8708423,3.8631944000000003,0.5976469999999985,1.6002599999999998,0.3280771999999996,0.3137699462895694
305,pointcloud_1727346201_990792034.csv,128,-3.2564745,1.77896185,2.89068085,0.9887905999999997,1.2732177,0.33929829999999983,0.42715813360149196
305,pointcloud_1727346201_990792034.csv,53,-5.7111540000000005,1.8146210000000003,2.6383915,0.8321972000000004,1.443491,0.7803344000000001,0.937391655781578
306,pointcloud_1727346202_140524947.csv,65,-27.106442,2.1298235666666665,3.98966865,7.305835999999999,2.1223737333333323,0.12728930000000016,1.9737115353415862
306,pointcloud_1727346202_140524947.csv,127,-42.518495,2.0589026500000003,3.05630115,2.6745499999999964,2.0718453,1.6361257,9.06618782948871
306,pointcloud_1727346202_140524947.csv,92,-48.542835,1.9660462,3.1388222499999996,7.481833999999999,1.8834284,1.8285554999999998,25.767087340839616
306,pointcloud_1727346202_140524947.csv,53,-5.0614270999999995,1.7960867,2.6314504000000003,1.1287670000000007,1.4669416000000002,0.6906724,1.1436397192498493
306,pointcloud_1727346202_140524947.csv,128,-3.07411385,1.7387671500000002,2.89999435,0.8540076999999999,1.2179069000000002,0.29356669999999996,0.3053392737815599
306,pointcloud_1727346202_140524947.csv,122,-15.723307,1.91938345,3.8670731,0.6702380000000012,1.7470629,0.3114585999999999,0.36470180730183754
307,pointcloud_1727346202_190282993.csv,65,-27.157899999999998,2.10543645,3.98515415,7.076156000000001,2.1481788999999996,0.13450909999999983,2.044652519881489
307,pointcloud_1727346202_190282993.csv,127,-42.44194,2.05568695,3.0493197,2.6443200000000004,2.0752745,1.6389314000000001,8.993947234586965
307,pointcloud_1727346202_190282993.csv,92,-48.688644,1.9666358000000002,3.13787485,8.077028000000006,1.8846076,1.8269553000000003,27.80996537847938
307,pointcloud_1727346202_190282993.csv,53,-4.98453915,1.8325565,2.5907071,0.9185717000000002,1.6126741999999998,0.721787,1.0692241393840343
307,pointcloud_1727346202_190282993.csv,128,-2.83348845,1.7973395499999998,2.8666361,1.1034509,1.3996378999999999,0.37091980000000024,0.5728602974368256
307,pointcloud_1727346202_190282993.csv,131,-15.601213999999999,2.8677282,2.7080283,0.8642939999999992,0.10633239999999988,0.7510881999999999,0.06902684974608517
307,pointcloud_1727346202_190282993.csv,122,-15.6416235,1.9460056,3.8362441,0.7747729999999997,1.7289738000000001,0.33286099999999985,0.4458880194281892
308,pointcloud_1727346202_242455186.csv,65,-26.971918000000002,2.1826098000000003,3.98665075,7.269276000000001,2.0967932000000005,0.12807989999999947,1.9522154154345717
308,pointcloud_1727346202_242455186.csv,127,-42.3088915,2.0546096499999997,3.0478449000000003,2.666350999999999,2.0668861,1.6585931999999999,9.14057980412558
308,pointcloud_1727346202_242455186.csv,92,-48.1663,1.9636533,3.1382475,7.238119999999995,1.8932042,1.8240661999999999,24.995615426239663
308,pointcloud_1727346202_242455186.csv,53,-4.9157333,1.8349674,2.5761916,0.7031554,1.5596079999999999,0.7098908000000002,0.7784994649999226
308,pointcloud_1727346202_242455186.csv,128,-2.7990017,1.78983845,2.8767902999999997,0.8229446,1.4589974999999997,0.34879740000000004,0.4187920092239323
308,pointcloud_1727346202_242455186.csv,122,-15.56567325,1.9947146999999998,3.86408715,0.7064254999999999,1.7378129999999998,0.34565170000000034,0.424334269015408
309,pointcloud_1727346202_291984477.csv,65,-26.9986785,2.32531915,3.9728055,7.098587000000002,1.6849824999999996,0.1536970000000002,1.8383690284925098
309,pointcloud_1727346202_291984477.csv,127,-42.1676665,2.0457585,3.04868265,2.6637869999999992,2.0805402,1.6578312999999998,9.18789326980991
309,pointcloud_1727346202_291984477.csv,92,-48.348185,1.967473,3.13004205,7.846180000000004,1.8841786000000003,1.8391246999999997,27.18889209488322
309,pointcloud_1727346202_291984477.csv,122,-15.467331000000001,1.9119586,3.84878595,0.7032100000000003,1.6676052000000001,0.3481760999999999,0.4082979834953552
309,pointcloud_1727346202_291984477.csv,53,-4.6580333,1.8104171999999998,2.61623355,0.8700485999999996,1.564115,0.7882495,1.0726941135877959
309,pointcloud_1727346202_291984477.csv,128,-2.5429401499999997,1.78100215,2.85941005,0.7598762999999997,1.5087048999999997,0.40372129999999995,0.46283784548097245
309,pointcloud_1727346202_291984477.csv,134,-53.239029,2.3198359,3.7295322,1.136810000000004,0.8826322,0.44994159999999983,0.45146470238640257
310,pointcloud_1727346202_340642442.csv,65,-26.822112249999996,2.34211885,3.93093395,7.288802499999999,1.5884473000000001,0.23476209999999975,2.7180471057380275
310,pointcloud_1727346202_340642442.csv,127,-42.033514,2.04156245,3.04664515,2.6225020000000043,2.0849655,1.6598872999999998,9.075975257498447
310,pointcloud_1727346202_340642442.csv,92,-48.328291,1.9603443,3.12970755,8.005129999999994,1.9017796000000002,1.8368239000000002,27.963794066057403
310,pointcloud_1727346202_340642442.csv,53,-4.3979596999999995,1.8458633,2.598315,0.9803065999999996,1.6799178000000001,0.7752803999999998,1.2767585151637522
310,pointcloud_1727346202_340642442.csv,122,-15.439813000000001,1.9305707,3.8462338,0.7332100000000015,1.8493078,0.3071766,0.4165102658253288
310,pointcloud_1727346202_340642442.csv,131,-15.0348735,2.8941364,2.7172449,2.0964730000000014,0.2446594000000002,1.0090042000000001,0.5175402770045371
310,pointcloud_1727346202_340642442.csv,134,-53.250885999999994,2.32228735,3.7322769,1.1839119999999994,0.8746743000000001,0.4554309999999999,0.47161583355636805
310,pointcloud_1727346202_340642442.csv,128,-2.4400272,1.77047255,2.88139275,0.6840782000000001,1.4942789,0.34424449999999984,0.3518879741373744
311,pointcloud_1727346202_391060876.csv,65,-26.653931,2.2671808,3.9714353499999997,7.504097999999999,1.8071578000000001,0.15216869999999982,2.063573319118537
311,pointcloud_1727346202_391060876.csv,92,-48.211916,1.95860745,3.13232395,8.095272000000001,1.8983059,1.8297314999999998,28.118037636711765
311,pointcloud_1727346202_391060876.csv,127,-41.971793500000004,2.04106568,3.04217385,2.6899270000000044,2.09875104,1.6706629,9.431705831643876
311,pointcloud_1727346202_391060876.csv,128,-2.3932637999999997,1.6825918,2.886224,1.2163716,1.2803510000000002,0.35285600000000006,0.5495317927407568
311,pointcloud_1727346202_391060876.csv,53,-4.2007084,1.83519685,2.59101775,1.1422424000000002,1.6408127,0.7376774999999998,1.3825594758798394
311,pointcloud_1727346202_391060876.csv,131,-15.2383995,2.90323915,2.58903385,1.5307689999999994,0.10898090000000016,0.7441420999999999,0.12414119575749116
311,pointcloud_1727346202_391060876.csv,122,-15.4321185,1.9574857,3.8690257,0.7744509999999991,1.8615618,0.3367014000000004,0.4854185018261817
311,pointcloud_1727346202_391060876.csv,134,-53.2759915,2.4649608,3.7260652,1.084729000000003,0.5984816,0.4400033999999997,0.28564596014119803
312,pointcloud_1727346202_41187433.csv,65,-27.379791750000003,2.3890836666666666,4.00137925,7.035486500000001,1.4650135333333332,0.10850849999999967,1.1184061087700639
312,pointcloud_1727346202_41187433.csv,127,-42.793962500000006,2.06971405,3.056272,2.623004999999999,2.0524348999999997,1.6249379999999998,8.747930103006755
312,pointcloud_1727346202_41187433.csv,92,-48.6240815,1.9793781,3.1581745999999997,7.225622999999999,1.8691028,1.7924348,24.207606630343882
312,pointcloud_1727346202_41187433.csv,122,-15.345175000000001,2.1222496,3.1353139499999996,2.3745759999999994,1.8899736,1.7780894999999997,7.979862887014849
312,pointcloud_1727346202_41187433.csv,53,-5.5245008,1.91240635,2.6309464,0.8841916000000003,1.7034260999999997,0.7752841999999998,1.1676982121164694
312,pointcloud_1727346202_41187433.csv,128,-3.19119455,1.8438123499999999,2.8966162,1.2584838999999999,1.4609921000000001,0.3266023999999996,0.6005026154415757
313,pointcloud_1727346202_442247653.csv,127,-41.8292785,2.040503725,3.0384123,2.595196999999999,2.10276935,1.6865126,9.20346910488028
313,pointcloud_1727346202_442247653.csv,65,-26.799120000000002,2.3385022055555558,3.8376472,7.055620000000001,1.7630826111111113,0.4196010000000001,5.2196857749631596
313,pointcloud_1727346202_442247653.csv,92,-48.1837425,1.9561007,3.1214338,8.270791000000003,1.8993512,1.8521623999999997,29.095872537418195
313,pointcloud_1727346202_442247653.csv,128,-4.08766085,1.7470085499999999,2.5728037,0.8599262999999997,1.5271744999999999,0.7368226,0.9676378183218423
313,pointcloud_1727346202_442247653.csv,122,-15.2519965,1.9599315,3.8531356,0.627319,1.576565,0.32555200000000006,0.3219739163183128
313,pointcloud_1727346202_442247653.csv,135,-1.9903898500000001,1.5676689499999998,2.8944903,1.1940937,1.1162328999999998,0.2698594000000001,0.35969199801182583
313,pointcloud_1727346202_442247653.csv,134,-53.3426575,2.46023985,3.7281379,1.1159549999999996,0.6079992999999999,0.43580620000000003,0.29569444517789234
314,pointcloud_1727346202_491383652.csv,65,-26.752532,2.31094174375,3.76983215,7.024025999999999,1.6566454874999998,0.5543537000000001,6.45063758797796
314,pointcloud_1727346202_491383652.csv,127,-41.6911235,2.03452025,3.0372593500000002,2.664472999999994,2.1138475000000003,1.6941047,9.541688265955585
314,pointcloud_1727346202_491383652.csv,92,-48.1373805,1.9560372,3.11945375,8.408451,1.9108359999999998,1.8550944999999999,29.806120320839465
314,pointcloud_1727346202_491383652.csv,128,-3.92288585,1.80691365,2.5632048000000003,0.7862817,1.6216427000000002,0.7099236000000002,0.9052008498599076
314,pointcloud_1727346202_491383652.csv,122,-15.200588499999999,1.9618193,3.86321805,0.7106089999999998,1.8176744,0.34248309999999993,0.4423702783077255
314,pointcloud_1727346202_491383652.csv,135,-1.88655565,1.6395589999999998,2.8812344000000003,1.1832943,1.3284939999999998,0.2985272000000001,0.46928457265165957
314,pointcloud_1727346202_491383652.csv,131,-15.0363175,2.86789585,2.7403784,1.6706009999999996,0.2800813,1.0972958000000004,0.5134292035805851
315,pointcloud_1727346202_541604213.csv,65,-26.3405985,2.3434157625000003,3.75311995,7.725148999999998,1.8637237250000003,0.5876475000000001,8.460680426557158
315,pointcloud_1727346202_541604213.csv,127,-41.571961,2.031443,3.0373134999999998,2.654297999999997,2.1282776,1.6876897999999998,9.533899719847147
315,pointcloud_1727346202_541604213.csv,92,-48.577835,1.95605002,3.1214690000000003,9.478713999999997,1.9148871599999997,1.8509808000000003,33.59653747894909
315,pointcloud_1727346202_541604213.csv,128,-3.7431430999999997,1.755827525,2.6192169,0.7576445999999999,1.55723735,0.7330752,0.8649059232855585
315,pointcloud_1727346202_541604213.csv,122,-15.1182415,1.8733993500000001,3.8492064,0.653727,1.7426059,0.31529519999999955,0.35918067451785524
315,pointcloud_1727346202_541604213.csv,135,-1.5696411000000001,1.7317822,2.8478961,0.3408507999999999,1.4367352000000002,0.3461789999999998,0.1695281289478964
316,pointcloud_1727346202_590797073.csv,65,-26.59414875,2.292403175,3.1179864000000004,7.042453500000001,1.67822495,1.8571458,21.949274102229843
316,pointcloud_1727346202_590797073.csv,127,-41.446666500000006,2.03191635,3.0219449999999997,2.6703410000000005,2.1439022999999997,1.7228287999999998,9.863109103255807
316,pointcloud_1727346202_590797073.csv,128,-3.4962244,1.7990475,2.5606543999999998,0.8223399999999996,1.5488486000000001,0.8105064,1.032325919388311
316,pointcloud_1727346202_590797073.csv,92,-48.836325,1.93599302,3.11756945,10.222659999999998,1.95197596,1.8577319,37.069900470918505
316,pointcloud_1727346202_590797073.csv,122,-14.9708795,1.8492860850000001,3.84378775,0.6932089999999995,1.72997523,0.34586450000000024,0.41477260586662884
316,pointcloud_1727346202_590797073.csv,135,-1.3427877650000002,1.53422785,2.8144114,0.7277088700000001,1.1332616999999998,0.4121804,0.3399188246422052
317,pointcloud_1727346202_641809139.csv,65,-26.3877795,2.2892387125,3.1024163,7.329032999999999,1.821199025,1.8872513999999998,25.19032916502436
317,pointcloud_1727346202_641809139.csv,127,-41.3699645,2.0324881,3.00564435,2.7036209999999983,2.143271,1.7489873,10.134668663700403
317,pointcloud_1727346202_641809139.csv,131,-14.873226500000001,2.84509515,2.8458755,1.562367,0.2657170999999998,1.2477517999999996,0.5180012005715102
317,pointcloud_1727346202_641809139.csv,92,-48.009064,1.93915305,3.09934835,8.80574,1.9500911000000003,1.8928827000000004,32.50457264407891
317,pointcloud_1727346202_641809139.csv,122,-14.984631499999999,1.9791115499999998,3.8561864000000003,0.662768999999999,1.7649657,0.2963018000000006,0.3466033423406977
317,pointcloud_1727346202_641809139.csv,135,-1.1541624,1.6233645,2.8797667000000002,0.7895222,1.3122030000000002,0.31791539999999996,0.32936461427770897
317,pointcloud_1727346202_641809139.csv,128,-3.27274135,1.7919002499999999,2.5413832000000003,0.8395729000000003,1.6259314999999999,0.8168983999999999,1.115138223200933
318,pointcloud_1727346202_691866889.csv,65,-26.229586,2.2047077625,3.09750965,7.503124,2.1044353250000003,1.8981099000000001,29.970850092505525
318,pointcloud_1727346202_691866889.csv,127,-41.235902499999995,2.02745055,2.9982598,2.6630350000000007,2.1507945,1.7537284,10.044726741609255
318,pointcloud_1727346202_691866889.csv,92,-48.439153000000005,1.9334601249999999,3.08500455,9.945513999999996,1.96050575,1.9218259,37.47221760835345
318,pointcloud_1727346202_691866889.csv,122,-14.9217455,1.9506693,3.6626005,0.7131550000000004,1.7816210000000001,0.7501850000000001,0.9531639989972379
318,pointcloud_1727346202_691866889.csv,128,-3.0999985,1.7556537149999998,2.5277333,0.7884026,1.5315615699999998,0.7963018000000002,0.9615241701970506
318,pointcloud_1727346202_691866889.csv,135,-1.067709,1.424607135,2.8878572,0.19974900000000007,0.89998693,0.30416440000000033,0.05468008717413108
319,pointcloud_1727346202_765720463.csv,127,-41.1016625,2.025187,2.9925420000000003,2.6674250000000015,2.1753382,1.7664779999999998,10.250079565322524
319,pointcloud_1727346202_765720463.csv,65,-26.262946999999997,2.09558772,3.09080195,7.29467,2.18483204,1.9093051,30.42979582989369
319,pointcloud_1727346202_765720463.csv,128,-2.738657,1.74303425,2.5529881000000003,1.0343437999999998,1.6071675,0.8874054,1.4751905589182917
319,pointcloud_1727346202_765720463.csv,92,-47.7717635,1.93309915,3.08072765,8.801393000000004,1.9621761000000002,1.9284506999999995,33.304117943504664
319,pointcloud_1727346202_765720463.csv,122,-14.998205500000001,1.9477476,3.7331705,0.9396889999999996,1.9091775999999998,0.5950384,1.0675186387854945
319,pointcloud_1727346202_765720463.csv,135,-0.622625355,1.603260315,2.8901605999999997,0.49855423,1.3087473699999999,0.34530079999999996,0.22530239682005618
319,pointcloud_1727346202_765720463.csv,136,-52.929132499999994,2.30862085,3.8613028500000004,0.990985000000002,0.9304103000000001,0.16177470000000005,0.14915993778226827
319,pointcloud_1727346202_765720463.csv,131,-14.5877105,2.80412865,2.7349873000000002,1.277830999999999,0.19381049999999966,1.0458497999999996,0.25901209192550545
320,pointcloud_1727346202_800849040.csv,65,-27.13337,2.1709046633333333,3.08182195,5.432310000000001,2.487157406666667,1.9264469000000002,26.028243430177067
320,pointcloud_1727346202_800849040.csv,92,-48.33292,1.9247004,3.07291815,10.202972000000003,1.9812395999999999,1.9434370999999997,39.28567176683813
320,pointcloud_1727346202_800849040.csv,127,-40.992958,2.0285315,2.9869189,2.6896520000000024,2.186819,1.7752476000000001,10.441619551400922
320,pointcloud_1727346202_800849040.csv,122,-14.7028595,1.9234148,3.658119,0.9619070000000001,1.9141748,0.736488,1.3560645245288896
320,pointcloud_1727346202_800849040.csv,128,-2.602128,1.7320534,2.53937745,0.9586240000000004,1.5930002,0.8806891000000001,1.3448899533727936
320,pointcloud_1727346202_800849040.csv,137,-23.326641000000002,2.5284855000000004,4.0383417,0.6028219999999997,0.906139,0.012995399999999435,0.0070986141089421015
320,pointcloud_1727346202_800849040.csv,131,-14.673921,2.8929478,2.61152625,1.5657560000000004,0.14014840000000017,0.8872991000000003,0.19470731575996392
320,pointcloud_1727346202_800849040.csv,135,-0.566595065,1.56548645,2.88838245,0.21825786999999996,0.9976483000000003,0.2874641000000002,0.06259375344715983
321,pointcloud_1727346202_840356821.csv,65,-26.218604999999997,2.0566058,3.0757066999999996,7.111428,2.2588444,1.9352698,31.08741798400206
321,pointcloud_1727346202_840356821.csv,92,-48.275938,1.9275178800000001,3.07704355,10.310848,1.98274324,1.9314117,39.48532531126805
321,pointcloud_1727346202_840356821.csv,127,-40.881164999999996,2.024433115,2.9828520000000003,2.626330000000003,2.19846817,1.7819480000000003,10.28879474073724
321,pointcloud_1727346202_840356821.csv,131,-14.5969735,2.910606,2.54985855,1.4819189999999995,0.15248560000000033,0.9084721,0.20528862859713531
321,pointcloud_1727346202_840356821.csv,122,-14.641299,1.8058770499999999,3.85037185,0.7325900000000001,1.7543499,0.33518130000000035,0.4307814399754701
321,pointcloud_1727346202_840356821.csv,128,-2.6089830000000003,1.7427445499999998,2.5274191,0.4232960000000001,1.6153981,0.8586178000000002,0.5871155998722073
322,pointcloud_1727346202_890159174.csv,92,-47.43688,1.92721105,3.0665799,8.849026000000002,1.9796791,1.9519502000000002,34.19471611944548
322,pointcloud_1727346202_890159174.csv,127,-40.745521999999994,2.026039125,2.9768511999999996,2.632415999999999,2.19936515,1.7805724,10.308880331281996
322,pointcloud_1727346202_890159174.csv,65,-26.1377735,2.07827835,3.0660827,7.114917000000002,2.3016773,1.9542593999999998,32.003426722276444
322,pointcloud_1727346202_890159174.csv,122,-14.6780885,1.9035536,3.6742901999999997,0.7250370000000004,1.7580268,0.7133283999999995,0.9092329720572546
322,pointcloud_1727346202_890159174.csv,128,-2.2484894,1.70496475,2.5214296000000003,0.6546859999999999,1.5483777,0.8277807999999998,0.8391223926993451
322,pointcloud_1727346202_890159174.csv,136,-52.576505499999996,2.2595954000000003,3.6647663,1.7862210000000047,1.0705084,0.5462094,1.044442270541045
323,pointcloud_1727346202_90470950.csv,127,-42.670509,2.0548526,3.05345105,2.670653999999999,2.0493762,1.6410827000000001,8.981932389794602
323,pointcloud_1727346202_90470950.csv,65,-27.219741,2.427705254166667,3.9966471500000003,7.239404,1.5329097583333335,0.11516430000000044,1.2780188942573363
323,pointcloud_1727346202_90470950.csv,92,-48.5837485,1.9738375000000001,3.1446614000000004,7.348936999999999,1.8715046,1.8138732000000002,24.947230940106905
323,pointcloud_1727346202_90470950.csv,137,-24.6440075,1.3934210999999999,4.04804065,0.8694969999999991,0.7034738,0.012676700000000096,0.007753936282461059
323,pointcloud_1727346202_90470950.csv,122,-15.798064,1.94514735,3.84003255,0.6591820000000013,1.7908833,0.3561621000000006,0.42045578259752325
323,pointcloud_1727346202_90470950.csv,128,-3.31434345,1.8182398000000002,2.8994784,0.9854947000000003,1.512891,0.33127879999999976,0.49391882234295365
323,pointcloud_1727346202_90470950.csv,138,-5.3661165,1.9168639,2.6126994999999997,0.8872089999999995,1.6364922000000002,0.7659530000000001,1.1120952861360778
323,pointcloud_1727346202_90470950.csv,131,-15.5506545,2.9033628499999997,2.6872115,1.419694999999999,0.12302089999999977,0.870101,0.15196501613200378
324,pointcloud_1727346202_941074715.csv,65,-26.195950500000002,2.0397387499999997,3.0610219499999998,6.840365000000002,2.2515685,1.9615481,30.210881850621096
324,pointcloud_1727346202_941074715.csv,139,-40.652584000000004,2.0189163,2.9719441,2.6708599999999976,2.2097434,1.7991510000000002,10.618436737129722
324,pointcloud_1727346202_941074715.csv,135,0.08993720849999999,1.3738712199999998,2.8804364,0.137771603,0.86224916,0.3272331999999998,0.03887316044176046
324,pointcloud_1727346202_941074715.csv,128,-2.01047515,1.7297944,2.4919536,0.6509017000000001,1.5452378000000002,0.8274236000000004,0.8322209283294312
324,pointcloud_1727346202_941074715.csv,92,-48.173238,1.92866045,3.06063675,10.592756000000001,1.9896350999999997,1.9613299,41.3364381198265
324,pointcloud_1727346202_941074715.csv,122,-14.620829,1.9540882000000002,3.8459169500000003,0.7824740000000006,1.8711562,0.27977229999999986,0.40962331875675895
324,pointcloud_1727346202_941074715.csv,131,-14.52317525,2.87855665,2.5135851000000002,0.9586314999999992,0.0958717,0.6132545999999999,0.056361551331450994
325,pointcloud_1727346203_141682334.csv,65,-25.75013,2.0483349,3.0527944499999995,7.105720000000002,2.2651702,1.9722260999999999,31.744290991569034
325,pointcloud_1727346203_141682334.csv,139,-40.1788235,2.0240453499999997,2.9606316,2.7223630000000014,2.2309587,1.8257556,11.088689061469092
325,pointcloud_1727346203_141682334.csv,92,-47.782944,1.917466875,3.04397175,10.722076000000001,2.01223325,1.9868778999999996,42.86752219427524
325,pointcloud_1727346203_141682334.csv,128,-1.12452222,1.69020465,2.48945855,0.4323177600000001,1.5115267000000001,0.8307943,0.5428907079617072
325,pointcloud_1727346203_141682334.csv,131,-14.340240999999999,2.8911919,2.5104487,1.15123,0.11804620000000021,0.9130729999999998,0.12408509296999651
325,pointcloud_1727346203_141682334.csv,122,-14.390926,1.950894335,3.7957858499999997,0.975200000000001,1.91964193,0.4835223000000002,0.9051705770770232
326,pointcloud_1727346203_191884475.csv,65,-26.4446985,2.061061985,3.0411300500000005,5.608546999999998,2.3030288299999997,1.9925833000000002,25.737491986619204
326,pointcloud_1727346203_191884475.csv,139,-40.0667555,2.02088725,2.9577739,2.693379,2.2329791,1.8250566,10.976363110126764
326,pointcloud_1727346203_191884475.csv,92,-47.957752,1.916685,3.0409756000000003,11.303436000000005,2.005594,1.9922048,45.16348885178077
326,pointcloud_1727346203_191884475.csv,128,-0.8598032,1.737302525,2.47034885,0.42603880000000005,1.53777835,0.8132752999999999,0.5328199501654541
326,pointcloud_1727346203_191884475.csv,122,-14.226087,1.84158265,3.8688243499999997,0.6969180000000001,1.8092963000000002,0.29955929999999986,0.3777236552793353
327,pointcloud_1727346203_248743972.csv,65,-25.620156,2.074306825,3.04187815,7.104448000000001,2.33023235,1.9907797,32.957386916251934
327,pointcloud_1727346203_248743972.csv,139,-39.93795,2.01973293,2.9586482,2.6797339999999963,2.22980494,1.8261775999999998,10.911929997301076
327,pointcloud_1727346203_248743972.csv,92,-47.2181535,1.9132034500000001,3.0400216,10.131107,2.0089359,1.9918388,40.539386299187356
327,pointcloud_1727346203_248743972.csv,128,-0.513394365,1.660333775,2.50655245,0.61756327,1.4972484500000003,0.9045852999999999,0.8364208615993597
327,pointcloud_1727346203_248743972.csv,122,-14.0743955,1.8716984349999999,3.85322575,0.615825000000001,1.86332713,0.30899250000000045,0.3545637736924426
327,pointcloud_1727346203_248743972.csv,131,-14.183807,2.8928765,2.4583711499999996,1.0498119999999993,0.12402899999999972,0.7825937000000001,0.10189928162712945
327,pointcloud_1727346203_248743972.csv,140,-52.7610625,2.2548348999999996,3.5357823,0.6973050000000001,1.0697231999999999,0.7743426000000002,0.5776002153803296
328,pointcloud_1727346203_291087630.csv,65,-25.526533,2.07540655,3.0448651,7.113362000000002,2.3367185,1.9821557999999997,32.94724421855722
328,pointcloud_1727346203_291087630.csv,139,-39.808424,2.01300608,2.9539244,2.700420000000001,2.22232124,1.8367934000000004,11.02296587993616
328,pointcloud_1727346203_291087630.csv,92,-47.136134999999996,1.91229717,3.0417146500000003,10.10389,2.02085766,1.9878979000000006,40.58993999131765
328,pointcloud_1727346203_291087630.csv,122,-14.0166675,1.92417965,3.8662158,0.6432549999999999,1.8162452999999998,0.3112604000000001,0.36364828634028207
328,pointcloud_1727346203_291087630.csv,128,-0.40658474,1.70424555,2.5070517,0.31077003999999997,1.4793129,0.8823218000000002,0.4056263857394113
328,pointcloud_1727346203_291087630.csv,140,-52.571725,2.2541604,3.5338876,1.0526899999999983,1.0898494,0.7895121999999999,0.9057864762149871
329,pointcloud_1727346203_342127694.csv,65,-25.359635500000003,2.0488651,3.0401771,7.307565,2.2994638,1.9926428000000005,33.48333579552968
329,pointcloud_1727346203_342127694.csv,139,-39.724297,2.01325375,2.9542832,2.700485999999998,2.2286345,1.8428898,11.091241091645818
329,pointcloud_1727346203_342127694.csv,92,-47.529735,1.9110659,3.0344932,11.139630000000004,2.0210912,2.0040756,45.12017523530626
329,pointcloud_1727346203_342127694.csv,122,-14.087883999999999,1.946241975,3.6811287,0.9375739999999997,1.9175188500000002,0.7024406000000001,1.2628588220749994
329,pointcloud_1727346203_342127694.csv,128,-0.08598042,1.6386059499999999,2.47955965,0.47753716,1.4414612999999998,0.8490042999999998,0.5844132437094122
329,pointcloud_1727346203_342127694.csv,140,-53.6676175,2.34724545,3.7262449,0.8813549999999992,0.8784365000000001,0.3274918000000002,0.2535488679192393
329,pointcloud_1727346203_342127694.csv,131,-13.927415,2.8615254500000002,2.3037865,0.9008700000000012,0.10045550000000025,0.5276875999999997,0.047754327467500725
330,pointcloud_1727346203_391448319.csv,139,-39.609586,2.02076485,2.96457,2.7240479999999963,2.2019862999999997,1.824294,10.942692575828024
330,pointcloud_1727346203_391448319.csv,65,-25.5712625,2.0803519325,3.0433733500000004,6.718944999999998,2.321916785,1.9863325,30.988437985926772
330,pointcloud_1727346203_391448319.csv,92,-47.479288499999996,1.91844462,3.04506705,11.229931,1.9963049600000002,1.9829373000000001,44.45421604165953
330,pointcloud_1727346203_391448319.csv,122,-13.909919,1.9005183250000002,3.8744595,0.6601660000000003,1.85056335,0.2749075999999997,0.33584884310191
330,pointcloud_1727346203_391448319.csv,128,0.1810741425,1.76929475,2.46654005,0.333740235,1.1154933000000002,0.8325181000000001,0.3099339975974647
331,pointcloud_1727346203_40803634.csv,65,-25.911026999999997,2.0184555,3.05208205,7.116876000000001,2.2027674,1.9755125000000002,30.969758695720603
331,pointcloud_1727346203_40803634.csv,139,-40.400609,2.02946923,2.9673448000000002,2.6803219999999968,2.21977754,1.8077804,10.755784626427518
331,pointcloud_1727346203_40803634.csv,131,-14.429004500000001,2.8689736000000003,2.6331432,1.2987669999999998,0.22391959999999989,1.067492,0.31044736920959376
331,pointcloud_1727346203_40803634.csv,92,-48.1091,1.9173544500000002,3.0526788,10.887300000000003,2.0057895,1.9741291999999997,43.110307036150324
331,pointcloud_1727346203_40803634.csv,128,-1.65097235,1.7325034000000001,2.5094279999999998,0.4704513000000001,1.5570540000000002,0.8879356,0.6504288795172843
331,pointcloud_1727346203_40803634.csv,122,-14.3917745,1.92918183,3.65038545,1.0413350000000001,1.9745059400000002,0.7062951000000002,1.4522289946235183
332,pointcloud_1727346203_441129884.csv,65,-25.497169,2.067331516666667,3.03574695,6.718457999999998,2.3475160333333336,2.0006101,31.55299805532529
332,pointcloud_1727346203_441129884.csv,139,-39.4754885,2.00775885,2.95183135,2.8052709999999976,2.2361516999999997,1.8552399,11.637941256920431
332,pointcloud_1727346203_441129884.csv,92,-47.452021,1.9068253,3.0308087,11.477848000000002,2.0281333999999998,2.0103698000000003,46.79860827556316
332,pointcloud_1727346203_441129884.csv,122,-13.847513500000002,1.8571409,3.8804114,0.6196450000000002,1.8471978,0.2831091999999997,0.32404873833240405
332,pointcloud_1727346203_441129884.csv,141,0.40942,1.6034766500000002,2.4438829,0.28130720000000004,1.3856037,0.8054761999999998,0.3139587525886012
333,pointcloud_1727346203_491500261.csv,65,-25.215982500000003,2.0591478,3.0241505,7.132808999999998,2.3201088,2.023577,33.48795910784003
333,pointcloud_1727346203_491500261.csv,139,-39.4078065,2.00822205,2.94853875,2.733672999999996,2.2302979,1.8623953000000002,11.354847498115884
333,pointcloud_1727346203_491500261.csv,92,-47.3506985,1.906285025,3.02481,11.489070999999996,2.02378555,2.021358,46.99943548565772
333,pointcloud_1727346203_491500261.csv,141,0.707020765,1.62973465,2.5009845,0.3357448700000001,1.4050156999999999,0.9021410000000003,0.42556409929781197
333,pointcloud_1727346203_491500261.csv,122,-13.713034,1.8628825,3.8786058499999996,0.583088,1.9327414000000003,0.3035372999999999,0.34207388488925183
334,pointcloud_1727346203_540361604.csv,65,-25.666783000000002,2.04979525,3.0239546,6.070406000000002,2.3353259,2.0214428,28.656733913542567
334,pointcloud_1727346203_540361604.csv,139,-39.243801500000004,2.00376205,2.9457612500000003,2.7015769999999932,2.2460299,1.8682661,11.336307487002035
334,pointcloud_1727346203_540361604.csv,92,-47.1534345,1.9011388999999999,3.0255565,11.333603000000004,2.0406186,2.0184249999999997,46.6812474866562
334,pointcloud_1727346203_540361604.csv,122,-13.690326500000001,1.9345038,3.8709599499999996,0.729792999999999,1.803144,0.2929480999999998,0.3854968113282442
334,pointcloud_1727346203_540361604.csv,141,1.00612065,1.6011669499999999,2.4750462,0.3872833,1.4040141,0.8772316,0.47699574736664074
335,pointcloud_1727346203_591596320.csv,65,-25.7987365,2.1512922750000003,3.0245774,5.637107,2.5100787500000004,2.0198312000000005,28.57976818467136
335,pointcloud_1727346203_591596320.csv,92,-47.0252785,1.905537115,3.02607085,11.227063000000001,2.03554437,2.0168356999999997,46.09111912727648
335,pointcloud_1727346203_591596320.csv,139,-39.1155355,2.00693915,2.94696355,2.7680969999999974,2.2441511,1.8641601000000003,11.580214602450464
335,pointcloud_1727346203_591596320.csv,122,-13.646417750000001,1.90954295,3.8120394500000003,0.709697499999999,1.9320256999999998,0.3855191000000002,0.5286059824942824
335,pointcloud_1727346203_591596320.csv,141,1.29808235,1.6127746200000002,2.4675164,0.4216575,1.33004476,0.8558892,0.48000264699458167
335,pointcloud_1727346203_591596320.csv,142,-53.146595000000005,2.2963294999999997,3.76231025,0.7066799999999986,0.9878529999999999,0.3285985,0.2293932846680065
335,pointcloud_1727346203_591596320.csv,131,-13.624063,2.88201165,2.24624825,1.1230379999999993,0.1352872999999999,0.4188681000000001,0.0636397943909645
336,pointcloud_1727346203_642376708.csv,143,-21.7788775,2.148148125,3.0147214,13.532668999999999,2.52016895,2.0396079999999994,69.5600399298402
336,pointcloud_1727346203_642376708.csv,139,-38.822283999999996,2.00699365,2.938669,2.5106720000000067,2.2560960999999997,1.8885731999999997,10.69747786339026
336,pointcloud_1727346203_642376708.csv,144,-41.3348235,1.808569185,3.0397461999999997,0.1596529999999987,1.84654663,1.9876096000000003,0.5859606451901025
336,pointcloud_1727346203_642376708.csv,141,1.50660705,1.57570195,2.44442705,0.24036410000000008,1.3347486999999998,0.8309717000000001,0.2665970524049268
336,pointcloud_1727346203_642376708.csv,122,-13.598561499999999,1.9128083,3.8106646,0.8014010000000003,2.0224154,0.4203747999999998,0.6813290670630139
336,pointcloud_1727346203_642376708.csv,92,-48.43079,1.8613946000000001,3.07678235,6.598579999999998,1.9564508,1.9139473000000002,24.708671341111476
337,pointcloud_1727346203_691864429.csv,65,-24.828029,2.141112695,3.0168824,7.270292000000001,2.5268047099999995,2.0340662,37.36703294593975
337,pointcloud_1727346203_691864429.csv,139,-38.7343135,1.9993886,2.9400282,2.582152999999998,2.2541716000000003,1.8856419999999998,10.975597919018261
337,pointcloud_1727346203_691864429.csv,144,-41.2256625,1.81887475,3.0247365999999998,0.12002499999999827,1.8627960999999997,2.0112108,0.44967073803300206
337,pointcloud_1727346203_691864429.csv,145,-17.829628749999998,2.9038909,3.0171475,5.788869500000001,0.5262278,2.0329503999999994,6.1929037422753295
337,pointcloud_1727346203_691864429.csv,141,1.9873524,1.58111275,2.44918705,0.6707611999999998,1.2634843,0.8320145000000001,0.7051291647428571
337,pointcloud_1727346203_691864429.csv,92,-48.357209999999995,1.752244225,3.9679384000000004,7.2599599999999995,1.74448155,0.13167380000000017,1.6676310687549247
337,pointcloud_1727346203_691864429.csv,122,-13.528146750000001,1.90043162,3.82578015,0.9502524999999995,2.0323619600000002,0.40529869999999946,0.7827359650008082
337,pointcloud_1727346203_691864429.csv,131,-13.5262195,2.8677526999999996,2.4588010000000002,1.065455,0.11738939999999998,0.9019600000000003,0.11281095418072694
338,pointcloud_1727346203_740902640.csv,143,-21.61957725,2.1445640375,3.01312945,13.5335945,2.5198209249999994,2.0406651,69.59124000383255
338,pointcloud_1727346203_740902640.csv,139,-38.670835499999995,2.003296125,2.9369955,2.421642999999996,2.24979255,1.8888006,10.290552814162156
338,pointcloud_1727346203_740902640.csv,144,-41.113176499999994,1.81100248,3.01047155,0.1049989999999994,1.87357804,2.0230689,0.3979858433894637
338,pointcloud_1727346203_740902640.csv,92,-48.3106365,1.724661,3.9676429,6.705219,1.6789548,0.12845819999999986,1.4461515374731733
338,pointcloud_1727346203_740902640.csv,122,-13.44842825,1.89180203,3.8524330000000004,0.7087304999999997,1.99039594,0.3576970000000004,0.5045868146361377
338,pointcloud_1727346203_740902640.csv,141,2.3123493,1.4970360999999999,2.448122,0.6653214000000001,1.1835643999999998,0.8459148000000001,0.6661162213623928
338,pointcloud_1727346203_740902640.csv,131,-13.40588,2.85773955,2.2460136000000004,0.9949380000000012,0.1264331000000003,0.475152,0.05977084098324368
339,pointcloud_1727346203_790117003.csv,65,-25.6201075,2.054055075,3.0086197500000003,5.392254999999999,2.36284705,2.0465965,26.075837085430383
339,pointcloud_1727346203_790117003.csv,139,-38.692923,2.0020974,2.93127205,2.6984060000000056,2.2608572,1.8951931000000002,11.562024697939341
339,pointcloud_1727346203_790117003.csv,92,-47.04836,1.90189027,3.0084853000000003,12.185380000000002,2.04118346,2.0468388,50.910194774298006
339,pointcloud_1727346203_790117003.csv,122,-13.28024,1.842494865,3.8806627000000002,0.5777799999999989,1.6930382699999997,0.24767260000000002,0.24227424173132114
339,pointcloud_1727346203_790117003.csv,141,2.38617515,1.582125175,2.4632335,0.28089910000000007,1.26554105,0.873761,0.3106127229186122
339,pointcloud_1727346203_790117003.csv,131,-13.329446,2.86678555,2.2692974,1.068956,0.14216989999999985,0.43365719999999985,0.06590434507856786
340,pointcloud_1727346203_8216983.csv,65,-26.0144645,2.06783173,3.0603499,7.0671409999999995,2.2814869399999997,1.9613541999999997,31.62407075892685
340,pointcloud_1727346203_8216983.csv,144,-40.513292750000005,2.026407835,2.9709417499999997,2.660930499999999,2.21091293,1.7957635,10.56463047455751
340,pointcloud_1727346203_8216983.csv,92,-47.952881000000005,1.9184419000000001,3.05602875,10.363807999999999,2.004585,1.9687764999999997,40.90159572104757
340,pointcloud_1727346203_8216983.csv,122,-14.4930185,1.82001843,3.8639127,0.7004769999999994,1.7891643399999997,0.3153326000000001,0.39519640495082553
340,pointcloud_1727346203_8216983.csv,146,-1.81147005,1.69608412,2.5312865,0.5837478999999999,1.55776616,0.8766817999999996,0.7972042166113977
341,pointcloud_1727346203_841472725.csv,139,-38.549279999999996,1.9413153,2.92834805,2.7490199999999945,2.135329,1.9064950999999999,11.191244682926822
341,pointcloud_1727346203_841472725.csv,65,-25.2917195,2.136764433333333,3.0032410499999997,5.866115000000001,2.5253794666666667,2.0560378999999998,30.45848751384199
341,pointcloud_1727346203_841472725.csv,144,-42.2224785,1.8975932699999998,3.00173165,2.7571829999999977,2.04680206,2.0506959000000005,11.572913328122578
341,pointcloud_1727346203_841472725.csv,145,-19.4559675,3.1354082,3.0063321000000003,9.554713,0.2673323999999999,2.0387978,5.207669328851738
341,pointcloud_1727346203_841472725.csv,92,-48.2376065,1.7720176,3.9658763500000003,6.824167000000003,1.7667616000000002,0.12443210000000038,1.5002375395301164
341,pointcloud_1727346203_841472725.csv,141,2.7268734,1.54147818,2.42284845,0.33905019999999997,1.28771024,0.8968339000000001,0.3915562587327669
341,pointcloud_1727346203_841472725.csv,143,-21.8169095,2.8839566,4.02792185,0.6775009999999995,0.465554,0.005639699999999692,0.0017788363911342953
341,pointcloud_1727346203_841472725.csv,122,-13.267155500000001,1.901139415,3.8107255,0.676653,1.8931191699999999,0.3999229999999998,0.5122952704682419
342,pointcloud_1727346203_890099473.csv,65,-25.208312,2.1399265,3.00243305,5.850339999999999,2.5167452,2.0568891000000002,30.2852548171019
342,pointcloud_1727346203_890099473.csv,139,-38.3305215,2.0033263,2.9288118,2.498629000000001,2.2617748,1.9148163999999999,10.821271059115523
342,pointcloud_1727346203_890099473.csv,145,-17.903537,3.0805792,3.0024109,6.562562,0.17927099999999996,2.051425,2.4134544370186295
342,pointcloud_1727346203_890099473.csv,92,-48.072810000000004,1.78032245,3.96071245,7.429939999999995,1.7902776999999999,0.13962169999999974,1.857199808782487
342,pointcloud_1727346203_890099473.csv,144,-40.7844255,1.840009915,3.0164293,0.10596100000000064,1.9137167699999997,2.0208614000000003,0.40978894631103435
342,pointcloud_1727346203_890099473.csv,122,-13.2029555,1.90165055,3.8008726,0.7257770000000008,1.9774968999999998,0.45542479999999985,0.6536355864609148
342,pointcloud_1727346203_890099473.csv,141,2.94828985,1.551887025,2.40331405,0.1583557,1.2179231499999998,0.8648099,0.166791624463883
342,pointcloud_1727346203_890099473.csv,131,-12.096944,2.8159206,2.86695675,0.9834580000000006,0.2701258000000002,0.7806921,0.20739661710480953
343,pointcloud_1727346203_92129565.csv,65,-26.49389325,2.04936435,3.0507608999999998,5.781582499999999,2.2761093,1.9772141999999997,26.019177346738132
343,pointcloud_1727346203_92129565.csv,144,-40.289289499999995,2.0251069,2.9636035,2.6789290000000037,2.2253408,1.8125152,10.805363747511876
343,pointcloud_1727346203_92129565.csv,92,-47.949105,1.915626385,3.0496623000000005,10.845469999999999,2.00524683,1.9779734000000002,43.0166576066389
343,pointcloud_1727346203_92129565.csv,146,-1.4423713999999999,1.67359205,2.5153691499999997,0.30470660000000005,1.5235419000000001,0.8549237000000001,0.39688402682341484
343,pointcloud_1727346203_92129565.csv,122,-14.345934,1.943246,3.8672182499999996,0.7510760000000012,1.7265608000000001,0.3191161,0.41382285900508664
343,pointcloud_1727346203_92129565.csv,143,-22.881868,2.7672236,4.03351075,0.611696000000002,0.4905558000000001,0.011068499999999482,0.0033213360919182766
344,pointcloud_1727346203_941324995.csv,65,-25.12011125,2.1320058,2.9980506,5.867302499999997,2.5286596,2.0642688000000007,30.62633990341374
344,pointcloud_1727346203_941324995.csv,139,-38.259243999999995,2.0019542,2.9221722999999997,2.4792720000000017,2.2770707999999997,1.9124903999999998,10.796922242137551
344,pointcloud_1727346203_941324995.csv,145,-17.8432175,2.9098253,3.0059097,6.672450999999999,0.5411023999999998,2.0424686,7.3742904990405975
344,pointcloud_1727346203_941324995.csv,92,-47.8788205,1.793371935,3.959779,7.016208999999996,1.8537879299999998,0.1399560000000002,1.8203466094014567
344,pointcloud_1727346203_941324995.csv,122,-13.104082,1.8659483,3.91624045,0.5893739999999994,1.982126,0.21075390000000027,0.24620555729564664
344,pointcloud_1727346203_941324995.csv,144,-40.653336499999995,1.8395728,3.0045154500000004,0.13740700000000317,1.9507268,2.0492177000000003,0.5492795202419247
344,pointcloud_1727346203_941324995.csv,141,3.31039045,1.51131158,2.38422445,0.20811089999999988,1.23137484,0.8253316999999998,0.21150158638648567
345,pointcloud_1727346203_991530871.csv,65,-25.361510833333334,2.121922675,2.9910519,5.2007596666666664,2.4959491500000004,2.0756716000000006,26.94394364049388
345,pointcloud_1727346203_991530871.csv,139,-38.248688,2.00386775,2.9164715,2.7070439999999962,2.2790600999999997,1.9275684000000002,11.892164025803616
345,pointcloud_1727346203_991530871.csv,147,-46.1235195,1.89634608,2.99177515,11.273773000000006,2.06256864,2.0732156999999996,48.20834088272977
345,pointcloud_1727346203_991530871.csv,148,-52.300625,2.03127395,3.5025121500000003,0.7246900000000025,1.5432289000000001,0.8078217000000003,0.9034375376021918
345,pointcloud_1727346203_991530871.csv,122,-12.9700185,1.8224836999999998,3.9169644000000003,0.4514649999999989,1.5916366,0.19990520000000034,0.1436455232567696
346,pointcloud_1727346204_140664998.csv,65,-25.011114499999998,2.12653685,2.9893229000000003,5.411297000000001,2.5339293,2.0777488,28.48976745689212
346,pointcloud_1727346204_140664998.csv,139,-37.784916,1.8630752,2.91538905,2.4080280000000016,2.0085119000000002,1.9344273,9.355959955144623
346,pointcloud_1727346204_140664998.csv,144,-40.2180405,1.8455371999999999,2.99457475,0.15444899999999961,1.9560414,2.0655044999999994,0.6240067516674234
346,pointcloud_1727346204_140664998.csv,92,-47.604585,1.7333189,3.95617195,7.544470000000004,1.7359836,0.14366529999999988,1.881595380058623
346,pointcloud_1727346204_140664998.csv,145,-17.6621655,3.083353,2.9851141,7.032738999999999,0.1990339999999997,2.0342408,2.847437050977409
346,pointcloud_1727346204_140664998.csv,122,-12.810960000000001,1.6586064,3.92918345,0.31036600000000014,1.5788944000000003,0.1360197000000003,0.0666544326438998
346,pointcloud_1727346204_140664998.csv,148,-51.9600025,1.64239095,3.875643,0.7646549999999976,0.9699531000000001,0.05941339999999995,0.04406570007335645
346,pointcloud_1727346204_140664998.csv,131,-11.496068000000001,2.8779613,2.6653452,0.6814699999999991,0.435149,1.2160254000000004,0.36060137480160104
347,pointcloud_1727346204_207939108.csv,65,-25.023844,2.12510588,2.9850142,5.1984819999999985,2.5271430400000003,2.0846055999999997,27.386105002024742
347,pointcloud_1727346204_207939108.csv,139,-37.8048965,1.9136270499999999,2.9103322,2.6698670000000035,2.1078327,1.938036,10.90655528531908
347,pointcloud_1727346204_207939108.csv,145,-18.8408905,3.11567485,2.9862209,9.525463000000002,0.2839067000000002,2.0812521999999998,5.628419331920336
347,pointcloud_1727346204_207939108.csv,144,-41.610175999999996,1.89244987,2.9863718,3.1472479999999976,2.06331066,2.0814224,13.51623743446753
347,pointcloud_1727346204_207939108.csv,92,-47.4401785,1.75906168,3.95980315,7.195543000000001,1.7904374400000003,0.1350336999999997,1.7396620572396626
347,pointcloud_1727346204_207939108.csv,122,-12.6874255,1.87074235,3.9187112,0.3404349999999994,1.6430473,0.18095499999999998,0.10121732538482442
347,pointcloud_1727346204_207939108.csv,131,-11.4279615,2.849077,2.65973305,0.9161870000000008,0.4426226,1.2460045000000002,0.5052860646074697
347,pointcloud_1727346204_207939108.csv,148,-51.872183,1.64239095,3.86927985,0.7568940000000026,0.9699531000000001,0.04285909999999982,0.03146508033992268
348,pointcloud_1727346204_242825453.csv,65,-25.005335000000002,2.12524047,2.98385525,5.069858,2.51829986,2.0856608999999997,26.628514301684337
348,pointcloud_1727346204_242825453.csv,144,-42.562452,1.89718935,2.9904198500000003,5.238584000000003,2.0597205,2.0706463000000004,22.34231262063454
348,pointcloud_1727346204_242825453.csv,139,-37.656577,1.9476337000000001,2.91635915,2.697026000000001,2.1652526,1.9390321000000001,11.323448277186518
348,pointcloud_1727346204_242825453.csv,122,-12.712658000000001,1.96008585,3.6161866,0.7495619999999992,1.8734058999999998,0.7996767999999999,1.1229332501848153
348,pointcloud_1727346204_242825453.csv,92,-47.534504999999996,1.84350862,3.9569547,6.98471,1.9477527599999997,0.13944,1.897009831860976
348,pointcloud_1727346204_242825453.csv,145,-19.299716,3.1278551,2.97914745,10.55762,0.30607380000000006,2.0768357,6.711109461077086
348,pointcloud_1727346204_242825453.csv,131,-11.28855875,2.8748925,2.4319539,0.7026295000000005,0.4657309999999999,0.8620062000000002,0.2820797536561051
349,pointcloud_1727346204_290776421.csv,65,-24.827997,2.1229874,2.9847004,5.212153999999998,2.5208166,2.0842012,27.384078476735308
349,pointcloud_1727346204_290776421.csv,145,-17.441279,3.0759882000000003,2.9855456,6.937666000000002,0.20162699999999978,2.0648908000000006,2.8884121648023706
349,pointcloud_1727346204_290776421.csv,92,-47.4693795,1.737024325,3.94498615,7.393408999999998,1.74991515,0.1629643000000005,2.108405781505594
349,pointcloud_1727346204_290776421.csv,139,-37.401875000000004,1.872442,2.9142254,2.479850000000006,2.0195226,1.9496951999999999,9.764294110360666
349,pointcloud_1727346204_290776421.csv,149,-39.89349,1.8345153,2.9807496,0.10287999999999897,1.9398484,2.0755082,0.41421249932723964
349,pointcloud_1727346204_290776421.csv,122,-12.635875500000001,1.90737508,3.6506574,0.6587030000000009,1.9395880400000003,0.7222971999999999,0.9228159030574755
349,pointcloud_1727346204_290776421.csv,131,-11.45587925,2.8682996,2.62783815,1.0525894999999998,0.47834280000000007,1.2998553000000002,0.654475335036104
350,pointcloud_1727346204_339320506.csv,65,-24.740086,2.123180725,2.9803429,5.221176,2.51863975,2.0937710000000003,27.533635993870412
350,pointcloud_1727346204_339320506.csv,139,-37.343255,1.86998508,2.9121072,2.4878499999999946,2.02090784,1.9576764000000002,9.842640116800363
350,pointcloud_1727346204_339320506.csv,92,-47.25101,1.7534983,3.9623720999999996,6.815179999999998,1.7783904000000001,0.12781379999999976,1.549109734405029
350,pointcloud_1727346204_339320506.csv,149,-39.795320000000004,1.8558242699999998,2.98759485,0.14623999999999882,1.98935946,2.0665592999999998,0.6012115478238133
350,pointcloud_1727346204_339320506.csv,145,-17.256301,3.06262805,2.9791818,6.906320000000001,0.22211890000000034,2.0864878000000004,3.200722781226
350,pointcloud_1727346204_339320506.csv,122,-12.374157499999999,1.716198215,3.9269981499999997,0.341959000000001,1.62501957,0.19835769999999986,0.11022540363026613
350,pointcloud_1727346204_339320506.csv,148,-51.359671,1.7763974999999999,3.8669696,0.98827,1.4537082000000001,0.03725519999999971,0.053522914167075726
350,pointcloud_1727346204_339320506.csv,131,-11.3257265,2.8878312,2.6013639,1.029523000000001,0.42490380000000005,1.0731254000000003,0.4694368120428358
351,pointcloud_1727346204_390316939.csv,150,-20.495417500000002,2.120143325,2.9800917,13.533117,2.51535785,2.0924466000000006,71.22820485956875
351,pointcloud_1727346204_390316939.csv,149,-39.667735,1.8142641849999999,2.9771120499999997,0.11692999999999643,1.90880323,2.0747847,0.4630843963174078
351,pointcloud_1727346204_390316939.csv,151,-48.6035955,2.84254,2.64565325,6.022078999999998,0.08324800000000021,1.4110040999999998,0.7073730874240471
351,pointcloud_1727346204_390316939.csv,139,-37.236898999999994,2.0099441,2.91061545,2.4077119999999965,2.297951,1.9587879,10.837589916330971
351,pointcloud_1727346204_390316939.csv,92,-47.2898555,1.75342585,3.9464669,7.539383000000001,1.7716822999999997,0.15945719999999985,2.129932234183811
351,pointcloud_1727346204_390316939.csv,122,-12.415338,1.85080005,3.86544125,0.5896739999999987,1.9565848999999997,0.3125295000000001,0.3605800493945193
351,pointcloud_1727346204_390316939.csv,148,-51.4628375,1.7540284,3.8755386,0.8196410000000043,1.3651692,0.042290200000000056,0.04732056212452695
351,pointcloud_1727346204_390316939.csv,131,-11.072303999999999,2.8651212,2.78708075,0.7602920000000015,0.4355351999999999,1.0268945,0.34003960971248404
352,pointcloud_1727346204_40587631.csv,65,-25.1583935,2.132874015,2.9939868499999998,5.445183,2.51842357,2.0686993,28.368646965370793
352,pointcloud_1727346204_40587631.csv,139,-37.978868500000004,1.8901765199999998,2.91901325,2.3084909999999965,2.06303356,1.9231266999999999,9.158880150698378
352,pointcloud_1727346204_40587631.csv,92,-47.803047500000005,1.8518419000000002,3.7903547,7.181075,1.984869,0.47493459999999965,6.769477069780837
352,pointcloud_1727346204_40587631.csv,149,-40.4334225,1.8618153499999999,3.0031350999999997,0.10856499999999869,1.9994557,2.0487949999999997,0.4447337911002946
352,pointcloud_1727346204_40587631.csv,145,-18.6898445,3.11245465,2.99815405,8.662391,0.25567569999999984,2.0595739,4.561467827689044
352,pointcloud_1727346204_40587631.csv,122,-12.965709499999999,1.94514335,3.81199285,0.712707,1.8971393,0.3897777000000002,0.5270201662219347
352,pointcloud_1727346204_40587631.csv,131,-11.902224499999999,2.8843007,2.63068825,0.9382530000000013,0.4768585999999999,1.2871915000000003,0.5759075132605084
352,pointcloud_1727346204_40587631.csv,152,3.9071617,1.56217468,2.4294648,0.2519798,1.14212824,0.9342279999999998,0.2688645081472131
353,pointcloud_1727346204_441014434.csv,150,-20.4258165,2.110912065,2.97572795,13.486239,2.50192067,2.1011540999999996,70.89609130606858
353,pointcloud_1727346204_441014434.csv,139,-37.096646500000006,2.00755503,2.90853215,2.5562690000000075,2.30321554,1.9600467,11.540046383749003
353,pointcloud_1727346204_441014434.csv,149,-39.5480075,1.8612671299999999,2.9748894000000004,0.12166500000000013,2.0022283400000003,2.0985672,0.5112133013989898
353,pointcloud_1727346204_441014434.csv,92,-47.096875999999995,1.7940328,3.9530223500000004,7.180782000000001,1.8712058000000003,0.14532730000000038,1.9527223731650536
353,pointcloud_1727346204_441014434.csv,148,-51.2797025,1.68988695,3.87104655,0.8697149999999993,1.6111195,0.04871369999999997,0.06825835720510408
353,pointcloud_1727346204_441014434.csv,131,-11.157445,2.8732982,2.653959,1.045361999999999,0.4672183999999997,1.2739919999999998,0.6222334406925696
354,pointcloud_1727346204_490484236.csv,65,-24.365567,2.117762175,2.97904155,5.438165999999999,2.51309035,2.0905389,28.57056414934828
354,pointcloud_1727346204_490484236.csv,139,-36.9911135,1.8796648500000002,2.9096038,2.404796999999995,2.0545963,1.9575076,9.671823889359349
354,pointcloud_1727346204_490484236.csv,149,-39.4448205,1.8606786849999999,2.98342545,0.11927099999999768,1.9813266299999999,2.0686270999999996,0.48884721696695005
354,pointcloud_1727346204_490484236.csv,122,-12.221201,1.8429800299999999,3.82963395,0.4968760000000003,1.88569714,0.36399690000000007,0.3410496808082876
354,pointcloud_1727346204_490484236.csv,145,-17.983636,3.0833794,2.97933985,8.864613999999998,0.26797840000000006,2.0898174999999997,4.964413876219151
354,pointcloud_1727346204_490484236.csv,92,-47.5460455,1.7274872,3.9290907500000003,8.060879,1.7330744,0.18601849999999986,2.598697611676125
354,pointcloud_1727346204_490484236.csv,131,-11.086877,2.8515584499999997,2.65098765,1.07395,0.5157475000000002,1.3148240999999998,0.7282640125987159
355,pointcloud_1727346204_539991675.csv,139,-36.9023785,1.8759856,2.90298775,2.4533369999999977,2.0485644,1.9641919,9.871672655222373
355,pointcloud_1727346204_539991675.csv,149,-39.350445,1.824895625,2.9849676499999998,0.1538500000000056,1.94000675,2.0774887,0.6200681322463689
355,pointcloud_1727346204_539991675.csv,150,-20.21617775,2.04738223,2.9740355000000003,13.540494500000001,2.38857054,2.0999322,67.91690232893686
355,pointcloud_1727346204_539991675.csv,92,-47.32703,1.8399489,3.83644815,8.296660000000003,1.9699722,0.37479970000000007,6.125797341152066
355,pointcloud_1727346204_539991675.csv,122,-12.0659505,1.81009715,3.9224467499999998,0.46155100000000004,1.8892596999999998,0.18834589999999984,0.16423568555194604
355,pointcloud_1727346204_539991675.csv,131,-11.09173,2.84489255,2.66974145,1.3008799999999994,0.48697310000000016,1.2688069,0.8037810080625739
356,pointcloud_1727346204_590841179.csv,65,-24.4016105,2.1121884499999997,2.9706056,5.008879,2.5179778999999995,2.1046262000000002,26.544064689465767
356,pointcloud_1727346204_590841179.csv,139,-36.811141500000005,1.85772775,2.9022963,2.5122969999999967,2.0207528999999997,1.9610458000000002,9.955702884634883
356,pointcloud_1727346204_590841179.csv,149,-39.21397,1.827629435,2.9918711,0.14450799999999475,1.95533773,2.0521911999999998,0.5798711363411987
356,pointcloud_1727346204_590841179.csv,145,-16.765600499999998,2.72060675,2.9760003,6.873450999999999,0.8809814999999999,2.0891742000000004,12.650750294383519
356,pointcloud_1727346204_590841179.csv,92,-47.2511655,1.771159785,3.93624115,8.342945,1.82672003,0.17335309999999993,2.6419402034950203
356,pointcloud_1727346204_590841179.csv,131,-10.907733,2.8511668500000003,2.6660922,1.1812959999999997,0.4605773000000002,1.2934175999999997,0.703720219003597
356,pointcloud_1727346204_590841179.csv,122,-12.039711,1.859421825,3.8893623,0.5875439999999994,1.9117557500000002,0.26291859999999945,0.29532085137291436
357,pointcloud_1727346204_640440870.csv,65,-24.092922,2.1119843,2.9726572,5.449284000000002,2.5200482000000006,2.1004066000000003,28.843746122085715
357,pointcloud_1727346204_640440870.csv,139,-36.6996515,1.9023174,2.90117865,2.577167000000003,2.116266,1.9716487,10.75331463171158
357,pointcloud_1727346204_640440870.csv,153,-45.1478975,1.88390495,2.9746070500000004,12.215389000000002,2.0698505,2.0957919000000005,52.99006323906508
357,pointcloud_1727346204_640440870.csv,131,-10.825344999999999,2.84367295,2.69691825,1.0851419999999994,0.45465389999999983,1.2205673,0.6021840170928627
357,pointcloud_1727346204_640440870.csv,150,-19.4796945,3.1251903,2.96860955,12.465725,0.3448465999999999,2.1064877000000006,9.055291137803145
357,pointcloud_1727346204_640440870.csv,122,-11.8582745,1.6536982999999998,3.92256915,0.301285,1.6016538,0.1628577,0.07858767774475058
358,pointcloud_1727346204_690040155.csv,65,-23.917856,2.1140923,2.96845335,5.6215399999999995,2.5124682,2.1079253,29.772211484084785
358,pointcloud_1727346204_690040155.csv,139,-36.59758,2.002117975,2.90101145,2.490943999999999,2.3123552500000004,1.9763058999999998,11.383418101172081
358,pointcloud_1727346204_690040155.csv,92,-46.991169,1.78153263,3.9310567499999998,8.253150000000005,1.8703615400000002,0.18260910000000008,2.8188224261937247
358,pointcloud_1727346204_690040155.csv,149,-39.0058925,1.8254176000000002,2.98162605,0.1494950000000017,1.9542848000000002,2.0726539000000006,0.6055378710783376
358,pointcloud_1727346204_690040155.csv,145,-16.5153975,2.8858378499999997,2.98250055,6.7218610000000005,0.5096602999999997,2.0756655,7.110951228292205
358,pointcloud_1727346204_690040155.csv,131,-10.677098,2.8304369,2.6766553,1.0627839999999988,0.4432581999999998,1.2486506,0.5882239677628139
358,pointcloud_1727346204_690040155.csv,122,-11.888684,2.32418335,3.8592145,0.5681860000000007,1.0277907000000002,0.3033050000000004,0.17712292762850548
359,pointcloud_1727346204_739431244.csv,65,-24.013552,2.1070832,2.9655723500000004,5.242474000000001,2.5139964,2.1123113000000004,27.839335128919245
359,pointcloud_1727346204_739431244.csv,145,-16.112117,3.0364582,2.9818685,6.028926,0.19656239999999991,2.0757259999999995,2.4598601939425295
359,pointcloud_1727346204_739431244.csv,149,-38.8967735,1.812351,2.97089365,0.1292669999999987,1.9287076,2.0745959000000003,0.5172346095551473
359,pointcloud_1727346204_739431244.csv,139,-36.4658505,2.0046866,2.8956509,2.464531000000001,2.3124986,1.974473,11.252964870829558
359,pointcloud_1727346204_739431244.csv,92,-46.8129715,1.77642222,3.9331686,8.520443,1.81848756,0.17496920000000005,2.711028705164373
359,pointcloud_1727346204_739431244.csv,154,-36.5919835,2.5038495000000003,2.1042965999999996,0.503107,0.5734081999999998,0.3857409999999999,0.11128075441014347
359,pointcloud_1727346204_739431244.csv,131,-10.59327,2.83275745,2.67516995,1.1050280000000008,0.5009164999999998,1.2745685,0.7055077698604033
360,pointcloud_1727346204_790001527.csv,139,-36.310962,1.8816940500000001,2.89456275,2.4873559999999983,2.0763892999999998,1.9790565000000002,10.221271466969265
360,pointcloud_1727346204_790001527.csv,150,-19.7544745,2.1090889975,2.96290135,13.576675000000002,2.513613905,2.1171813000000004,72.25202799568693
360,pointcloud_1727346204_790001527.csv,149,-38.7769075,1.841712875,2.97014665,0.13375499999999363,1.99306515,2.0928687000000004,0.5579220219133849
360,pointcloud_1727346204_790001527.csv,92,-46.74784,1.8627301299999999,3.05873945,8.35434,2.04246494,1.9247317000000002,32.842556479957715
360,pointcloud_1727346204_790001527.csv,122,-11.662426,1.8050183199999998,3.9294409999999997,0.3928839999999987,1.8460147599999999,0.17682079999999978,0.12824276202170323
360,pointcloud_1727346204_790001527.csv,131,-10.545995,2.82425905,2.6554742,0.9815919999999991,0.5285724999999997,1.2594214,0.6534413948570478
361,pointcloud_1727346204_841877402.csv,150,-19.6554805,2.024227515,2.96830465,13.579152999999998,2.36847857,2.1069307000000004,67.76296375463379
361,pointcloud_1727346204_841877402.csv,139,-36.249311500000005,1.8828159500000001,2.9000008,2.563556999999996,2.0838673,1.9825329999999999,10.590914527118358
361,pointcloud_1727346204_841877402.csv,149,-38.675886,1.8596611,2.9647050000000004,0.12943599999999833,2.0307722,2.1061926000000004,0.5536233200680585
361,pointcloud_1727346204_841877402.csv,92,-46.67806,1.77877737,3.93299955,8.209400000000002,1.87934066,0.1776608999999998,2.740998417428773
361,pointcloud_1727346204_841877402.csv,122,-11.496131,1.70072505,3.9164438500000003,0.353784000000001,1.6991391,0.2046136999999999,0.12299907077342527
361,pointcloud_1727346204_841877402.csv,131,-10.4459965,2.8260199999999998,2.7133098,0.987089000000001,0.49339540000000026,1.1910162000000004,0.580054869648592
362,pointcloud_1727346204_891963987.csv,139,-36.0937565,2.00526525,2.89662535,2.5941329999999994,2.3167491,1.9846693,11.927773764449737
362,pointcloud_1727346204_891963987.csv,65,-23.643341,2.10593855,2.9625668,5.4324259999999995,2.5158717,2.1169804,28.93337835244849
362,pointcloud_1727346204_891963987.csv,149,-38.590419999999995,1.8163216000000002,2.95768875,0.17848000000000042,1.9401636000000002,2.1052979,0.7290233975164017
362,pointcloud_1727346204_891963987.csv,92,-46.663593500000005,1.7923119,3.9347701,8.143273,1.8522716,0.1723889999999999,2.6002386713760286
362,pointcloud_1727346204_891963987.csv,145,-14.785536500000001,3.0015359,3.076277,4.054483000000001,0.1396221999999998,1.8433986,1.043540272142909
362,pointcloud_1727346204_891963987.csv,131,-10.3220575,2.8305622,2.7132284,0.946587000000001,0.4584882000000001,1.2449108,0.5402900046597799
363,pointcloud_1727346204_91875055.csv,65,-24.975713499999998,2.1268736,2.99575795,5.652317,2.5253880000000004,2.0648491,29.474262136158973
363,pointcloud_1727346204_91875055.csv,155,-40.334821500000004,1.84935318,2.9941801000000003,0.11304899999999662,1.9662792399999998,2.0677498,0.4596316289954629
363,pointcloud_1727346204_91875055.csv,149,-37.910504,1.887943675,2.9159618,2.438431999999999,2.06174265,1.9233304,9.669388283849548
363,pointcloud_1727346204_91875055.csv,150,-18.8181085,2.9079251499999996,2.9923973,9.028171,0.6950430999999999,2.0716647999999998,12.99963024214053
363,pointcloud_1727346204_91875055.csv,92,-47.8233735,1.8562709650000002,3.7668622999999997,7.247966999999996,1.9872940700000001,0.5216653999999994,7.513985914299043
363,pointcloud_1727346204_91875055.csv,156,4.2238502,1.5254900500000002,2.36198615,0.1889763999999996,1.1678429000000001,0.7732962999999999,0.17066243129038186
363,pointcloud_1727346204_91875055.csv,122,-12.9237445,1.8807197,3.7969393499999997,0.6158409999999996,1.9929685999999998,0.4589633000000002,0.563309421186839
363,pointcloud_1727346204_91875055.csv,157,-51.994384499999995,1.7554456,3.8844358999999997,0.8671569999999988,1.2420638,0.0721143999999998,0.07767184709844462
364,pointcloud_1727346204_941628634.csv,65,-23.779977000000002,2.100044775,2.9630278,5.001054,2.51197875,2.1157024,26.57859893846151
364,pointcloud_1727346204_941628634.csv,139,-35.974537,1.891544,2.89657925,2.448342000000004,2.0985544,1.9888324999999998,10.218579374502896
364,pointcloud_1727346204_941628634.csv,149,-38.455428999999995,1.863853685,2.9569959999999997,0.14370799999999662,2.03736303,2.103426,0.6158523519269855
364,pointcloud_1727346204_941628634.csv,92,-46.46904,1.865494,3.6193473000000003,8.340720000000005,2.0415615999999996,0.8029666,13.672990477358137
364,pointcloud_1727346204_941628634.csv,150,-17.373252,3.0806505499999997,2.9603714,9.274130000000001,0.28940350000000015,2.1101292000000003,5.663514356236099
364,pointcloud_1727346204_941628634.csv,131,-10.2369615,2.81589155,2.6860773499999997,1.0864150000000006,0.45395470000000016,1.2689137000000001,0.625806913253472
364,pointcloud_1727346204_941628634.csv,122,-11.299102,1.687982665,3.9265256500000003,0.2722300000000004,1.4462792700000002,0.16239470000000056,0.0639381396419393
365,pointcloud_1727346204_989042406.csv,65,-23.473499500000003,2.10177955,2.9614686,5.419521,2.5063569,2.1176487999999996,28.7645612219959
365,pointcloud_1727346204_989042406.csv,139,-35.982380750000004,2.005704885,2.89846565,2.6391285000000053,2.3175678299999998,1.9814625,12.119336610947707
365,pointcloud_1727346204_989042406.csv,158,-44.377649,1.89186835,2.96138695,12.190089999999998,2.0935459,2.1176629,54.04384344228533
365,pointcloud_1727346204_989042406.csv,131,-10.1421825,2.83118775,2.57792375,1.0085890000000006,0.4763135000000003,1.0879707,0.5226660817833227
365,pointcloud_1727346204_989042406.csv,122,-11.21052825,1.61579325,3.9164517500000002,0.3799454999999998,1.5229445,0.17871250000000005,0.10340946998094187
365,pointcloud_1727346204_989042406.csv,150,-16.791972,3.05885045,2.9643401999999996,8.402635999999998,0.26402210000000004,2.1032895999999996,4.6661092818155385
366,pointcloud_1727346205_141057327.csv,159,-19.128407499999998,2.0891360199999998,2.9592988499999997,13.542715,2.4924471599999998,2.1175037,71.47528190353611
366,pointcloud_1727346205_141057327.csv,139,-35.605051,2.0093112,2.8999827,2.6088300000000046,2.3218584,1.9814399999999999,12.002243583094108
366,pointcloud_1727346205_141057327.csv,92,-46.236072,1.7984749,3.9288132000000004,7.814003999999997,1.8824956000000002,0.17732560000000008,2.6084291023087984
366,pointcloud_1727346205_141057327.csv,149,-38.02590575000001,1.853831345,2.95165135,0.12206350000000299,2.0043274099999997,2.0895753,0.5112255022426018
366,pointcloud_1727346205_141057327.csv,131,-9.871236,2.82610035,2.6067337999999998,0.9995560000000001,0.44686230000000027,1.1450099999999996,0.5114346242828576
366,pointcloud_1727346205_141057327.csv,122,-10.9141655,1.7270077499999998,3.9116039000000002,0.3091729999999995,1.4014261,0.17761520000000042,0.07695766652617388
367,pointcloud_1727346205_40307462.csv,65,-23.471367,2.097405415,2.9631114000000003,5.2248920000000005,2.50504777,2.1120902,27.644312352213447
367,pointcloud_1727346205_40307462.csv,149,-38.245022500000005,1.8196272750000002,2.9628818,0.13550500000000198,1.9444546500000002,2.1099429999999995,0.5559348021551567
367,pointcloud_1727346205_40307462.csv,139,-35.8100985,2.0063139,2.89671995,2.372197,2.3159034,1.9873608999999999,10.918121772144977
367,pointcloud_1727346205_40307462.csv,150,-16.7527105,3.05451935,2.9665537000000004,8.461189000000001,0.2618546999999998,2.0768986000000003,4.601580914680272
367,pointcloud_1727346205_40307462.csv,92,-46.3299435,1.8627069,3.45908045,8.101847,2.0121126,1.1201977000000003,18.26127071528987
367,pointcloud_1727346205_40307462.csv,131,-10.034355999999999,2.8410227,2.6813493,1.0361199999999986,0.46447340000000015,1.0170746,0.4894673335179044
368,pointcloud_1727346205_91335507.csv,65,-23.380927999999997,2.093535615,2.95984045,5.266808000000001,2.5040005699999996,2.1182091000000005,27.93513274545058
368,pointcloud_1727346205_91335507.csv,139,-35.675419000000005,2.0045520750000003,2.89284565,2.4288019999999975,2.3134068500000002,1.9910679,11.187426620538346
368,pointcloud_1727346205_91335507.csv,149,-38.1405115,1.80378545,2.9538574250000003,0.1206370000000021,1.9145900999999999,2.0878048500000004,0.48222113363134395
368,pointcloud_1727346205_91335507.csv,158,-45.051017,1.8901712000000002,2.9905467,10.445326000000001,2.0827316,2.0564831999999997,44.73840237927259
368,pointcloud_1727346205_91335507.csv,150,-16.5128215,3.0539441,2.9626330999999997,8.155167,0.25069719999999984,2.1090126,4.311828876316837
368,pointcloud_1727346205_91335507.csv,122,-11.022443500000001,1.5601324,3.9248685500000002,0.20781700000000036,1.3936608000000001,0.14418029999999993,0.041758422173285646
368,pointcloud_1727346205_91335507.csv,131,-9.992918,2.8348286,2.6027572,0.9807900000000007,0.45995240000000015,1.0686068,0.482066388597224
